#
# There is insufficient memory for the Java Runtime Environment to continue.
# Native memory allocation (malloc) failed to allocate 1181776 bytes for Chunk::new
# Possible reasons:
#   The system is out of physical RAM or swap space
#   The process is running with CompressedOops enabled, and the Java Heap may be blocking the growth of the native heap
# Possible solutions:
#   Reduce memory load on the system
#   Increase physical memory or swap space
#   Check if swap backing store is full
#   Decrease Java heap size (-Xmx/-Xms)
#   Decrease number of Java threads
#   Decrease Java thread stack sizes (-Xss)
#   Set larger code cache with -XX:ReservedCodeCacheSize=
#   JVM is running with Unscaled Compressed Oops mode in which the Java heap is
#     placed in the first 4GB address space. The Java Heap base address is the
#     maximum limit for the native heap growth. Please use -XX:HeapBaseMinAddress
#     to set the Java Heap base and to place the Java Heap above 4GB virtual address.
# This output file may be truncated or incomplete.
#
#  Out of Memory Error (arena.cpp:189), pid=16476, tid=22364
#
# JRE version: OpenJDK Runtime Environment JBR-17.0.8+7-1000.8-nomod (17.0.8+7) (build 17.0.8+7-b1000.8)
# Java VM: OpenJDK 64-Bit Server VM JBR-17.0.8+7-1000.8-nomod (17.0.8+7-b1000.8, mixed mode, tiered, compressed oops, compressed class ptrs, g1 gc, windows-amd64)
# No core dump will be written. Minidumps are not enabled by default on client versions of Windows
#

---------------  S U M M A R Y ------------

Command Line: --add-opens=java.base/java.util=ALL-UNNAMED --add-opens=java.base/java.lang=ALL-UNNAMED --add-opens=java.base/java.lang.invoke=ALL-UNNAMED --add-opens=java.prefs/java.util.prefs=ALL-UNNAMED --add-opens=java.base/java.nio.charset=ALL-UNNAMED --add-opens=java.base/java.net=ALL-UNNAMED --add-opens=java.base/java.util.concurrent.atomic=ALL-UNNAMED -XX:MaxMetaspaceSize=384m -XX:+HeapDumpOnOutOfMemoryError -Xms256m -Xmx512m -Dfile.encoding=windows-1251 -Duser.country=RU -Duser.language=ru -Duser.variant -javaagent:C:\Users\mihai\.gradle\wrapper\dists\gradle-8.2-bin\bbg7u40eoinfdyxsxr3z4i7ta\gradle-8.2\lib\agents\gradle-instrumentation-agent-8.2.jar org.gradle.launcher.daemon.bootstrap.GradleDaemon 8.2

Host: AMD Ryzen 7 3700U with Radeon Vega Mobile Gfx  , 8 cores, 14G,  Windows 11 , 64 bit Build 22621 (10.0.22621.3374)
Time: Fri Apr 12 15:32:50 2024 RTZ 2 (s 11 , 64 bit Build 22621 (10.0.22621.3374) elapsed time: 8746.019723 seconds (0d 2h 25m 46s)

---------------  T H R E A D  ---------------

Current thread (0x00000202334447f0):  JavaThread "C2 CompilerThread0" daemon [_thread_in_native, id=22364, stack(0x00000088aa700000,0x00000088aa800000)]


Current CompileTask:
C2:8746019 24400       4       org.gradle.internal.instantiation.generator.DependencyInjectingInstantiator::addServicesToParameters (349 bytes)

Stack: [0x00000088aa700000,0x00000088aa800000]
Native frames: (J=compiled Java code, j=interpreted, Vv=VM code, C=native code)
V  [jvm.dll+0x6852da]
V  [jvm.dll+0x844c84]
V  [jvm.dll+0x84659e]
V  [jvm.dll+0x846c03]
V  [jvm.dll+0x24b7cf]
V  [jvm.dll+0xac3bc]
V  [jvm.dll+0xac98c]
V  [jvm.dll+0x36af42]
V  [jvm.dll+0x3352b1]
V  [jvm.dll+0x33475a]
V  [jvm.dll+0x21d7f1]
V  [jvm.dll+0x21cc11]
V  [jvm.dll+0x1a660d]
V  [jvm.dll+0x22c9c8]
V  [jvm.dll+0x22a990]
V  [jvm.dll+0x7f9d3c]
V  [jvm.dll+0x7f415a]  Thread::call_run+0x8a  (thread.cpp:404)
V  [jvm.dll+0x684115]  thread_native_entry+0x75  (os_windows.cpp:549)
C  [ucrtbase.dll+0x29333]
C  [KERNEL32.DLL+0x1257d]
C  [ntdll.dll+0x5aa48]


---------------  P R O C E S S  ---------------

Threads class SMR info:
_java_thread_list=0x000002023b0d68a0, length=68, elements={
0x000002021ca3cbe0, 0x0000020233413020, 0x0000020233414eb0, 0x00000202332a8a60,
0x000002023342e5d0, 0x000002023342f490, 0x000002023342fe50, 0x00000202334447f0,
0x00000202334452a0, 0x00000202334c0750, 0x000002023352c980, 0x00000202336ce830,
0x000002023987d420, 0x00000202398d8010, 0x000002023973a3e0, 0x0000020239920f60,
0x00000202393da3f0, 0x00000202393e0930, 0x00000202393dead0, 0x00000202393e1350,
0x00000202393dbd40, 0x00000202393dfa00, 0x00000202393dff10, 0x00000202393dc250,
0x00000202393ddba0, 0x00000202393e1860, 0x00000202393dae10, 0x000002023b880550,
0x000002023b886a90, 0x000002023b885650, 0x000002023b880a60, 0x000002023b0b1e10,
0x000002023dde1760, 0x000002023c2a0b60, 0x000002023dde0d40, 0x000002023ce12540,
0x000002023ce0fcc0, 0x000002023b667470, 0x000002023b667e90, 0x000002023b6683a0,
0x000002023b667980, 0x000002023b666540, 0x000002023b6688b0, 0x000002023b668dc0,
0x000002023b0b1900, 0x000002023b0b0ee0, 0x000002023b0b09d0, 0x000002023b0b2320,
0x000002023b0b2830, 0x000002023b0af590, 0x000002023b0afaa0, 0x000002023b0affb0,
0x000002023b0b04c0, 0x000002023dfe8000, 0x000002023dddfe10, 0x000002023dde0320,
0x0000020243256db0, 0x0000020243255460, 0x0000020243256390, 0x00000202432572c0,
0x0000020243255e80, 0x0000020243255970, 0x000002023cea68d0, 0x000002023c2a1580,
0x000002023c2a0650, 0x000002023dfe8aa0, 0x000002023de4a880, 0x000002023de4ad90
}

Java Threads: ( => current thread )
  0x000002021ca3cbe0 JavaThread "main" [_thread_blocked, id=10132, stack(0x00000088a9a00000,0x00000088a9b00000)]
  0x0000020233413020 JavaThread "Reference Handler" daemon [_thread_blocked, id=6140, stack(0x00000088aa100000,0x00000088aa200000)]
  0x0000020233414eb0 JavaThread "Finalizer" daemon [_thread_blocked, id=13228, stack(0x00000088aa200000,0x00000088aa300000)]
  0x00000202332a8a60 JavaThread "Signal Dispatcher" daemon [_thread_blocked, id=7376, stack(0x00000088aa300000,0x00000088aa400000)]
  0x000002023342e5d0 JavaThread "Attach Listener" daemon [_thread_blocked, id=19800, stack(0x00000088aa400000,0x00000088aa500000)]
  0x000002023342f490 JavaThread "Service Thread" daemon [_thread_blocked, id=24540, stack(0x00000088aa500000,0x00000088aa600000)]
  0x000002023342fe50 JavaThread "Monitor Deflation Thread" daemon [_thread_blocked, id=11616, stack(0x00000088aa600000,0x00000088aa700000)]
=>0x00000202334447f0 JavaThread "C2 CompilerThread0" daemon [_thread_in_native, id=22364, stack(0x00000088aa700000,0x00000088aa800000)]
  0x00000202334452a0 JavaThread "C1 CompilerThread0" daemon [_thread_blocked, id=2716, stack(0x00000088aa800000,0x00000088aa900000)]
  0x00000202334c0750 JavaThread "Sweeper thread" daemon [_thread_blocked, id=3212, stack(0x00000088aa900000,0x00000088aaa00000)]
  0x000002023352c980 JavaThread "Common-Cleaner" daemon [_thread_blocked, id=6908, stack(0x00000088aaa00000,0x00000088aab00000)]
  0x00000202336ce830 JavaThread "Notification Thread" daemon [_thread_blocked, id=22220, stack(0x00000088aab00000,0x00000088aac00000)]
  0x000002023987d420 JavaThread "Daemon health stats" [_thread_blocked, id=15640, stack(0x00000088ab200000,0x00000088ab300000)]
  0x00000202398d8010 JavaThread "Incoming local TCP Connector on port 59879" [_thread_in_native, id=6244, stack(0x00000088ab300000,0x00000088ab400000)]
  0x000002023973a3e0 JavaThread "Daemon periodic checks" [_thread_blocked, id=4076, stack(0x00000088ab400000,0x00000088ab500000)]
  0x0000020239920f60 JavaThread "Cache worker for journal cache (C:\Users\mihai\.gradle\caches\journal-1)" [_thread_blocked, id=11744, stack(0x00000088abf00000,0x00000088ac000000)]
  0x00000202393da3f0 JavaThread "File lock request listener" [_thread_in_native, id=18076, stack(0x00000088ac000000,0x00000088ac100000)]
  0x00000202393e0930 JavaThread "Cache worker for file hash cache (C:\Users\mihai\.gradle\caches\8.2\fileHashes)" [_thread_blocked, id=9888, stack(0x00000088ac200000,0x00000088ac300000)]
  0x00000202393dead0 JavaThread "File watcher server" daemon [_thread_in_native, id=5588, stack(0x00000088ac300000,0x00000088ac400000)]
  0x00000202393e1350 JavaThread "File watcher consumer" daemon [_thread_blocked, id=6652, stack(0x00000088ac400000,0x00000088ac500000)]
  0x00000202393dbd40 JavaThread "Cache worker for file content cache (C:\Users\mihai\.gradle\caches\8.2\fileContent)" [_thread_blocked, id=14840, stack(0x00000088ac700000,0x00000088ac800000)]
  0x00000202393dfa00 JavaThread "Cache worker for execution history cache (C:\Users\mihai\.gradle\caches\8.2\executionHistory)" [_thread_blocked, id=22156, stack(0x00000088aca00000,0x00000088acb00000)]
  0x00000202393dff10 JavaThread "jar transforms" [_thread_blocked, id=19856, stack(0x00000088acb00000,0x00000088acc00000)]
  0x00000202393dc250 JavaThread "jar transforms Thread 2" [_thread_blocked, id=16560, stack(0x00000088acc00000,0x00000088acd00000)]
  0x00000202393ddba0 JavaThread "jar transforms Thread 3" [_thread_blocked, id=6832, stack(0x00000088acd00000,0x00000088ace00000)]
  0x00000202393e1860 JavaThread "jar transforms Thread 4" [_thread_blocked, id=16448, stack(0x00000088ace00000,0x00000088acf00000)]
  0x00000202393dae10 JavaThread "jar transforms Thread 5" [_thread_blocked, id=9500, stack(0x00000088ad100000,0x00000088ad200000)]
  0x000002023b880550 JavaThread "jar transforms Thread 6" [_thread_blocked, id=13572, stack(0x00000088ad200000,0x00000088ad300000)]
  0x000002023b886a90 JavaThread "jar transforms Thread 7" [_thread_blocked, id=296, stack(0x00000088ad300000,0x00000088ad400000)]
  0x000002023b885650 JavaThread "jar transforms Thread 8" [_thread_blocked, id=19280, stack(0x00000088ad400000,0x00000088ad500000)]
  0x000002023b880a60 JavaThread "Memory manager" [_thread_blocked, id=1192, stack(0x00000088adf00000,0x00000088ae000000)]
  0x000002023b0b1e10 JavaThread "Cache worker for Java compile cache (C:\Users\mihai\.gradle\caches\8.2\javaCompile)" [_thread_blocked, id=15788, stack(0x00000088b3000000,0x00000088b3100000)]
  0x000002023dde1760 JavaThread "Daemon Thread 18" [_thread_blocked, id=6836, stack(0x00000088a9800000,0x00000088a9900000)]
  0x000002023c2a0b60 JavaThread "Daemon worker Thread 17" [_thread_blocked, id=26136, stack(0x00000088ab600000,0x00000088ab700000)]
  0x000002023dde0d40 JavaThread "included builds" [_thread_blocked, id=2876, stack(0x00000088adb00000,0x00000088adc00000)]
  0x000002023ce12540 JavaThread "Handler for socket connection from /127.0.0.1:59879 to /127.0.0.1:62179" [_thread_in_native, id=21492, stack(0x00000088a9900000,0x00000088a9a00000)]
  0x000002023ce0fcc0 JavaThread "Cancel handler" [_thread_blocked, id=14440, stack(0x00000088ab500000,0x00000088ab600000)]
  0x000002023b667470 JavaThread "Asynchronous log dispatcher for DefaultDaemonConnection: socket connection from /127.0.0.1:59879 to /127.0.0.1:62179" [_thread_blocked, id=24332, stack(0x00000088ab700000,0x00000088ab800000)]
  0x000002023b667e90 JavaThread "Stdin handler" [_thread_blocked, id=21684, stack(0x00000088ab800000,0x00000088ab900000)]
  0x000002023b6683a0 JavaThread "Daemon client event forwarder" [_thread_blocked, id=24676, stack(0x00000088ab900000,0x00000088aba00000)]
  0x000002023b667980 JavaThread "Cache worker for checksums cache (C:\Users\mihai\IdeaProjects\kursach2\.gradle\8.2\checksums)" [_thread_blocked, id=25540, stack(0x00000088aba00000,0x00000088abb00000)]
  0x000002023b666540 JavaThread "Cache worker for cache directory md-rule (C:\Users\mihai\.gradle\caches\8.2\md-rule)" [_thread_blocked, id=25080, stack(0x00000088abb00000,0x00000088abc00000)]
  0x000002023b6688b0 JavaThread "Cache worker for file hash cache (C:\Users\mihai\IdeaProjects\kursach2\.gradle\8.2\fileHashes)" [_thread_blocked, id=14280, stack(0x00000088ac100000,0x00000088ac200000)]
  0x000002023b668dc0 JavaThread "Cache worker for cache directory md-supplier (C:\Users\mihai\.gradle\caches\8.2\md-supplier)" [_thread_blocked, id=15980, stack(0x00000088ac500000,0x00000088ac600000)]
  0x000002023b0b1900 JavaThread "Cache worker for dependencies-accessors (C:\Users\mihai\IdeaProjects\kursach2\.gradle\8.2\dependencies-accessors)" [_thread_blocked, id=13248, stack(0x00000088ac600000,0x00000088ac700000)]
  0x000002023b0b0ee0 JavaThread "Cache worker for Build Output Cleanup Cache (C:\Users\mihai\IdeaProjects\kursach2\.gradle\buildOutputCleanup)" [_thread_blocked, id=24884, stack(0x00000088ac800000,0x00000088ac900000)]
  0x000002023b0b09d0 JavaThread "Unconstrained build operations" [_thread_blocked, id=25860, stack(0x00000088ac900000,0x00000088aca00000)]
  0x000002023b0b2320 JavaThread "Unconstrained build operations Thread 2" [_thread_blocked, id=22108, stack(0x00000088ad000000,0x00000088ad100000)]
  0x000002023b0b2830 JavaThread "Unconstrained build operations Thread 3" [_thread_blocked, id=14468, stack(0x00000088ad500000,0x00000088ad600000)]
  0x000002023b0af590 JavaThread "Unconstrained build operations Thread 4" [_thread_blocked, id=25768, stack(0x00000088ad600000,0x00000088ad700000)]
  0x000002023b0afaa0 JavaThread "Unconstrained build operations Thread 5" [_thread_blocked, id=24076, stack(0x00000088ad700000,0x00000088ad800000)]
  0x000002023b0affb0 JavaThread "Unconstrained build operations Thread 6" [_thread_blocked, id=8820, stack(0x00000088ad800000,0x00000088ad900000)]
  0x000002023b0b04c0 JavaThread "Unconstrained build operations Thread 7" [_thread_blocked, id=3368, stack(0x00000088ad900000,0x00000088ada00000)]
  0x000002023dfe8000 JavaThread "C2 CompilerThread1" daemon [_thread_in_native, id=25680, stack(0x00000088ada00000,0x00000088adb00000)]
  0x000002023dddfe10 JavaThread "included builds" [_thread_blocked, id=13824, stack(0x00000088adc00000,0x00000088add00000)]
  0x000002023dde0320 JavaThread "Execution worker" [_thread_blocked, id=18792, stack(0x00000088add00000,0x00000088ade00000)]
  0x0000020243256db0 JavaThread "Execution worker Thread 2" [_thread_blocked, id=1812, stack(0x00000088ae000000,0x00000088ae100000)]
  0x0000020243255460 JavaThread "Execution worker Thread 3" [_thread_in_native, id=24764, stack(0x00000088ae100000,0x00000088ae200000)]
  0x0000020243256390 JavaThread "Execution worker Thread 4" [_thread_blocked, id=12736, stack(0x00000088ae200000,0x00000088ae300000)]
  0x00000202432572c0 JavaThread "Execution worker Thread 5" [_thread_blocked, id=21008, stack(0x00000088ae300000,0x00000088ae400000)]
  0x0000020243255e80 JavaThread "Execution worker Thread 6" [_thread_blocked, id=19892, stack(0x00000088ae400000,0x00000088ae500000)]
  0x0000020243255970 JavaThread "Execution worker Thread 7" [_thread_blocked, id=10036, stack(0x00000088ae500000,0x00000088ae600000)]
  0x000002023cea68d0 JavaThread "Cache worker for execution history cache (C:\Users\mihai\IdeaProjects\kursach2\.gradle\8.2\executionHistory)" [_thread_blocked, id=20288, stack(0x00000088ae600000,0x00000088ae700000)]
  0x000002023c2a1580 JavaThread "Unconstrained build operations Thread 8" [_thread_blocked, id=12236, stack(0x00000088ae700000,0x00000088ae800000)]
  0x000002023c2a0650 JavaThread "Unconstrained build operations Thread 9" [_thread_blocked, id=1204, stack(0x00000088ae800000,0x00000088ae900000)]
  0x000002023dfe8aa0 JavaThread "C2 CompilerThread2" daemon [_thread_in_native, id=16540, stack(0x00000088ae900000,0x00000088aea00000)]
  0x000002023de4a880 JavaThread "Unconstrained build operations Thread 11" [_thread_blocked, id=23288, stack(0x00000088aeb00000,0x00000088aec00000)]
  0x000002023de4ad90 JavaThread "Unconstrained build operations Thread 12" [_thread_blocked, id=20032, stack(0x00000088aec00000,0x00000088aed00000)]

Other Threads:
  0x0000020233291960 VMThread "VM Thread" [stack: 0x00000088aa000000,0x00000088aa100000] [id=20292]
  0x00000202336ced10 WatcherThread [stack: 0x00000088aac00000,0x00000088aad00000] [id=3448]
  0x000002021ca6a560 GCTaskThread "GC Thread#0" [stack: 0x00000088a9b00000,0x00000088a9c00000] [id=6020]
  0x0000020238bff010 GCTaskThread "GC Thread#1" [stack: 0x00000088aad00000,0x00000088aae00000] [id=14316]
  0x0000020238bff2d0 GCTaskThread "GC Thread#2" [stack: 0x00000088aae00000,0x00000088aaf00000] [id=12696]
  0x0000020238af6480 GCTaskThread "GC Thread#3" [stack: 0x00000088aaf00000,0x00000088ab000000] [id=12588]
  0x0000020238af6740 GCTaskThread "GC Thread#4" [stack: 0x00000088ab000000,0x00000088ab100000] [id=14688]
  0x0000020238af6a00 GCTaskThread "GC Thread#5" [stack: 0x00000088ab100000,0x00000088ab200000] [id=19948]
  0x00000202398cab20 GCTaskThread "GC Thread#6" [stack: 0x00000088abc00000,0x00000088abd00000] [id=8420]
  0x0000020239720650 GCTaskThread "GC Thread#7" [stack: 0x00000088abd00000,0x00000088abe00000] [id=2512]
  0x000002021ca6f4b0 ConcurrentGCThread "G1 Main Marker" [stack: 0x00000088a9c00000,0x00000088a9d00000] [id=18932]
  0x000002021ca70ed0 ConcurrentGCThread "G1 Conc#0" [stack: 0x00000088a9d00000,0x00000088a9e00000] [id=8708]
  0x00000202336e6b80 ConcurrentGCThread "G1 Conc#1" [stack: 0x00000088abe00000,0x00000088abf00000] [id=10628]
  0x000002023310e530 ConcurrentGCThread "G1 Refine#0" [stack: 0x00000088a9e00000,0x00000088a9f00000] [id=23380]
  0x000002023a893c80 ConcurrentGCThread "G1 Refine#1" [stack: 0x00000088ade00000,0x00000088adf00000] [id=292]
  0x000002023a890d80 ConcurrentGCThread "G1 Refine#2" [stack: 0x00000088acf00000,0x00000088ad000000] [id=13160]
  0x000002023a891070 ConcurrentGCThread "G1 Refine#3" [stack: 0x00000088aea00000,0x00000088aeb00000] [id=15964]
  0x000002023d099f80 ConcurrentGCThread "G1 Refine#4" [stack: 0x00000088b3400000,0x00000088b3500000] [id=6120]
  0x000002023310ef60 ConcurrentGCThread "G1 Service" [stack: 0x00000088a9f00000,0x00000088aa000000] [id=23236]

Threads with active compile tasks:
C2 CompilerThread0  8746408 24400       4       org.gradle.internal.instantiation.generator.DependencyInjectingInstantiator::addServicesToParameters (349 bytes)
C2 CompilerThread1  8746408 24415       4       org.gradle.api.internal.artifacts.ivyservice.resolveengine.graph.builder.NodeState::excludesSameDependenciesAsPreviousTraversal (195 bytes)
C2 CompilerThread2  8746408 24425       4       io.spring.gradle.dependencymanagement.internal.DependencyManagementContainer::findManagedVersion (98 bytes)

VM state: not at safepoint (normal execution)

VM Mutex/Monitor currently owned by a thread: None

OutOfMemory and StackOverflow Exception counts:
OutOfMemoryError java_heap_errors=1
LinkageErrors=696

Heap address: 0x00000000e0000000, size: 512 MB, Compressed Oops mode: 32-bit

CDS archive(s) not mapped
Compressed class space mapped at: 0x0000000100000000-0x0000000114000000, reserved size: 335544320
Narrow klass base: 0x0000000000000000, Narrow klass shift: 3, Narrow klass range: 0x114000000

GC Precious Log:
 CPUs: 8 total, 8 available
 Memory: 15295M
 Large Page Support: Disabled
 NUMA Support: Disabled
 Compressed Oops: Enabled (32-bit)
 Heap Region Size: 1M
 Heap Min Capacity: 256M
 Heap Initial Capacity: 256M
 Heap Max Capacity: 512M
 Pre-touch: Disabled
 Parallel Workers: 8
 Concurrent Workers: 2
 Concurrent Refinement Workers: 8
 Periodic GC: Disabled

Heap:
 garbage-first heap   total 418816K, used 237768K [0x00000000e0000000, 0x0000000100000000)
  region size 1024K, 132 young (135168K), 14 survivors (14336K)
 Metaspace       used 90226K, committed 92224K, reserved 458752K
  class space    used 11701K, committed 12480K, reserved 327680K

Heap Regions: E=young(eden), S=young(survivor), O=old, HS=humongous(starts), HC=humongous(continues), CS=collection set, F=free, OA=open archive, CA=closed archive, TAMS=top-at-mark-start (previous, next)
|   0|0x00000000e0000000, 0x00000000e0100000, 0x00000000e0100000|100%|HS|  |TAMS 0x00000000e0100000, 0x00000000e0000000| Complete 
|   1|0x00000000e0100000, 0x00000000e0200000, 0x00000000e0200000|100%|HC|  |TAMS 0x00000000e0200000, 0x00000000e0100000| Complete 
|   2|0x00000000e0200000, 0x00000000e0300000, 0x00000000e0300000|100%|HC|  |TAMS 0x00000000e0300000, 0x00000000e0200000| Complete 
|   3|0x00000000e0300000, 0x00000000e0400000, 0x00000000e0400000|100%|HC|  |TAMS 0x00000000e0400000, 0x00000000e0300000| Complete 
|   4|0x00000000e0400000, 0x00000000e0500000, 0x00000000e0500000|100%| O|  |TAMS 0x00000000e0500000, 0x00000000e0400000| Untracked 
|   5|0x00000000e0500000, 0x00000000e0600000, 0x00000000e0600000|100%| O|  |TAMS 0x00000000e0600000, 0x00000000e0500000| Untracked 
|   6|0x00000000e0600000, 0x00000000e0700000, 0x00000000e0700000|100%| O|  |TAMS 0x00000000e0700000, 0x00000000e0600000| Untracked 
|   7|0x00000000e0700000, 0x00000000e0800000, 0x00000000e0800000|100%| O|  |TAMS 0x00000000e0800000, 0x00000000e0700000| Untracked 
|   8|0x00000000e0800000, 0x00000000e0900000, 0x00000000e0900000|100%| O|  |TAMS 0x00000000e0900000, 0x00000000e0800000| Untracked 
|   9|0x00000000e0900000, 0x00000000e0a00000, 0x00000000e0a00000|100%| O|  |TAMS 0x00000000e0a00000, 0x00000000e0900000| Untracked 
|  10|0x00000000e0a00000, 0x00000000e0b00000, 0x00000000e0b00000|100%| O|  |TAMS 0x00000000e0b00000, 0x00000000e0a00000| Untracked 
|  11|0x00000000e0b00000, 0x00000000e0c00000, 0x00000000e0c00000|100%| O|  |TAMS 0x00000000e0c00000, 0x00000000e0b00000| Untracked 
|  12|0x00000000e0c00000, 0x00000000e0d00000, 0x00000000e0d00000|100%| O|  |TAMS 0x00000000e0d00000, 0x00000000e0c00000| Untracked 
|  13|0x00000000e0d00000, 0x00000000e0e00000, 0x00000000e0e00000|100%| O|  |TAMS 0x00000000e0e00000, 0x00000000e0d00000| Untracked 
|  14|0x00000000e0e00000, 0x00000000e0f00000, 0x00000000e0f00000|100%| O|  |TAMS 0x00000000e0f00000, 0x00000000e0e00000| Untracked 
|  15|0x00000000e0f00000, 0x00000000e1000000, 0x00000000e1000000|100%| O|  |TAMS 0x00000000e1000000, 0x00000000e0f00000| Untracked 
|  16|0x00000000e1000000, 0x00000000e1100000, 0x00000000e1100000|100%| O|  |TAMS 0x00000000e1100000, 0x00000000e1000000| Untracked 
|  17|0x00000000e1100000, 0x00000000e1200000, 0x00000000e1200000|100%| O|  |TAMS 0x00000000e1200000, 0x00000000e1100000| Untracked 
|  18|0x00000000e1200000, 0x00000000e1300000, 0x00000000e1300000|100%| O|  |TAMS 0x00000000e1300000, 0x00000000e1200000| Untracked 
|  19|0x00000000e1300000, 0x00000000e1400000, 0x00000000e1400000|100%| O|  |TAMS 0x00000000e1400000, 0x00000000e1300000| Untracked 
|  20|0x00000000e1400000, 0x00000000e1500000, 0x00000000e1500000|100%| O|  |TAMS 0x00000000e1500000, 0x00000000e1400000| Untracked 
|  21|0x00000000e1500000, 0x00000000e1600000, 0x00000000e1600000|100%| O|  |TAMS 0x00000000e1600000, 0x00000000e1500000| Untracked 
|  22|0x00000000e1600000, 0x00000000e1700000, 0x00000000e1700000|100%| O|  |TAMS 0x00000000e1700000, 0x00000000e1600000| Untracked 
|  23|0x00000000e1700000, 0x00000000e1800000, 0x00000000e1800000|100%| O|  |TAMS 0x00000000e1800000, 0x00000000e1700000| Untracked 
|  24|0x00000000e1800000, 0x00000000e1900000, 0x00000000e1900000|100%| O|  |TAMS 0x00000000e1900000, 0x00000000e1800000| Untracked 
|  25|0x00000000e1900000, 0x00000000e1a00000, 0x00000000e1a00000|100%| O|  |TAMS 0x00000000e1a00000, 0x00000000e1900000| Untracked 
|  26|0x00000000e1a00000, 0x00000000e1b00000, 0x00000000e1b00000|100%| O|  |TAMS 0x00000000e1b00000, 0x00000000e1a00000| Untracked 
|  27|0x00000000e1b00000, 0x00000000e1c00000, 0x00000000e1c00000|100%| O|  |TAMS 0x00000000e1c00000, 0x00000000e1b00000| Untracked 
|  28|0x00000000e1c00000, 0x00000000e1d00000, 0x00000000e1d00000|100%| O|  |TAMS 0x00000000e1d00000, 0x00000000e1c00000| Untracked 
|  29|0x00000000e1d00000, 0x00000000e1e00000, 0x00000000e1e00000|100%| O|  |TAMS 0x00000000e1e00000, 0x00000000e1d00000| Untracked 
|  30|0x00000000e1e00000, 0x00000000e1f00000, 0x00000000e1f00000|100%| O|  |TAMS 0x00000000e1f00000, 0x00000000e1e00000| Untracked 
|  31|0x00000000e1f00000, 0x00000000e2000000, 0x00000000e2000000|100%| O|  |TAMS 0x00000000e2000000, 0x00000000e1f00000| Untracked 
|  32|0x00000000e2000000, 0x00000000e2100000, 0x00000000e2100000|100%| O|  |TAMS 0x00000000e2100000, 0x00000000e2000000| Untracked 
|  33|0x00000000e2100000, 0x00000000e2200000, 0x00000000e2200000|100%| O|  |TAMS 0x00000000e2200000, 0x00000000e2100000| Untracked 
|  34|0x00000000e2200000, 0x00000000e2300000, 0x00000000e2300000|100%| O|  |TAMS 0x00000000e2300000, 0x00000000e2200000| Untracked 
|  35|0x00000000e2300000, 0x00000000e2400000, 0x00000000e2400000|100%| O|  |TAMS 0x00000000e2400000, 0x00000000e2300000| Untracked 
|  36|0x00000000e2400000, 0x00000000e2500000, 0x00000000e2500000|100%| O|  |TAMS 0x00000000e2500000, 0x00000000e2400000| Complete 
|  37|0x00000000e2500000, 0x00000000e2600000, 0x00000000e2600000|100%| O|  |TAMS 0x00000000e2600000, 0x00000000e2500000| Untracked 
|  38|0x00000000e2600000, 0x00000000e2700000, 0x00000000e2700000|100%| O|  |TAMS 0x00000000e2700000, 0x00000000e2600000| Untracked 
|  39|0x00000000e2700000, 0x00000000e2800000, 0x00000000e2800000|100%| O|  |TAMS 0x00000000e2800000, 0x00000000e2700000| Untracked 
|  40|0x00000000e2800000, 0x00000000e2900000, 0x00000000e2900000|100%| O|  |TAMS 0x00000000e2900000, 0x00000000e2800000| Untracked 
|  41|0x00000000e2900000, 0x00000000e2a00000, 0x00000000e2a00000|100%| O|  |TAMS 0x00000000e2a00000, 0x00000000e2900000| Untracked 
|  42|0x00000000e2a00000, 0x00000000e2b00000, 0x00000000e2b00000|100%| O|  |TAMS 0x00000000e2b00000, 0x00000000e2a00000| Untracked 
|  43|0x00000000e2b00000, 0x00000000e2c00000, 0x00000000e2c00000|100%| O|  |TAMS 0x00000000e2c00000, 0x00000000e2b00000| Untracked 
|  44|0x00000000e2c00000, 0x00000000e2d00000, 0x00000000e2d00000|100%| O|  |TAMS 0x00000000e2d00000, 0x00000000e2c00000| Untracked 
|  45|0x00000000e2d00000, 0x00000000e2e00000, 0x00000000e2e00000|100%| O|  |TAMS 0x00000000e2e00000, 0x00000000e2d00000| Untracked 
|  46|0x00000000e2e00000, 0x00000000e2f00000, 0x00000000e2f00000|100%| O|  |TAMS 0x00000000e2f00000, 0x00000000e2e00000| Untracked 
|  47|0x00000000e2f00000, 0x00000000e3000000, 0x00000000e3000000|100%| O|  |TAMS 0x00000000e3000000, 0x00000000e2f00000| Untracked 
|  48|0x00000000e3000000, 0x00000000e3100000, 0x00000000e3100000|100%| O|  |TAMS 0x00000000e3100000, 0x00000000e3000000| Untracked 
|  49|0x00000000e3100000, 0x00000000e3200000, 0x00000000e3200000|100%| O|  |TAMS 0x00000000e3200000, 0x00000000e3100000| Untracked 
|  50|0x00000000e3200000, 0x00000000e3200000, 0x00000000e3300000|  0%| F|  |TAMS 0x00000000e3200000, 0x00000000e3200000| Untracked 
|  51|0x00000000e3300000, 0x00000000e3400000, 0x00000000e3400000|100%| O|  |TAMS 0x00000000e3400000, 0x00000000e3300000| Untracked 
|  52|0x00000000e3400000, 0x00000000e3400000, 0x00000000e3500000|  0%| F|  |TAMS 0x00000000e3400000, 0x00000000e3400000| Untracked 
|  53|0x00000000e3500000, 0x00000000e3600000, 0x00000000e3600000|100%| O|  |TAMS 0x00000000e3600000, 0x00000000e3500000| Untracked 
|  54|0x00000000e3600000, 0x00000000e3700000, 0x00000000e3700000|100%| O|  |TAMS 0x00000000e3700000, 0x00000000e3600000| Untracked 
|  55|0x00000000e3700000, 0x00000000e3800000, 0x00000000e3800000|100%| O|  |TAMS 0x00000000e3800000, 0x00000000e3700000| Complete 
|  56|0x00000000e3800000, 0x00000000e3900000, 0x00000000e3900000|100%| O|  |TAMS 0x00000000e3900000, 0x00000000e3800000| Complete 
|  57|0x00000000e3900000, 0x00000000e3a00000, 0x00000000e3a00000|100%| O|  |TAMS 0x00000000e3a00000, 0x00000000e3900000| Complete 
|  58|0x00000000e3a00000, 0x00000000e3a40c00, 0x00000000e3b00000| 25%| O|  |TAMS 0x00000000e3a40c00, 0x00000000e3a00000| Untracked 
|  59|0x00000000e3b00000, 0x00000000e3c00000, 0x00000000e3c00000|100%| O|  |TAMS 0x00000000e3c00000, 0x00000000e3b00000| Untracked 
|  60|0x00000000e3c00000, 0x00000000e3d00000, 0x00000000e3d00000|100%| O|  |TAMS 0x00000000e3d00000, 0x00000000e3c00000| Untracked 
|  61|0x00000000e3d00000, 0x00000000e3e00000, 0x00000000e3e00000|100%| O|  |TAMS 0x00000000e3e00000, 0x00000000e3d00000| Untracked 
|  62|0x00000000e3e00000, 0x00000000e3e00000, 0x00000000e3f00000|  0%| F|  |TAMS 0x00000000e3e00000, 0x00000000e3e00000| Untracked 
|  63|0x00000000e3f00000, 0x00000000e3f00000, 0x00000000e4000000|  0%| F|  |TAMS 0x00000000e3f00000, 0x00000000e3f00000| Untracked 
|  64|0x00000000e4000000, 0x00000000e4000000, 0x00000000e4100000|  0%| F|  |TAMS 0x00000000e4000000, 0x00000000e4000000| Untracked 
|  65|0x00000000e4100000, 0x00000000e4200000, 0x00000000e4200000|100%| O|  |TAMS 0x00000000e4200000, 0x00000000e4100000| Untracked 
|  66|0x00000000e4200000, 0x00000000e4300000, 0x00000000e4300000|100%| O|  |TAMS 0x00000000e4300000, 0x00000000e4200000| Untracked 
|  67|0x00000000e4300000, 0x00000000e4400000, 0x00000000e4400000|100%| O|  |TAMS 0x00000000e4400000, 0x00000000e4300000| Untracked 
|  68|0x00000000e4400000, 0x00000000e4400000, 0x00000000e4500000|  0%| F|  |TAMS 0x00000000e4400000, 0x00000000e4400000| Untracked 
|  69|0x00000000e4500000, 0x00000000e4500000, 0x00000000e4600000|  0%| F|  |TAMS 0x00000000e4500000, 0x00000000e4500000| Untracked 
|  70|0x00000000e4600000, 0x00000000e4600000, 0x00000000e4700000|  0%| F|  |TAMS 0x00000000e4600000, 0x00000000e4600000| Untracked 
|  71|0x00000000e4700000, 0x00000000e4700000, 0x00000000e4800000|  0%| F|  |TAMS 0x00000000e4700000, 0x00000000e4700000| Untracked 
|  72|0x00000000e4800000, 0x00000000e4800000, 0x00000000e4900000|  0%| F|  |TAMS 0x00000000e4800000, 0x00000000e4800000| Untracked 
|  73|0x00000000e4900000, 0x00000000e4a00000, 0x00000000e4a00000|100%| O|  |TAMS 0x00000000e4a00000, 0x00000000e4900000| Untracked 
|  74|0x00000000e4a00000, 0x00000000e4a00000, 0x00000000e4b00000|  0%| F|  |TAMS 0x00000000e4a00000, 0x00000000e4a00000| Untracked 
|  75|0x00000000e4b00000, 0x00000000e4b00000, 0x00000000e4c00000|  0%| F|  |TAMS 0x00000000e4b00000, 0x00000000e4b00000| Untracked 
|  76|0x00000000e4c00000, 0x00000000e4c00000, 0x00000000e4d00000|  0%| F|  |TAMS 0x00000000e4c00000, 0x00000000e4c00000| Untracked 
|  77|0x00000000e4d00000, 0x00000000e4d00000, 0x00000000e4e00000|  0%| F|  |TAMS 0x00000000e4d00000, 0x00000000e4d00000| Untracked 
|  78|0x00000000e4e00000, 0x00000000e4e00000, 0x00000000e4f00000|  0%| F|  |TAMS 0x00000000e4e00000, 0x00000000e4e00000| Untracked 
|  79|0x00000000e4f00000, 0x00000000e5000000, 0x00000000e5000000|100%| O|  |TAMS 0x00000000e5000000, 0x00000000e4f00000| Untracked 
|  80|0x00000000e5000000, 0x00000000e5100000, 0x00000000e5100000|100%| O|  |TAMS 0x00000000e5100000, 0x00000000e5000000| Untracked 
|  81|0x00000000e5100000, 0x00000000e5100000, 0x00000000e5200000|  0%| F|  |TAMS 0x00000000e5100000, 0x00000000e5100000| Untracked 
|  82|0x00000000e5200000, 0x00000000e5200000, 0x00000000e5300000|  0%| F|  |TAMS 0x00000000e5200000, 0x00000000e5200000| Untracked 
|  83|0x00000000e5300000, 0x00000000e5300000, 0x00000000e5400000|  0%| F|  |TAMS 0x00000000e5300000, 0x00000000e5300000| Untracked 
|  84|0x00000000e5400000, 0x00000000e5400000, 0x00000000e5500000|  0%| F|  |TAMS 0x00000000e5400000, 0x00000000e5400000| Untracked 
|  85|0x00000000e5500000, 0x00000000e5500000, 0x00000000e5600000|  0%| F|  |TAMS 0x00000000e5500000, 0x00000000e5500000| Untracked 
|  86|0x00000000e5600000, 0x00000000e5700000, 0x00000000e5700000|100%| O|  |TAMS 0x00000000e5700000, 0x00000000e5600000| Untracked 
|  87|0x00000000e5700000, 0x00000000e5800000, 0x00000000e5800000|100%| O|  |TAMS 0x00000000e5800000, 0x00000000e5700000| Untracked 
|  88|0x00000000e5800000, 0x00000000e5900000, 0x00000000e5900000|100%| O|  |TAMS 0x00000000e5900000, 0x00000000e5800000| Untracked 
|  89|0x00000000e5900000, 0x00000000e5a00000, 0x00000000e5a00000|100%| O|  |TAMS 0x00000000e5a00000, 0x00000000e5900000| Untracked 
|  90|0x00000000e5a00000, 0x00000000e5a00000, 0x00000000e5b00000|  0%| F|  |TAMS 0x00000000e5a00000, 0x00000000e5a00000| Untracked 
|  91|0x00000000e5b00000, 0x00000000e5b00000, 0x00000000e5c00000|  0%| F|  |TAMS 0x00000000e5b00000, 0x00000000e5b00000| Untracked 
|  92|0x00000000e5c00000, 0x00000000e5c00000, 0x00000000e5d00000|  0%| F|  |TAMS 0x00000000e5c00000, 0x00000000e5c00000| Untracked 
|  93|0x00000000e5d00000, 0x00000000e5d00000, 0x00000000e5e00000|  0%| F|  |TAMS 0x00000000e5d00000, 0x00000000e5d00000| Untracked 
|  94|0x00000000e5e00000, 0x00000000e5e00000, 0x00000000e5f00000|  0%| F|  |TAMS 0x00000000e5e00000, 0x00000000e5e00000| Untracked 
|  95|0x00000000e5f00000, 0x00000000e5f00000, 0x00000000e6000000|  0%| F|  |TAMS 0x00000000e5f00000, 0x00000000e5f00000| Untracked 
|  96|0x00000000e6000000, 0x00000000e6000000, 0x00000000e6100000|  0%| F|  |TAMS 0x00000000e6000000, 0x00000000e6000000| Untracked 
|  97|0x00000000e6100000, 0x00000000e6200000, 0x00000000e6200000|100%| O|  |TAMS 0x00000000e6200000, 0x00000000e6100000| Untracked 
|  98|0x00000000e6200000, 0x00000000e6300000, 0x00000000e6300000|100%| O|  |TAMS 0x00000000e6300000, 0x00000000e6200000| Untracked 
|  99|0x00000000e6300000, 0x00000000e6400000, 0x00000000e6400000|100%| O|  |TAMS 0x00000000e6400000, 0x00000000e6300000| Untracked 
| 100|0x00000000e6400000, 0x00000000e6500000, 0x00000000e6500000|100%| O|  |TAMS 0x00000000e6500000, 0x00000000e6400000| Untracked 
| 101|0x00000000e6500000, 0x00000000e6600000, 0x00000000e6600000|100%| O|  |TAMS 0x00000000e6600000, 0x00000000e6500000| Untracked 
| 102|0x00000000e6600000, 0x00000000e6700000, 0x00000000e6700000|100%| O|  |TAMS 0x00000000e6700000, 0x00000000e6600000| Untracked 
| 103|0x00000000e6700000, 0x00000000e6800000, 0x00000000e6800000|100%| O|  |TAMS 0x00000000e6800000, 0x00000000e6700000| Untracked 
| 104|0x00000000e6800000, 0x00000000e6900000, 0x00000000e6900000|100%| O|  |TAMS 0x00000000e6900000, 0x00000000e6800000| Untracked 
| 105|0x00000000e6900000, 0x00000000e6a00000, 0x00000000e6a00000|100%| O|  |TAMS 0x00000000e6a00000, 0x00000000e6900000| Untracked 
| 106|0x00000000e6a00000, 0x00000000e6b00000, 0x00000000e6b00000|100%| O|  |TAMS 0x00000000e6b00000, 0x00000000e6a00000| Untracked 
| 107|0x00000000e6b00000, 0x00000000e6c00000, 0x00000000e6c00000|100%| O|  |TAMS 0x00000000e6c00000, 0x00000000e6b00000| Untracked 
| 108|0x00000000e6c00000, 0x00000000e6d00000, 0x00000000e6d00000|100%| O|  |TAMS 0x00000000e6d00000, 0x00000000e6c00000| Untracked 
| 109|0x00000000e6d00000, 0x00000000e6d00000, 0x00000000e6e00000|  0%| F|  |TAMS 0x00000000e6d00000, 0x00000000e6d00000| Untracked 
| 110|0x00000000e6e00000, 0x00000000e6e00000, 0x00000000e6f00000|  0%| F|  |TAMS 0x00000000e6e00000, 0x00000000e6e00000| Untracked 
| 111|0x00000000e6f00000, 0x00000000e6f00000, 0x00000000e7000000|  0%| F|  |TAMS 0x00000000e6f00000, 0x00000000e6f00000| Untracked 
| 112|0x00000000e7000000, 0x00000000e7000000, 0x00000000e7100000|  0%| F|  |TAMS 0x00000000e7000000, 0x00000000e7000000| Untracked 
| 113|0x00000000e7100000, 0x00000000e7100000, 0x00000000e7200000|  0%| F|  |TAMS 0x00000000e7100000, 0x00000000e7100000| Untracked 
| 114|0x00000000e7200000, 0x00000000e7200000, 0x00000000e7300000|  0%| F|  |TAMS 0x00000000e7200000, 0x00000000e7200000| Untracked 
| 115|0x00000000e7300000, 0x00000000e7400000, 0x00000000e7400000|100%| O|  |TAMS 0x00000000e7400000, 0x00000000e7300000| Untracked 
| 116|0x00000000e7400000, 0x00000000e7500000, 0x00000000e7500000|100%| O|  |TAMS 0x00000000e7500000, 0x00000000e7400000| Untracked 
| 117|0x00000000e7500000, 0x00000000e7600000, 0x00000000e7600000|100%| O|  |TAMS 0x00000000e7600000, 0x00000000e7500000| Untracked 
| 118|0x00000000e7600000, 0x00000000e7700000, 0x00000000e7700000|100%| O|  |TAMS 0x00000000e7700000, 0x00000000e7600000| Untracked 
| 119|0x00000000e7700000, 0x00000000e7800000, 0x00000000e7800000|100%| O|  |TAMS 0x00000000e7800000, 0x00000000e7700000| Untracked 
| 120|0x00000000e7800000, 0x00000000e7900000, 0x00000000e7900000|100%| O|  |TAMS 0x00000000e7900000, 0x00000000e7800000| Untracked 
| 121|0x00000000e7900000, 0x00000000e7a00000, 0x00000000e7a00000|100%| O|  |TAMS 0x00000000e7a00000, 0x00000000e7900000| Untracked 
| 122|0x00000000e7a00000, 0x00000000e7a00000, 0x00000000e7b00000|  0%| F|  |TAMS 0x00000000e7a00000, 0x00000000e7a00000| Untracked 
| 123|0x00000000e7b00000, 0x00000000e7c00000, 0x00000000e7c00000|100%| O|  |TAMS 0x00000000e7c00000, 0x00000000e7b00000| Untracked 
| 124|0x00000000e7c00000, 0x00000000e7c00000, 0x00000000e7d00000|  0%| F|  |TAMS 0x00000000e7c00000, 0x00000000e7c00000| Untracked 
| 125|0x00000000e7d00000, 0x00000000e7d00000, 0x00000000e7e00000|  0%| F|  |TAMS 0x00000000e7d00000, 0x00000000e7d00000| Untracked 
| 126|0x00000000e7e00000, 0x00000000e7f00000, 0x00000000e7f00000|100%| O|  |TAMS 0x00000000e7f00000, 0x00000000e7e00000| Untracked 
| 127|0x00000000e7f00000, 0x00000000e7f00000, 0x00000000e8000000|  0%| F|  |TAMS 0x00000000e7f00000, 0x00000000e7f00000| Untracked 
| 128|0x00000000e8000000, 0x00000000e8000000, 0x00000000e8100000|  0%| F|  |TAMS 0x00000000e8000000, 0x00000000e8000000| Untracked 
| 129|0x00000000e8100000, 0x00000000e8100000, 0x00000000e8200000|  0%| F|  |TAMS 0x00000000e8100000, 0x00000000e8100000| Untracked 
| 130|0x00000000e8200000, 0x00000000e8200000, 0x00000000e8300000|  0%| F|  |TAMS 0x00000000e8200000, 0x00000000e8200000| Untracked 
| 131|0x00000000e8300000, 0x00000000e8300000, 0x00000000e8400000|  0%| F|  |TAMS 0x00000000e8300000, 0x00000000e8300000| Untracked 
| 132|0x00000000e8400000, 0x00000000e8400000, 0x00000000e8500000|  0%| F|  |TAMS 0x00000000e8400000, 0x00000000e8400000| Untracked 
| 133|0x00000000e8500000, 0x00000000e8500000, 0x00000000e8600000|  0%| F|  |TAMS 0x00000000e8500000, 0x00000000e8500000| Untracked 
| 134|0x00000000e8600000, 0x00000000e8600000, 0x00000000e8700000|  0%| F|  |TAMS 0x00000000e8600000, 0x00000000e8600000| Untracked 
| 135|0x00000000e8700000, 0x00000000e8700000, 0x00000000e8800000|  0%| F|  |TAMS 0x00000000e8700000, 0x00000000e8700000| Untracked 
| 136|0x00000000e8800000, 0x00000000e8800000, 0x00000000e8900000|  0%| F|  |TAMS 0x00000000e8800000, 0x00000000e8800000| Untracked 
| 137|0x00000000e8900000, 0x00000000e8a00000, 0x00000000e8a00000|100%| O|  |TAMS 0x00000000e8a00000, 0x00000000e8900000| Complete 
| 138|0x00000000e8a00000, 0x00000000e8a00000, 0x00000000e8b00000|  0%| F|  |TAMS 0x00000000e8a00000, 0x00000000e8a00000| Untracked 
| 139|0x00000000e8b00000, 0x00000000e8b00000, 0x00000000e8c00000|  0%| F|  |TAMS 0x00000000e8b00000, 0x00000000e8b00000| Untracked 
| 140|0x00000000e8c00000, 0x00000000e8c00000, 0x00000000e8d00000|  0%| F|  |TAMS 0x00000000e8c00000, 0x00000000e8c00000| Untracked 
| 141|0x00000000e8d00000, 0x00000000e8e00000, 0x00000000e8e00000|100%| O|  |TAMS 0x00000000e8e00000, 0x00000000e8d00000| Complete 
| 142|0x00000000e8e00000, 0x00000000e8f00000, 0x00000000e8f00000|100%| O|  |TAMS 0x00000000e8f00000, 0x00000000e8e00000| Untracked 
| 143|0x00000000e8f00000, 0x00000000e9000000, 0x00000000e9000000|100%| O|  |TAMS 0x00000000e9000000, 0x00000000e8f00000| Untracked 
| 144|0x00000000e9000000, 0x00000000e9100000, 0x00000000e9100000|100%| O|  |TAMS 0x00000000e9100000, 0x00000000e9000000| Untracked 
| 145|0x00000000e9100000, 0x00000000e9200000, 0x00000000e9200000|100%| O|  |TAMS 0x00000000e9200000, 0x00000000e9100000| Untracked 
| 146|0x00000000e9200000, 0x00000000e9200000, 0x00000000e9300000|  0%| F|  |TAMS 0x00000000e9200000, 0x00000000e9200000| Untracked 
| 147|0x00000000e9300000, 0x00000000e9300000, 0x00000000e9400000|  0%| F|  |TAMS 0x00000000e9300000, 0x00000000e9300000| Untracked 
| 148|0x00000000e9400000, 0x00000000e9500000, 0x00000000e9500000|100%| O|  |TAMS 0x00000000e9500000, 0x00000000e9400000| Complete 
| 149|0x00000000e9500000, 0x00000000e9500000, 0x00000000e9600000|  0%| F|  |TAMS 0x00000000e9500000, 0x00000000e9500000| Untracked 
| 150|0x00000000e9600000, 0x00000000e9600000, 0x00000000e9700000|  0%| F|  |TAMS 0x00000000e9600000, 0x00000000e9600000| Untracked 
| 151|0x00000000e9700000, 0x00000000e9700000, 0x00000000e9800000|  0%| F|  |TAMS 0x00000000e9700000, 0x00000000e9700000| Untracked 
| 152|0x00000000e9800000, 0x00000000e9900000, 0x00000000e9900000|100%| O|  |TAMS 0x00000000e9900000, 0x00000000e9800000| Untracked 
| 153|0x00000000e9900000, 0x00000000e9a00000, 0x00000000e9a00000|100%| O|  |TAMS 0x00000000e9a00000, 0x00000000e9900000| Complete 
| 154|0x00000000e9a00000, 0x00000000e9a00000, 0x00000000e9b00000|  0%| F|  |TAMS 0x00000000e9a00000, 0x00000000e9a00000| Untracked 
| 155|0x00000000e9b00000, 0x00000000e9c00000, 0x00000000e9c00000|100%| O|  |TAMS 0x00000000e9c00000, 0x00000000e9b00000| Untracked 
| 156|0x00000000e9c00000, 0x00000000e9c00000, 0x00000000e9d00000|  0%| F|  |TAMS 0x00000000e9c00000, 0x00000000e9c00000| Untracked 
| 157|0x00000000e9d00000, 0x00000000e9e00000, 0x00000000e9e00000|100%| O|  |TAMS 0x00000000e9e00000, 0x00000000e9d00000| Untracked 
| 158|0x00000000e9e00000, 0x00000000e9e00000, 0x00000000e9f00000|  0%| F|  |TAMS 0x00000000e9e00000, 0x00000000e9e00000| Untracked 
| 159|0x00000000e9f00000, 0x00000000e9f00000, 0x00000000ea000000|  0%| F|  |TAMS 0x00000000e9f00000, 0x00000000e9f00000| Untracked 
| 160|0x00000000ea000000, 0x00000000ea000000, 0x00000000ea100000|  0%| F|  |TAMS 0x00000000ea000000, 0x00000000ea000000| Untracked 
| 161|0x00000000ea100000, 0x00000000ea100000, 0x00000000ea200000|  0%| F|  |TAMS 0x00000000ea100000, 0x00000000ea100000| Untracked 
| 162|0x00000000ea200000, 0x00000000ea200000, 0x00000000ea300000|  0%| F|  |TAMS 0x00000000ea200000, 0x00000000ea200000| Untracked 
| 163|0x00000000ea300000, 0x00000000ea300000, 0x00000000ea400000|  0%| F|  |TAMS 0x00000000ea300000, 0x00000000ea300000| Untracked 
| 164|0x00000000ea400000, 0x00000000ea400000, 0x00000000ea500000|  0%| F|  |TAMS 0x00000000ea400000, 0x00000000ea400000| Untracked 
| 165|0x00000000ea500000, 0x00000000ea500000, 0x00000000ea600000|  0%| F|  |TAMS 0x00000000ea500000, 0x00000000ea500000| Untracked 
| 166|0x00000000ea600000, 0x00000000ea600000, 0x00000000ea700000|  0%| F|  |TAMS 0x00000000ea600000, 0x00000000ea600000| Untracked 
| 167|0x00000000ea700000, 0x00000000ea700000, 0x00000000ea800000|  0%| F|  |TAMS 0x00000000ea700000, 0x00000000ea700000| Untracked 
| 168|0x00000000ea800000, 0x00000000ea800000, 0x00000000ea900000|  0%| F|  |TAMS 0x00000000ea800000, 0x00000000ea800000| Untracked 
| 169|0x00000000ea900000, 0x00000000ea900000, 0x00000000eaa00000|  0%| F|  |TAMS 0x00000000ea900000, 0x00000000ea900000| Untracked 
| 170|0x00000000eaa00000, 0x00000000eaa00000, 0x00000000eab00000|  0%| F|  |TAMS 0x00000000eaa00000, 0x00000000eaa00000| Untracked 
| 171|0x00000000eab00000, 0x00000000eab00000, 0x00000000eac00000|  0%| F|  |TAMS 0x00000000eab00000, 0x00000000eab00000| Untracked 
| 172|0x00000000eac00000, 0x00000000eac00000, 0x00000000ead00000|  0%| F|  |TAMS 0x00000000eac00000, 0x00000000eac00000| Untracked 
| 173|0x00000000ead00000, 0x00000000ead00000, 0x00000000eae00000|  0%| F|  |TAMS 0x00000000ead00000, 0x00000000ead00000| Untracked 
| 174|0x00000000eae00000, 0x00000000eae00000, 0x00000000eaf00000|  0%| F|  |TAMS 0x00000000eae00000, 0x00000000eae00000| Untracked 
| 175|0x00000000eaf00000, 0x00000000eaf00000, 0x00000000eb000000|  0%| F|  |TAMS 0x00000000eaf00000, 0x00000000eaf00000| Untracked 
| 176|0x00000000eb000000, 0x00000000eb000000, 0x00000000eb100000|  0%| F|  |TAMS 0x00000000eb000000, 0x00000000eb000000| Untracked 
| 177|0x00000000eb100000, 0x00000000eb100000, 0x00000000eb200000|  0%| F|  |TAMS 0x00000000eb100000, 0x00000000eb100000| Untracked 
| 178|0x00000000eb200000, 0x00000000eb200000, 0x00000000eb300000|  0%| F|  |TAMS 0x00000000eb200000, 0x00000000eb200000| Untracked 
| 179|0x00000000eb300000, 0x00000000eb300000, 0x00000000eb400000|  0%| F|  |TAMS 0x00000000eb300000, 0x00000000eb300000| Untracked 
| 180|0x00000000eb400000, 0x00000000eb400000, 0x00000000eb500000|  0%| F|  |TAMS 0x00000000eb400000, 0x00000000eb400000| Untracked 
| 181|0x00000000eb500000, 0x00000000eb500000, 0x00000000eb600000|  0%| F|  |TAMS 0x00000000eb500000, 0x00000000eb500000| Untracked 
| 182|0x00000000eb600000, 0x00000000eb600000, 0x00000000eb700000|  0%| F|  |TAMS 0x00000000eb600000, 0x00000000eb600000| Untracked 
| 183|0x00000000eb700000, 0x00000000eb700000, 0x00000000eb800000|  0%| F|  |TAMS 0x00000000eb700000, 0x00000000eb700000| Untracked 
| 184|0x00000000eb800000, 0x00000000eb800000, 0x00000000eb900000|  0%| F|  |TAMS 0x00000000eb800000, 0x00000000eb800000| Untracked 
| 185|0x00000000eb900000, 0x00000000eb900000, 0x00000000eba00000|  0%| F|  |TAMS 0x00000000eb900000, 0x00000000eb900000| Untracked 
| 186|0x00000000eba00000, 0x00000000eba00000, 0x00000000ebb00000|  0%| F|  |TAMS 0x00000000eba00000, 0x00000000eba00000| Untracked 
| 187|0x00000000ebb00000, 0x00000000ebb00000, 0x00000000ebc00000|  0%| F|  |TAMS 0x00000000ebb00000, 0x00000000ebb00000| Untracked 
| 188|0x00000000ebc00000, 0x00000000ebc00000, 0x00000000ebd00000|  0%| F|  |TAMS 0x00000000ebc00000, 0x00000000ebc00000| Untracked 
| 189|0x00000000ebd00000, 0x00000000ebd00000, 0x00000000ebe00000|  0%| F|  |TAMS 0x00000000ebd00000, 0x00000000ebd00000| Untracked 
| 190|0x00000000ebe00000, 0x00000000ebe00000, 0x00000000ebf00000|  0%| F|  |TAMS 0x00000000ebe00000, 0x00000000ebe00000| Untracked 
| 191|0x00000000ebf00000, 0x00000000ebf00000, 0x00000000ec000000|  0%| F|  |TAMS 0x00000000ebf00000, 0x00000000ebf00000| Untracked 
| 192|0x00000000ec000000, 0x00000000ec000000, 0x00000000ec100000|  0%| F|  |TAMS 0x00000000ec000000, 0x00000000ec000000| Untracked 
| 193|0x00000000ec100000, 0x00000000ec100000, 0x00000000ec200000|  0%| F|  |TAMS 0x00000000ec100000, 0x00000000ec100000| Untracked 
| 194|0x00000000ec200000, 0x00000000ec200000, 0x00000000ec300000|  0%| F|  |TAMS 0x00000000ec200000, 0x00000000ec200000| Untracked 
| 195|0x00000000ec300000, 0x00000000ec300000, 0x00000000ec400000|  0%| F|  |TAMS 0x00000000ec300000, 0x00000000ec300000| Untracked 
| 196|0x00000000ec400000, 0x00000000ec400000, 0x00000000ec500000|  0%| F|  |TAMS 0x00000000ec400000, 0x00000000ec400000| Untracked 
| 197|0x00000000ec500000, 0x00000000ec500000, 0x00000000ec600000|  0%| F|  |TAMS 0x00000000ec500000, 0x00000000ec500000| Untracked 
| 198|0x00000000ec600000, 0x00000000ec600000, 0x00000000ec700000|  0%| F|  |TAMS 0x00000000ec600000, 0x00000000ec600000| Untracked 
| 199|0x00000000ec700000, 0x00000000ec700000, 0x00000000ec800000|  0%| F|  |TAMS 0x00000000ec700000, 0x00000000ec700000| Untracked 
| 200|0x00000000ec800000, 0x00000000ec800000, 0x00000000ec900000|  0%| F|  |TAMS 0x00000000ec800000, 0x00000000ec800000| Untracked 
| 201|0x00000000ec900000, 0x00000000ec900000, 0x00000000eca00000|  0%| F|  |TAMS 0x00000000ec900000, 0x00000000ec900000| Untracked 
| 202|0x00000000eca00000, 0x00000000eca00000, 0x00000000ecb00000|  0%| F|  |TAMS 0x00000000eca00000, 0x00000000eca00000| Untracked 
| 203|0x00000000ecb00000, 0x00000000ecb00000, 0x00000000ecc00000|  0%| F|  |TAMS 0x00000000ecb00000, 0x00000000ecb00000| Untracked 
| 204|0x00000000ecc00000, 0x00000000ecc00000, 0x00000000ecd00000|  0%| F|  |TAMS 0x00000000ecc00000, 0x00000000ecc00000| Untracked 
| 205|0x00000000ecd00000, 0x00000000ecd00000, 0x00000000ece00000|  0%| F|  |TAMS 0x00000000ecd00000, 0x00000000ecd00000| Untracked 
| 206|0x00000000ece00000, 0x00000000ece00000, 0x00000000ecf00000|  0%| F|  |TAMS 0x00000000ece00000, 0x00000000ece00000| Untracked 
| 207|0x00000000ecf00000, 0x00000000ecf00000, 0x00000000ed000000|  0%| F|  |TAMS 0x00000000ecf00000, 0x00000000ecf00000| Untracked 
| 208|0x00000000ed000000, 0x00000000ed000000, 0x00000000ed100000|  0%| F|  |TAMS 0x00000000ed000000, 0x00000000ed000000| Untracked 
| 209|0x00000000ed100000, 0x00000000ed100000, 0x00000000ed200000|  0%| F|  |TAMS 0x00000000ed100000, 0x00000000ed100000| Untracked 
| 210|0x00000000ed200000, 0x00000000ed200000, 0x00000000ed300000|  0%| F|  |TAMS 0x00000000ed200000, 0x00000000ed200000| Untracked 
| 211|0x00000000ed300000, 0x00000000ed300000, 0x00000000ed400000|  0%| F|  |TAMS 0x00000000ed300000, 0x00000000ed300000| Untracked 
| 212|0x00000000ed400000, 0x00000000ed400000, 0x00000000ed500000|  0%| F|  |TAMS 0x00000000ed400000, 0x00000000ed400000| Untracked 
| 213|0x00000000ed500000, 0x00000000ed5f1638, 0x00000000ed600000| 94%| S|CS|TAMS 0x00000000ed500000, 0x00000000ed500000| Complete 
| 214|0x00000000ed600000, 0x00000000ed700000, 0x00000000ed700000|100%| S|CS|TAMS 0x00000000ed600000, 0x00000000ed600000| Complete 
| 215|0x00000000ed700000, 0x00000000ed800000, 0x00000000ed800000|100%| S|CS|TAMS 0x00000000ed700000, 0x00000000ed700000| Complete 
| 216|0x00000000ed800000, 0x00000000ed900000, 0x00000000ed900000|100%| S|CS|TAMS 0x00000000ed800000, 0x00000000ed800000| Complete 
| 217|0x00000000ed900000, 0x00000000eda00000, 0x00000000eda00000|100%| S|CS|TAMS 0x00000000ed900000, 0x00000000ed900000| Complete 
| 218|0x00000000eda00000, 0x00000000edb00000, 0x00000000edb00000|100%| S|CS|TAMS 0x00000000eda00000, 0x00000000eda00000| Complete 
| 219|0x00000000edb00000, 0x00000000edc00000, 0x00000000edc00000|100%| S|CS|TAMS 0x00000000edb00000, 0x00000000edb00000| Complete 
| 220|0x00000000edc00000, 0x00000000edd00000, 0x00000000edd00000|100%| S|CS|TAMS 0x00000000edc00000, 0x00000000edc00000| Complete 
| 221|0x00000000edd00000, 0x00000000ede00000, 0x00000000ede00000|100%| S|CS|TAMS 0x00000000edd00000, 0x00000000edd00000| Complete 
| 222|0x00000000ede00000, 0x00000000edf00000, 0x00000000edf00000|100%| S|CS|TAMS 0x00000000ede00000, 0x00000000ede00000| Complete 
| 223|0x00000000edf00000, 0x00000000ee000000, 0x00000000ee000000|100%| S|CS|TAMS 0x00000000edf00000, 0x00000000edf00000| Complete 
| 224|0x00000000ee000000, 0x00000000ee100000, 0x00000000ee100000|100%| S|CS|TAMS 0x00000000ee000000, 0x00000000ee000000| Complete 
| 225|0x00000000ee100000, 0x00000000ee200000, 0x00000000ee200000|100%| S|CS|TAMS 0x00000000ee100000, 0x00000000ee100000| Complete 
| 226|0x00000000ee200000, 0x00000000ee300000, 0x00000000ee300000|100%| S|CS|TAMS 0x00000000ee200000, 0x00000000ee200000| Complete 
| 227|0x00000000ee300000, 0x00000000ee300000, 0x00000000ee400000|  0%| F|  |TAMS 0x00000000ee300000, 0x00000000ee300000| Untracked 
| 228|0x00000000ee400000, 0x00000000ee400000, 0x00000000ee500000|  0%| F|  |TAMS 0x00000000ee400000, 0x00000000ee400000| Untracked 
| 229|0x00000000ee500000, 0x00000000ee500000, 0x00000000ee600000|  0%| F|  |TAMS 0x00000000ee500000, 0x00000000ee500000| Untracked 
| 230|0x00000000ee600000, 0x00000000ee600000, 0x00000000ee700000|  0%| F|  |TAMS 0x00000000ee600000, 0x00000000ee600000| Untracked 
| 231|0x00000000ee700000, 0x00000000ee700000, 0x00000000ee800000|  0%| F|  |TAMS 0x00000000ee700000, 0x00000000ee700000| Untracked 
| 232|0x00000000ee800000, 0x00000000ee800000, 0x00000000ee900000|  0%| F|  |TAMS 0x00000000ee800000, 0x00000000ee800000| Untracked 
| 233|0x00000000ee900000, 0x00000000ee900000, 0x00000000eea00000|  0%| F|  |TAMS 0x00000000ee900000, 0x00000000ee900000| Untracked 
| 234|0x00000000eea00000, 0x00000000eea00000, 0x00000000eeb00000|  0%| F|  |TAMS 0x00000000eea00000, 0x00000000eea00000| Untracked 
| 235|0x00000000eeb00000, 0x00000000eeb00000, 0x00000000eec00000|  0%| F|  |TAMS 0x00000000eeb00000, 0x00000000eeb00000| Untracked 
| 236|0x00000000eec00000, 0x00000000eec00000, 0x00000000eed00000|  0%| F|  |TAMS 0x00000000eec00000, 0x00000000eec00000| Untracked 
| 237|0x00000000eed00000, 0x00000000eed00000, 0x00000000eee00000|  0%| F|  |TAMS 0x00000000eed00000, 0x00000000eed00000| Untracked 
| 238|0x00000000eee00000, 0x00000000eee00000, 0x00000000eef00000|  0%| F|  |TAMS 0x00000000eee00000, 0x00000000eee00000| Untracked 
| 239|0x00000000eef00000, 0x00000000eef00000, 0x00000000ef000000|  0%| F|  |TAMS 0x00000000eef00000, 0x00000000eef00000| Untracked 
| 240|0x00000000ef000000, 0x00000000ef000000, 0x00000000ef100000|  0%| F|  |TAMS 0x00000000ef000000, 0x00000000ef000000| Untracked 
| 241|0x00000000ef100000, 0x00000000ef100000, 0x00000000ef200000|  0%| F|  |TAMS 0x00000000ef100000, 0x00000000ef100000| Untracked 
| 242|0x00000000ef200000, 0x00000000ef200000, 0x00000000ef300000|  0%| F|  |TAMS 0x00000000ef200000, 0x00000000ef200000| Untracked 
| 243|0x00000000ef300000, 0x00000000ef300000, 0x00000000ef400000|  0%| F|  |TAMS 0x00000000ef300000, 0x00000000ef300000| Untracked 
| 244|0x00000000ef400000, 0x00000000ef400000, 0x00000000ef500000|  0%| F|  |TAMS 0x00000000ef400000, 0x00000000ef400000| Untracked 
| 245|0x00000000ef500000, 0x00000000ef500000, 0x00000000ef600000|  0%| F|  |TAMS 0x00000000ef500000, 0x00000000ef500000| Untracked 
| 246|0x00000000ef600000, 0x00000000ef600000, 0x00000000ef700000|  0%| F|  |TAMS 0x00000000ef600000, 0x00000000ef600000| Untracked 
| 247|0x00000000ef700000, 0x00000000ef700000, 0x00000000ef800000|  0%| F|  |TAMS 0x00000000ef700000, 0x00000000ef700000| Untracked 
| 248|0x00000000ef800000, 0x00000000ef800000, 0x00000000ef900000|  0%| F|  |TAMS 0x00000000ef800000, 0x00000000ef800000| Untracked 
| 249|0x00000000ef900000, 0x00000000ef900000, 0x00000000efa00000|  0%| F|  |TAMS 0x00000000ef900000, 0x00000000ef900000| Untracked 
| 250|0x00000000efa00000, 0x00000000efa00000, 0x00000000efb00000|  0%| F|  |TAMS 0x00000000efa00000, 0x00000000efa00000| Untracked 
| 251|0x00000000efb00000, 0x00000000efb00000, 0x00000000efc00000|  0%| F|  |TAMS 0x00000000efb00000, 0x00000000efb00000| Untracked 
| 252|0x00000000efc00000, 0x00000000efc00000, 0x00000000efd00000|  0%| F|  |TAMS 0x00000000efc00000, 0x00000000efc00000| Untracked 
| 253|0x00000000efd00000, 0x00000000efd00000, 0x00000000efe00000|  0%| F|  |TAMS 0x00000000efd00000, 0x00000000efd00000| Untracked 
| 254|0x00000000efe00000, 0x00000000efe00000, 0x00000000eff00000|  0%| F|  |TAMS 0x00000000efe00000, 0x00000000efe00000| Untracked 
| 255|0x00000000eff00000, 0x00000000eff00000, 0x00000000f0000000|  0%| F|  |TAMS 0x00000000eff00000, 0x00000000eff00000| Untracked 
| 256|0x00000000f0000000, 0x00000000f0000000, 0x00000000f0100000|  0%| F|  |TAMS 0x00000000f0000000, 0x00000000f0000000| Untracked 
| 257|0x00000000f0100000, 0x00000000f0100000, 0x00000000f0200000|  0%| F|  |TAMS 0x00000000f0100000, 0x00000000f0100000| Untracked 
| 258|0x00000000f0200000, 0x00000000f0200000, 0x00000000f0300000|  0%| F|  |TAMS 0x00000000f0200000, 0x00000000f0200000| Untracked 
| 259|0x00000000f0300000, 0x00000000f0300000, 0x00000000f0400000|  0%| F|  |TAMS 0x00000000f0300000, 0x00000000f0300000| Untracked 
| 260|0x00000000f0400000, 0x00000000f0400000, 0x00000000f0500000|  0%| F|  |TAMS 0x00000000f0400000, 0x00000000f0400000| Untracked 
| 261|0x00000000f0500000, 0x00000000f0500000, 0x00000000f0600000|  0%| F|  |TAMS 0x00000000f0500000, 0x00000000f0500000| Untracked 
| 262|0x00000000f0600000, 0x00000000f0600000, 0x00000000f0700000|  0%| F|  |TAMS 0x00000000f0600000, 0x00000000f0600000| Untracked 
| 263|0x00000000f0700000, 0x00000000f0700000, 0x00000000f0800000|  0%| F|  |TAMS 0x00000000f0700000, 0x00000000f0700000| Untracked 
| 264|0x00000000f0800000, 0x00000000f0800000, 0x00000000f0900000|  0%| F|  |TAMS 0x00000000f0800000, 0x00000000f0800000| Untracked 
| 265|0x00000000f0900000, 0x00000000f0900000, 0x00000000f0a00000|  0%| F|  |TAMS 0x00000000f0900000, 0x00000000f0900000| Untracked 
| 266|0x00000000f0a00000, 0x00000000f0a00000, 0x00000000f0b00000|  0%| F|  |TAMS 0x00000000f0a00000, 0x00000000f0a00000| Untracked 
| 267|0x00000000f0b00000, 0x00000000f0b00000, 0x00000000f0c00000|  0%| F|  |TAMS 0x00000000f0b00000, 0x00000000f0b00000| Untracked 
| 268|0x00000000f0c00000, 0x00000000f0c00000, 0x00000000f0d00000|  0%| F|  |TAMS 0x00000000f0c00000, 0x00000000f0c00000| Untracked 
| 269|0x00000000f0d00000, 0x00000000f0d00000, 0x00000000f0e00000|  0%| F|  |TAMS 0x00000000f0d00000, 0x00000000f0d00000| Untracked 
| 270|0x00000000f0e00000, 0x00000000f0e00000, 0x00000000f0f00000|  0%| F|  |TAMS 0x00000000f0e00000, 0x00000000f0e00000| Untracked 
| 271|0x00000000f0f00000, 0x00000000f0f00000, 0x00000000f1000000|  0%| F|  |TAMS 0x00000000f0f00000, 0x00000000f0f00000| Untracked 
| 272|0x00000000f1000000, 0x00000000f1000000, 0x00000000f1100000|  0%| F|  |TAMS 0x00000000f1000000, 0x00000000f1000000| Untracked 
| 273|0x00000000f1100000, 0x00000000f1100000, 0x00000000f1200000|  0%| F|  |TAMS 0x00000000f1100000, 0x00000000f1100000| Untracked 
| 274|0x00000000f1200000, 0x00000000f1200000, 0x00000000f1300000|  0%| F|  |TAMS 0x00000000f1200000, 0x00000000f1200000| Untracked 
| 275|0x00000000f1300000, 0x00000000f1300000, 0x00000000f1400000|  0%| F|  |TAMS 0x00000000f1300000, 0x00000000f1300000| Untracked 
| 276|0x00000000f1400000, 0x00000000f1400000, 0x00000000f1500000|  0%| F|  |TAMS 0x00000000f1400000, 0x00000000f1400000| Untracked 
| 277|0x00000000f1500000, 0x00000000f1500000, 0x00000000f1600000|  0%| F|  |TAMS 0x00000000f1500000, 0x00000000f1500000| Untracked 
| 278|0x00000000f1600000, 0x00000000f1600000, 0x00000000f1700000|  0%| F|  |TAMS 0x00000000f1600000, 0x00000000f1600000| Untracked 
| 279|0x00000000f1700000, 0x00000000f1700000, 0x00000000f1800000|  0%| F|  |TAMS 0x00000000f1700000, 0x00000000f1700000| Untracked 
| 280|0x00000000f1800000, 0x00000000f1800000, 0x00000000f1900000|  0%| F|  |TAMS 0x00000000f1800000, 0x00000000f1800000| Untracked 
| 281|0x00000000f1900000, 0x00000000f1900000, 0x00000000f1a00000|  0%| F|  |TAMS 0x00000000f1900000, 0x00000000f1900000| Untracked 
| 282|0x00000000f1a00000, 0x00000000f1a00000, 0x00000000f1b00000|  0%| F|  |TAMS 0x00000000f1a00000, 0x00000000f1a00000| Untracked 
| 283|0x00000000f1b00000, 0x00000000f1b00000, 0x00000000f1c00000|  0%| F|  |TAMS 0x00000000f1b00000, 0x00000000f1b00000| Untracked 
| 284|0x00000000f1c00000, 0x00000000f1c00000, 0x00000000f1d00000|  0%| F|  |TAMS 0x00000000f1c00000, 0x00000000f1c00000| Untracked 
| 285|0x00000000f1d00000, 0x00000000f1d00000, 0x00000000f1e00000|  0%| F|  |TAMS 0x00000000f1d00000, 0x00000000f1d00000| Untracked 
| 286|0x00000000f1e00000, 0x00000000f1e00000, 0x00000000f1f00000|  0%| F|  |TAMS 0x00000000f1e00000, 0x00000000f1e00000| Untracked 
| 287|0x00000000f1f00000, 0x00000000f1f00000, 0x00000000f2000000|  0%| F|  |TAMS 0x00000000f1f00000, 0x00000000f1f00000| Untracked 
| 288|0x00000000f2000000, 0x00000000f2000000, 0x00000000f2100000|  0%| F|  |TAMS 0x00000000f2000000, 0x00000000f2000000| Untracked 
| 289|0x00000000f2100000, 0x00000000f2100000, 0x00000000f2200000|  0%| F|  |TAMS 0x00000000f2100000, 0x00000000f2100000| Untracked 
| 290|0x00000000f2200000, 0x00000000f22f7b60, 0x00000000f2300000| 96%| E|  |TAMS 0x00000000f2200000, 0x00000000f2200000| Complete 
| 291|0x00000000f2300000, 0x00000000f2400000, 0x00000000f2400000|100%| E|CS|TAMS 0x00000000f2300000, 0x00000000f2300000| Complete 
| 292|0x00000000f2400000, 0x00000000f2500000, 0x00000000f2500000|100%| E|CS|TAMS 0x00000000f2400000, 0x00000000f2400000| Complete 
| 293|0x00000000f2500000, 0x00000000f2600000, 0x00000000f2600000|100%| E|CS|TAMS 0x00000000f2500000, 0x00000000f2500000| Complete 
| 294|0x00000000f2600000, 0x00000000f2700000, 0x00000000f2700000|100%| E|CS|TAMS 0x00000000f2600000, 0x00000000f2600000| Complete 
| 295|0x00000000f2700000, 0x00000000f2800000, 0x00000000f2800000|100%| E|CS|TAMS 0x00000000f2700000, 0x00000000f2700000| Complete 
| 296|0x00000000f2800000, 0x00000000f2900000, 0x00000000f2900000|100%| E|CS|TAMS 0x00000000f2800000, 0x00000000f2800000| Complete 
| 297|0x00000000f2900000, 0x00000000f2a00000, 0x00000000f2a00000|100%| E|CS|TAMS 0x00000000f2900000, 0x00000000f2900000| Complete 
| 298|0x00000000f2a00000, 0x00000000f2b00000, 0x00000000f2b00000|100%| E|CS|TAMS 0x00000000f2a00000, 0x00000000f2a00000| Complete 
| 299|0x00000000f2b00000, 0x00000000f2c00000, 0x00000000f2c00000|100%| E|CS|TAMS 0x00000000f2b00000, 0x00000000f2b00000| Complete 
| 300|0x00000000f2c00000, 0x00000000f2d00000, 0x00000000f2d00000|100%| E|CS|TAMS 0x00000000f2c00000, 0x00000000f2c00000| Complete 
| 301|0x00000000f2d00000, 0x00000000f2e00000, 0x00000000f2e00000|100%| E|CS|TAMS 0x00000000f2d00000, 0x00000000f2d00000| Complete 
| 302|0x00000000f2e00000, 0x00000000f2f00000, 0x00000000f2f00000|100%| E|CS|TAMS 0x00000000f2e00000, 0x00000000f2e00000| Complete 
| 303|0x00000000f2f00000, 0x00000000f3000000, 0x00000000f3000000|100%| E|CS|TAMS 0x00000000f2f00000, 0x00000000f2f00000| Complete 
| 304|0x00000000f3000000, 0x00000000f3100000, 0x00000000f3100000|100%| E|CS|TAMS 0x00000000f3000000, 0x00000000f3000000| Complete 
| 305|0x00000000f3100000, 0x00000000f3200000, 0x00000000f3200000|100%| E|CS|TAMS 0x00000000f3100000, 0x00000000f3100000| Complete 
| 306|0x00000000f3200000, 0x00000000f3300000, 0x00000000f3300000|100%| E|CS|TAMS 0x00000000f3200000, 0x00000000f3200000| Complete 
| 307|0x00000000f3300000, 0x00000000f3400000, 0x00000000f3400000|100%| E|CS|TAMS 0x00000000f3300000, 0x00000000f3300000| Complete 
| 308|0x00000000f3400000, 0x00000000f3500000, 0x00000000f3500000|100%| E|CS|TAMS 0x00000000f3400000, 0x00000000f3400000| Complete 
| 309|0x00000000f3500000, 0x00000000f3600000, 0x00000000f3600000|100%| E|CS|TAMS 0x00000000f3500000, 0x00000000f3500000| Complete 
| 310|0x00000000f3600000, 0x00000000f3700000, 0x00000000f3700000|100%| E|CS|TAMS 0x00000000f3600000, 0x00000000f3600000| Complete 
| 311|0x00000000f3700000, 0x00000000f3800000, 0x00000000f3800000|100%| E|CS|TAMS 0x00000000f3700000, 0x00000000f3700000| Complete 
| 312|0x00000000f3800000, 0x00000000f3900000, 0x00000000f3900000|100%| E|CS|TAMS 0x00000000f3800000, 0x00000000f3800000| Complete 
| 313|0x00000000f3900000, 0x00000000f3a00000, 0x00000000f3a00000|100%| E|CS|TAMS 0x00000000f3900000, 0x00000000f3900000| Complete 
| 314|0x00000000f3a00000, 0x00000000f3b00000, 0x00000000f3b00000|100%| E|CS|TAMS 0x00000000f3a00000, 0x00000000f3a00000| Complete 
| 315|0x00000000f3b00000, 0x00000000f3c00000, 0x00000000f3c00000|100%| E|CS|TAMS 0x00000000f3b00000, 0x00000000f3b00000| Complete 
| 316|0x00000000f3c00000, 0x00000000f3d00000, 0x00000000f3d00000|100%| E|CS|TAMS 0x00000000f3c00000, 0x00000000f3c00000| Complete 
| 317|0x00000000f3d00000, 0x00000000f3e00000, 0x00000000f3e00000|100%| E|CS|TAMS 0x00000000f3d00000, 0x00000000f3d00000| Complete 
| 318|0x00000000f3e00000, 0x00000000f3f00000, 0x00000000f3f00000|100%| E|CS|TAMS 0x00000000f3e00000, 0x00000000f3e00000| Complete 
| 319|0x00000000f3f00000, 0x00000000f4000000, 0x00000000f4000000|100%| E|CS|TAMS 0x00000000f3f00000, 0x00000000f3f00000| Complete 
| 320|0x00000000f4000000, 0x00000000f4100000, 0x00000000f4100000|100%| E|CS|TAMS 0x00000000f4000000, 0x00000000f4000000| Complete 
| 321|0x00000000f4100000, 0x00000000f4200000, 0x00000000f4200000|100%| E|CS|TAMS 0x00000000f4100000, 0x00000000f4100000| Complete 
| 322|0x00000000f4200000, 0x00000000f4300000, 0x00000000f4300000|100%| E|CS|TAMS 0x00000000f4200000, 0x00000000f4200000| Complete 
| 323|0x00000000f4300000, 0x00000000f4400000, 0x00000000f4400000|100%| E|CS|TAMS 0x00000000f4300000, 0x00000000f4300000| Complete 
| 324|0x00000000f4400000, 0x00000000f4500000, 0x00000000f4500000|100%| E|CS|TAMS 0x00000000f4400000, 0x00000000f4400000| Complete 
| 325|0x00000000f4500000, 0x00000000f4600000, 0x00000000f4600000|100%| E|CS|TAMS 0x00000000f4500000, 0x00000000f4500000| Complete 
| 326|0x00000000f4600000, 0x00000000f4700000, 0x00000000f4700000|100%| E|CS|TAMS 0x00000000f4600000, 0x00000000f4600000| Complete 
| 327|0x00000000f4700000, 0x00000000f4800000, 0x00000000f4800000|100%| E|CS|TAMS 0x00000000f4700000, 0x00000000f4700000| Complete 
| 328|0x00000000f4800000, 0x00000000f4900000, 0x00000000f4900000|100%| E|CS|TAMS 0x00000000f4800000, 0x00000000f4800000| Complete 
| 329|0x00000000f4900000, 0x00000000f4a00000, 0x00000000f4a00000|100%| E|CS|TAMS 0x00000000f4900000, 0x00000000f4900000| Complete 
| 330|0x00000000f4a00000, 0x00000000f4b00000, 0x00000000f4b00000|100%| E|CS|TAMS 0x00000000f4a00000, 0x00000000f4a00000| Complete 
| 331|0x00000000f4b00000, 0x00000000f4c00000, 0x00000000f4c00000|100%| E|CS|TAMS 0x00000000f4b00000, 0x00000000f4b00000| Complete 
| 332|0x00000000f4c00000, 0x00000000f4d00000, 0x00000000f4d00000|100%| E|CS|TAMS 0x00000000f4c00000, 0x00000000f4c00000| Complete 
| 333|0x00000000f4d00000, 0x00000000f4e00000, 0x00000000f4e00000|100%| E|CS|TAMS 0x00000000f4d00000, 0x00000000f4d00000| Complete 
| 334|0x00000000f4e00000, 0x00000000f4f00000, 0x00000000f4f00000|100%| E|CS|TAMS 0x00000000f4e00000, 0x00000000f4e00000| Complete 
| 335|0x00000000f4f00000, 0x00000000f5000000, 0x00000000f5000000|100%| E|CS|TAMS 0x00000000f4f00000, 0x00000000f4f00000| Complete 
| 336|0x00000000f5000000, 0x00000000f5100000, 0x00000000f5100000|100%| E|CS|TAMS 0x00000000f5000000, 0x00000000f5000000| Complete 
| 337|0x00000000f5100000, 0x00000000f5200000, 0x00000000f5200000|100%| E|CS|TAMS 0x00000000f5100000, 0x00000000f5100000| Complete 
| 338|0x00000000f5200000, 0x00000000f5300000, 0x00000000f5300000|100%| E|CS|TAMS 0x00000000f5200000, 0x00000000f5200000| Complete 
| 339|0x00000000f5300000, 0x00000000f5400000, 0x00000000f5400000|100%| E|CS|TAMS 0x00000000f5300000, 0x00000000f5300000| Complete 
| 340|0x00000000f5400000, 0x00000000f5500000, 0x00000000f5500000|100%| E|CS|TAMS 0x00000000f5400000, 0x00000000f5400000| Complete 
| 341|0x00000000f5500000, 0x00000000f5600000, 0x00000000f5600000|100%| E|CS|TAMS 0x00000000f5500000, 0x00000000f5500000| Complete 
| 342|0x00000000f5600000, 0x00000000f5700000, 0x00000000f5700000|100%| E|CS|TAMS 0x00000000f5600000, 0x00000000f5600000| Complete 
| 343|0x00000000f5700000, 0x00000000f5800000, 0x00000000f5800000|100%| E|CS|TAMS 0x00000000f5700000, 0x00000000f5700000| Complete 
| 344|0x00000000f5800000, 0x00000000f5900000, 0x00000000f5900000|100%| E|CS|TAMS 0x00000000f5800000, 0x00000000f5800000| Complete 
| 345|0x00000000f5900000, 0x00000000f5a00000, 0x00000000f5a00000|100%| E|CS|TAMS 0x00000000f5900000, 0x00000000f5900000| Complete 
| 346|0x00000000f5a00000, 0x00000000f5b00000, 0x00000000f5b00000|100%| E|CS|TAMS 0x00000000f5a00000, 0x00000000f5a00000| Complete 
| 347|0x00000000f5b00000, 0x00000000f5c00000, 0x00000000f5c00000|100%| E|CS|TAMS 0x00000000f5b00000, 0x00000000f5b00000| Complete 
| 348|0x00000000f5c00000, 0x00000000f5d00000, 0x00000000f5d00000|100%| E|CS|TAMS 0x00000000f5c00000, 0x00000000f5c00000| Complete 
| 349|0x00000000f5d00000, 0x00000000f5e00000, 0x00000000f5e00000|100%| E|CS|TAMS 0x00000000f5d00000, 0x00000000f5d00000| Complete 
| 350|0x00000000f5e00000, 0x00000000f5f00000, 0x00000000f5f00000|100%| E|CS|TAMS 0x00000000f5e00000, 0x00000000f5e00000| Complete 
| 351|0x00000000f5f00000, 0x00000000f6000000, 0x00000000f6000000|100%| E|CS|TAMS 0x00000000f5f00000, 0x00000000f5f00000| Complete 
| 352|0x00000000f6000000, 0x00000000f6100000, 0x00000000f6100000|100%| E|CS|TAMS 0x00000000f6000000, 0x00000000f6000000| Complete 
| 353|0x00000000f6100000, 0x00000000f6200000, 0x00000000f6200000|100%| E|CS|TAMS 0x00000000f6100000, 0x00000000f6100000| Complete 
| 354|0x00000000f6200000, 0x00000000f6300000, 0x00000000f6300000|100%| E|CS|TAMS 0x00000000f6200000, 0x00000000f6200000| Complete 
| 355|0x00000000f6300000, 0x00000000f6400000, 0x00000000f6400000|100%| E|CS|TAMS 0x00000000f6300000, 0x00000000f6300000| Complete 
| 356|0x00000000f6400000, 0x00000000f6500000, 0x00000000f6500000|100%| E|CS|TAMS 0x00000000f6400000, 0x00000000f6400000| Complete 
| 357|0x00000000f6500000, 0x00000000f6600000, 0x00000000f6600000|100%| E|CS|TAMS 0x00000000f6500000, 0x00000000f6500000| Complete 
| 358|0x00000000f6600000, 0x00000000f6700000, 0x00000000f6700000|100%| E|CS|TAMS 0x00000000f6600000, 0x00000000f6600000| Complete 
| 359|0x00000000f6700000, 0x00000000f6800000, 0x00000000f6800000|100%| E|CS|TAMS 0x00000000f6700000, 0x00000000f6700000| Complete 
| 360|0x00000000f6800000, 0x00000000f6900000, 0x00000000f6900000|100%| E|CS|TAMS 0x00000000f6800000, 0x00000000f6800000| Complete 
| 361|0x00000000f6900000, 0x00000000f6a00000, 0x00000000f6a00000|100%| E|CS|TAMS 0x00000000f6900000, 0x00000000f6900000| Complete 
| 362|0x00000000f6a00000, 0x00000000f6b00000, 0x00000000f6b00000|100%| E|CS|TAMS 0x00000000f6a00000, 0x00000000f6a00000| Complete 
| 363|0x00000000f6b00000, 0x00000000f6c00000, 0x00000000f6c00000|100%| E|CS|TAMS 0x00000000f6b00000, 0x00000000f6b00000| Complete 
| 364|0x00000000f6c00000, 0x00000000f6d00000, 0x00000000f6d00000|100%| E|CS|TAMS 0x00000000f6c00000, 0x00000000f6c00000| Complete 
| 365|0x00000000f6d00000, 0x00000000f6e00000, 0x00000000f6e00000|100%| E|CS|TAMS 0x00000000f6d00000, 0x00000000f6d00000| Complete 
| 366|0x00000000f6e00000, 0x00000000f6f00000, 0x00000000f6f00000|100%| E|CS|TAMS 0x00000000f6e00000, 0x00000000f6e00000| Complete 
| 367|0x00000000f6f00000, 0x00000000f7000000, 0x00000000f7000000|100%| E|CS|TAMS 0x00000000f6f00000, 0x00000000f6f00000| Complete 
| 368|0x00000000f7000000, 0x00000000f7100000, 0x00000000f7100000|100%| E|CS|TAMS 0x00000000f7000000, 0x00000000f7000000| Complete 
| 369|0x00000000f7100000, 0x00000000f7200000, 0x00000000f7200000|100%| E|CS|TAMS 0x00000000f7100000, 0x00000000f7100000| Complete 
| 370|0x00000000f7200000, 0x00000000f7300000, 0x00000000f7300000|100%| E|CS|TAMS 0x00000000f7200000, 0x00000000f7200000| Complete 
| 371|0x00000000f7300000, 0x00000000f7400000, 0x00000000f7400000|100%| E|CS|TAMS 0x00000000f7300000, 0x00000000f7300000| Complete 
| 372|0x00000000f7400000, 0x00000000f7500000, 0x00000000f7500000|100%| E|CS|TAMS 0x00000000f7400000, 0x00000000f7400000| Complete 
| 373|0x00000000f7500000, 0x00000000f7600000, 0x00000000f7600000|100%| E|CS|TAMS 0x00000000f7500000, 0x00000000f7500000| Complete 
| 374|0x00000000f7600000, 0x00000000f7700000, 0x00000000f7700000|100%| E|CS|TAMS 0x00000000f7600000, 0x00000000f7600000| Complete 
| 375|0x00000000f7700000, 0x00000000f7800000, 0x00000000f7800000|100%| E|CS|TAMS 0x00000000f7700000, 0x00000000f7700000| Complete 
| 376|0x00000000f7800000, 0x00000000f7900000, 0x00000000f7900000|100%| E|CS|TAMS 0x00000000f7800000, 0x00000000f7800000| Complete 
| 377|0x00000000f7900000, 0x00000000f7a00000, 0x00000000f7a00000|100%| E|CS|TAMS 0x00000000f7900000, 0x00000000f7900000| Complete 
| 378|0x00000000f7a00000, 0x00000000f7b00000, 0x00000000f7b00000|100%| E|CS|TAMS 0x00000000f7a00000, 0x00000000f7a00000| Complete 
| 379|0x00000000f7b00000, 0x00000000f7c00000, 0x00000000f7c00000|100%| E|CS|TAMS 0x00000000f7b00000, 0x00000000f7b00000| Complete 
| 380|0x00000000f7c00000, 0x00000000f7d00000, 0x00000000f7d00000|100%| E|CS|TAMS 0x00000000f7c00000, 0x00000000f7c00000| Complete 
| 381|0x00000000f7d00000, 0x00000000f7e00000, 0x00000000f7e00000|100%| E|CS|TAMS 0x00000000f7d00000, 0x00000000f7d00000| Complete 
| 382|0x00000000f7e00000, 0x00000000f7f00000, 0x00000000f7f00000|100%| E|CS|TAMS 0x00000000f7e00000, 0x00000000f7e00000| Complete 
| 383|0x00000000f7f00000, 0x00000000f8000000, 0x00000000f8000000|100%| E|CS|TAMS 0x00000000f7f00000, 0x00000000f7f00000| Complete 
| 384|0x00000000f8000000, 0x00000000f8100000, 0x00000000f8100000|100%| E|CS|TAMS 0x00000000f8000000, 0x00000000f8000000| Complete 
| 385|0x00000000f8100000, 0x00000000f8200000, 0x00000000f8200000|100%| E|CS|TAMS 0x00000000f8100000, 0x00000000f8100000| Complete 
| 386|0x00000000f8200000, 0x00000000f8300000, 0x00000000f8300000|100%| E|CS|TAMS 0x00000000f8200000, 0x00000000f8200000| Complete 
| 387|0x00000000f8300000, 0x00000000f8400000, 0x00000000f8400000|100%| E|CS|TAMS 0x00000000f8300000, 0x00000000f8300000| Complete 
| 388|0x00000000f8400000, 0x00000000f8500000, 0x00000000f8500000|100%| E|CS|TAMS 0x00000000f8400000, 0x00000000f8400000| Complete 
| 389|0x00000000f8500000, 0x00000000f8600000, 0x00000000f8600000|100%| E|CS|TAMS 0x00000000f8500000, 0x00000000f8500000| Complete 
| 390|0x00000000f8600000, 0x00000000f8700000, 0x00000000f8700000|100%| E|CS|TAMS 0x00000000f8600000, 0x00000000f8600000| Complete 
| 391|0x00000000f8700000, 0x00000000f8800000, 0x00000000f8800000|100%| E|CS|TAMS 0x00000000f8700000, 0x00000000f8700000| Complete 
| 392|0x00000000f8800000, 0x00000000f8900000, 0x00000000f8900000|100%| E|CS|TAMS 0x00000000f8800000, 0x00000000f8800000| Complete 
| 393|0x00000000f8900000, 0x00000000f8a00000, 0x00000000f8a00000|100%| E|CS|TAMS 0x00000000f8900000, 0x00000000f8900000| Complete 
| 394|0x00000000f8a00000, 0x00000000f8b00000, 0x00000000f8b00000|100%| E|CS|TAMS 0x00000000f8a00000, 0x00000000f8a00000| Complete 
| 395|0x00000000f8b00000, 0x00000000f8c00000, 0x00000000f8c00000|100%| E|CS|TAMS 0x00000000f8b00000, 0x00000000f8b00000| Complete 
| 396|0x00000000f8c00000, 0x00000000f8d00000, 0x00000000f8d00000|100%| E|CS|TAMS 0x00000000f8c00000, 0x00000000f8c00000| Complete 
| 397|0x00000000f8d00000, 0x00000000f8e00000, 0x00000000f8e00000|100%| E|CS|TAMS 0x00000000f8d00000, 0x00000000f8d00000| Complete 
| 398|0x00000000f8e00000, 0x00000000f8f00000, 0x00000000f8f00000|100%| E|CS|TAMS 0x00000000f8e00000, 0x00000000f8e00000| Complete 
| 399|0x00000000f8f00000, 0x00000000f9000000, 0x00000000f9000000|100%| E|CS|TAMS 0x00000000f8f00000, 0x00000000f8f00000| Complete 
| 400|0x00000000f9000000, 0x00000000f9100000, 0x00000000f9100000|100%| E|CS|TAMS 0x00000000f9000000, 0x00000000f9000000| Complete 
| 401|0x00000000f9100000, 0x00000000f9200000, 0x00000000f9200000|100%| E|CS|TAMS 0x00000000f9100000, 0x00000000f9100000| Complete 
| 402|0x00000000f9200000, 0x00000000f9300000, 0x00000000f9300000|100%| E|CS|TAMS 0x00000000f9200000, 0x00000000f9200000| Complete 
| 403|0x00000000f9300000, 0x00000000f9400000, 0x00000000f9400000|100%| E|CS|TAMS 0x00000000f9300000, 0x00000000f9300000| Complete 
| 404|0x00000000f9400000, 0x00000000f9500000, 0x00000000f9500000|100%| E|CS|TAMS 0x00000000f9400000, 0x00000000f9400000| Complete 
| 405|0x00000000f9500000, 0x00000000f9600000, 0x00000000f9600000|100%| E|CS|TAMS 0x00000000f9500000, 0x00000000f9500000| Complete 
| 406|0x00000000f9600000, 0x00000000f9700000, 0x00000000f9700000|100%| E|CS|TAMS 0x00000000f9600000, 0x00000000f9600000| Complete 
| 407|0x00000000f9700000, 0x00000000f9800000, 0x00000000f9800000|100%| E|CS|TAMS 0x00000000f9700000, 0x00000000f9700000| Complete 
| 408|0x00000000f9800000, 0x00000000f9900000, 0x00000000f9900000|100%| E|CS|TAMS 0x00000000f9800000, 0x00000000f9800000| Complete 

Card table byte_map: [0x000002022f630000,0x000002022f730000] _byte_map_base: 0x000002022ef30000

Marking Bits (Prev, Next): (CMBitMap*) 0x000002021ca6abc0, (CMBitMap*) 0x000002021ca6ab80
 Prev Bits: [0x0000020230030000, 0x0000020230830000)
 Next Bits: [0x000002022f830000, 0x0000020230030000)

Polling page: 0x000002021aa20000

Metaspace:

Usage:
  Non-class:     76.69 MB used.
      Class:     11.43 MB used.
       Both:     88.11 MB used.

Virtual space:
  Non-class space:      128.00 MB reserved,      77.88 MB ( 61%) committed,  2 nodes.
      Class space:      320.00 MB reserved,      12.19 MB (  4%) committed,  1 nodes.
             Both:      448.00 MB reserved,      90.06 MB ( 20%) committed. 

Chunk freelists:
   Non-Class:  2.58 MB
       Class:  3.92 MB
        Both:  6.50 MB

MaxMetaspaceSize: 384.00 MB
CompressedClassSpaceSize: 320.00 MB
Initial GC threshold: 21.00 MB
Current GC threshold: 150.31 MB
CDS: off
MetaspaceReclaimPolicy: balanced
 - commit_granule_bytes: 65536.
 - commit_granule_words: 8192.
 - virtual_space_node_default_size: 8388608.
 - enlarge_chunks_in_place: 1.
 - new_chunks_are_fully_committed: 0.
 - uncommit_free_chunks: 1.
 - use_allocation_guard: 0.
 - handle_deallocations: 1.


Internal statistics:

num_allocs_failed_limit: 9.
num_arena_births: 2970.
num_arena_deaths: 1126.
num_vsnodes_births: 3.
num_vsnodes_deaths: 0.
num_space_committed: 1458.
num_space_uncommitted: 17.
num_chunks_returned_to_freelist: 1827.
num_chunks_taken_from_freelist: 7730.
num_chunk_merges: 314.
num_chunk_splits: 3820.
num_chunks_enlarged: 1893.
num_inconsistent_stats: 0.

CodeHeap 'non-profiled nmethods': size=120000Kb used=21811Kb max_used=22958Kb free=98188Kb
 bounds [0x0000020227cd0000, 0x0000020229360000, 0x000002022f200000]
CodeHeap 'profiled nmethods': size=120000Kb used=33033Kb max_used=34455Kb free=86966Kb
 bounds [0x0000020220200000, 0x00000202223b0000, 0x0000020227730000]
CodeHeap 'non-nmethods': size=5760Kb used=2376Kb max_used=2452Kb free=3383Kb
 bounds [0x0000020227730000, 0x00000202279b0000, 0x0000020227cd0000]
 total_blobs=19538 nmethods=18633 adapters=816
 compilation: enabled
              stopped_count=0, restarted_count=0
 full_count=0

Compilation events (20 events):
Event: 8745.698 Thread 0x00000202334452a0 nmethod 24399 0x0000020221bda110 code [0x0000020221bda2c0, 0x0000020221bda4d8]
Event: 8745.698 Thread 0x00000202334447f0 nmethod 24389 0x000002022919cc10 code [0x000002022919cd80, 0x000002022919ce38]
Event: 8745.698 Thread 0x00000202334447f0 24393       4       org.gradle.internal.logging.slf4j.BuildOperationAwareLogger::info (19 bytes)
Event: 8745.711 Thread 0x00000202334447f0 nmethod 24393 0x0000020229178f10 code [0x00000202291790a0, 0x00000202291791d8]
Event: 8745.711 Thread 0x00000202334447f0 24400       4       org.gradle.internal.instantiation.generator.DependencyInjectingInstantiator::addServicesToParameters (349 bytes)
Event: 8745.765 Thread 0x00000202334452a0 24403       3       java.lang.CharacterDataLatin1::isWhitespace (23 bytes)
Event: 8745.766 Thread 0x00000202334452a0 nmethod 24403 0x000002022205b290 code [0x000002022205b440, 0x000002022205b638]
Event: 8745.929 Thread 0x00000202334452a0 24406       3       org.gradle.execution.plan.ToPlannedTaskConverter::getNodeIdentity (22 bytes)
Event: 8745.930 Thread 0x00000202334452a0 nmethod 24406 0x00000202219b8290 code [0x00000202219b8460, 0x00000202219b88b8]
Event: 8745.931 Thread 0x000002023dfe8000 24404       4       com.google.common.collect.ImmutableMap$Builder::put (35 bytes)
Event: 8745.947 Thread 0x000002023dfe8000 nmethod 24404 0x0000020227d94810 code [0x0000020227d949a0, 0x0000020227d95038]
Event: 8745.947 Thread 0x000002023dfe8000 24405       4       com.google.common.collect.Sets::newHashSetWithExpectedSize (12 bytes)
Event: 8745.957 Thread 0x000002023dfe8000 nmethod 24405 0x0000020227d94210 code [0x0000020227d943c0, 0x0000020227d94638]
Event: 8745.957 Thread 0x000002023dfe8000 24402       4       org.gradle.api.internal.model.DefaultObjectFactory::directoryProperty (10 bytes)
Event: 8745.957 Thread 0x00000202334452a0 24407       3       org.gradle.api.tasks.Delete::delete (13 bytes)
Event: 8745.958 Thread 0x00000202334452a0 nmethod 24407 0x00000202220d8a10 code [0x00000202220d8bc0, 0x00000202220d8d48]
Event: 8745.979 Thread 0x000002023dfe8000 nmethod 24402 0x0000020228406990 code [0x0000020228406b40, 0x0000020228407358]
Event: 8745.979 Thread 0x000002023dfe8000 24408       4       java.lang.Integer::getInteger (19 bytes)
Event: 8745.992 Thread 0x00000202334452a0 24409       2       java.util.AbstractQueue::add (20 bytes)
Event: 8745.992 Thread 0x00000202334452a0 nmethod 24409 0x00000202222f7510 code [0x00000202222f76c0, 0x00000202222f78b8]

GC Heap History (20 events):
Event: 8233.812 GC heap before
{Heap before GC invocations=129 (full 0):
 garbage-first heap   total 348160K, used 228099K [0x00000000e0000000, 0x0000000100000000)
  region size 1024K, 114 young (116736K), 11 survivors (11264K)
 Metaspace       used 87415K, committed 88576K, reserved 458752K
  class space    used 11348K, committed 11840K, reserved 327680K
}
Event: 8233.844 GC heap after
{Heap after GC invocations=130 (full 0):
 garbage-first heap   total 348160K, used 138768K [0x00000000e0000000, 0x0000000100000000)
  region size 1024K, 15 young (15360K), 15 survivors (15360K)
 Metaspace       used 87415K, committed 88576K, reserved 458752K
  class space    used 11348K, committed 11840K, reserved 327680K
}
Event: 8233.924 GC heap before
{Heap before GC invocations=130 (full 0):
 garbage-first heap   total 348160K, used 139792K [0x00000000e0000000, 0x0000000100000000)
  region size 1024K, 17 young (17408K), 15 survivors (15360K)
 Metaspace       used 87445K, committed 88576K, reserved 458752K
  class space    used 11363K, committed 11840K, reserved 327680K
}
Event: 8233.958 GC heap after
{Heap after GC invocations=131 (full 0):
 garbage-first heap   total 348160K, used 125966K [0x00000000e0000000, 0x0000000100000000)
  region size 1024K, 2 young (2048K), 2 survivors (2048K)
 Metaspace       used 87445K, committed 88576K, reserved 458752K
  class space    used 11363K, committed 11840K, reserved 327680K
}
Event: 8238.083 GC heap before
{Heap before GC invocations=131 (full 0):
 garbage-first heap   total 348160K, used 232462K [0x00000000e0000000, 0x0000000100000000)
  region size 1024K, 106 young (108544K), 2 survivors (2048K)
 Metaspace       used 90845K, committed 92096K, reserved 458752K
  class space    used 11766K, committed 12288K, reserved 327680K
}
Event: 8238.096 GC heap after
{Heap after GC invocations=132 (full 0):
 garbage-first heap   total 348160K, used 127433K [0x00000000e0000000, 0x0000000100000000)
  region size 1024K, 3 young (3072K), 3 survivors (3072K)
 Metaspace       used 90845K, committed 92096K, reserved 458752K
  class space    used 11766K, committed 12288K, reserved 327680K
}
Event: 8500.866 GC heap before
{Heap before GC invocations=133 (full 0):
 garbage-first heap   total 348160K, used 244169K [0x00000000e0000000, 0x0000000100000000)
  region size 1024K, 116 young (118784K), 3 survivors (3072K)
 Metaspace       used 91914K, committed 93248K, reserved 458752K
  class space    used 11930K, committed 12544K, reserved 327680K
}
Event: 8500.911 GC heap after
{Heap after GC invocations=134 (full 0):
 garbage-first heap   total 348160K, used 154102K [0x00000000e0000000, 0x0000000100000000)
  region size 1024K, 15 young (15360K), 15 survivors (15360K)
 Metaspace       used 91914K, committed 93248K, reserved 458752K
  class space    used 11930K, committed 12544K, reserved 327680K
}
Event: 8500.931 GC heap before
{Heap before GC invocations=134 (full 0):
 garbage-first heap   total 348160K, used 156150K [0x00000000e0000000, 0x0000000100000000)
  region size 1024K, 17 young (17408K), 15 survivors (15360K)
 Metaspace       used 91914K, committed 93248K, reserved 458752K
  class space    used 11930K, committed 12544K, reserved 327680K
}
Event: 8500.982 GC heap after
{Heap after GC invocations=135 (full 0):
 garbage-first heap   total 348160K, used 151674K [0x00000000e0000000, 0x0000000100000000)
  region size 1024K, 1 young (1024K), 1 survivors (1024K)
 Metaspace       used 91914K, committed 93248K, reserved 458752K
  class space    used 11930K, committed 12544K, reserved 327680K
}
Event: 8502.036 GC heap before
{Heap before GC invocations=135 (full 0):
 garbage-first heap   total 348160K, used 251002K [0x00000000e0000000, 0x0000000100000000)
  region size 1024K, 99 young (101376K), 1 survivors (1024K)
 Metaspace       used 91914K, committed 93248K, reserved 458752K
  class space    used 11930K, committed 12544K, reserved 327680K
}
Event: 8502.054 GC heap after
{Heap after GC invocations=136 (full 0):
 garbage-first heap   total 418816K, used 156056K [0x00000000e0000000, 0x0000000100000000)
  region size 1024K, 6 young (6144K), 6 survivors (6144K)
 Metaspace       used 91914K, committed 93248K, reserved 458752K
  class space    used 11930K, committed 12544K, reserved 327680K
}
Event: 8504.022 GC heap before
{Heap before GC invocations=137 (full 0):
 garbage-first heap   total 418816K, used 283032K [0x00000000e0000000, 0x0000000100000000)
  region size 1024K, 146 young (149504K), 6 survivors (6144K)
 Metaspace       used 90057K, committed 92224K, reserved 458752K
  class space    used 11693K, committed 12480K, reserved 327680K
}
Event: 8504.048 GC heap after
{Heap after GC invocations=138 (full 0):
 garbage-first heap   total 418816K, used 143602K [0x00000000e0000000, 0x0000000100000000)
  region size 1024K, 8 young (8192K), 8 survivors (8192K)
 Metaspace       used 90057K, committed 92224K, reserved 458752K
  class space    used 11693K, committed 12480K, reserved 327680K
}
Event: 8736.336 GC heap before
{Heap before GC invocations=138 (full 0):
 garbage-first heap   total 418816K, used 154866K [0x00000000e0000000, 0x0000000100000000)
  region size 1024K, 20 young (20480K), 8 survivors (8192K)
 Metaspace       used 90124K, committed 92224K, reserved 458752K
  class space    used 11701K, committed 12480K, reserved 327680K
}
Event: 8736.368 GC heap after
{Heap after GC invocations=139 (full 0):
 garbage-first heap   total 418816K, used 108713K [0x00000000e0000000, 0x0000000100000000)
  region size 1024K, 2 young (2048K), 2 survivors (2048K)
 Metaspace       used 90124K, committed 92224K, reserved 458752K
  class space    used 11701K, committed 12480K, reserved 327680K
}
Event: 8736.759 GC heap before
{Heap before GC invocations=139 (full 0):
 garbage-first heap   total 418816K, used 126121K [0x00000000e0000000, 0x0000000100000000)
  region size 1024K, 20 young (20480K), 2 survivors (2048K)
 Metaspace       used 90224K, committed 92224K, reserved 458752K
  class space    used 11711K, committed 12480K, reserved 327680K
}
Event: 8736.778 GC heap after
{Heap after GC invocations=140 (full 0):
 garbage-first heap   total 418816K, used 107779K [0x00000000e0000000, 0x0000000100000000)
  region size 1024K, 3 young (3072K), 3 survivors (3072K)
 Metaspace       used 90224K, committed 92224K, reserved 458752K
  class space    used 11711K, committed 12480K, reserved 327680K
}
Event: 8738.382 GC heap before
{Heap before GC invocations=140 (full 0):
 garbage-first heap   total 418816K, used 290051K [0x00000000e0000000, 0x0000000100000000)
  region size 1024K, 182 young (186368K), 3 survivors (3072K)
 Metaspace       used 90235K, committed 92224K, reserved 458752K
  class space    used 11711K, committed 12480K, reserved 327680K
}
Event: 8738.405 GC heap after
{Heap after GC invocations=141 (full 0):
 garbage-first heap   total 418816K, used 118984K [0x00000000e0000000, 0x0000000100000000)
  region size 1024K, 14 young (14336K), 14 survivors (14336K)
 Metaspace       used 90235K, committed 92224K, reserved 458752K
  class space    used 11711K, committed 12480K, reserved 327680K
}

Dll operation events (4 events):
Event: 0.024 Loaded shared library C:\Users\mihai\.jdks\jbr-17.0.8\bin\java.dll
Event: 0.286 Loaded shared library C:\Users\mihai\.jdks\jbr-17.0.8\bin\jsvml.dll
Event: 0.809 Loaded shared library C:\Users\mihai\.jdks\jbr-17.0.8\bin\zip.dll
Event: 1.850 Loaded shared library C:\Users\mihai\.jdks\jbr-17.0.8\bin\verify.dll

Deoptimization events (20 events):
Event: 8736.657 Thread 0x000002023dde0d40 Uncommon trap: trap_request=0xffffffde fr.pc=0x0000020228628508 relative=0x00000000000041e8
Event: 8736.657 Thread 0x000002023dde0d40 Uncommon trap: reason=class_check action=maybe_recompile pc=0x0000020228628508 method=org.gradle.internal.snapshot.impl.AbstractValueProcessor.processValue(Ljava/lang/Object;Lorg/gradle/internal/snapshot/impl/AbstractValueProcessor$ValueVisitor;)Ljava/lan
Event: 8736.657 Thread 0x000002023dde0d40 DEOPT PACKING pc=0x0000020228628508 sp=0x00000088adbfc6f0
Event: 8736.657 Thread 0x000002023dde0d40 DEOPT UNPACKING pc=0x00000202277869a3 sp=0x00000088adbfc6d8 mode 2
Event: 8736.657 Thread 0x000002023dde0d40 Uncommon trap: trap_request=0xffffffde fr.pc=0x0000020228628508 relative=0x00000000000041e8
Event: 8736.657 Thread 0x000002023dde0d40 Uncommon trap: reason=class_check action=maybe_recompile pc=0x0000020228628508 method=org.gradle.internal.snapshot.impl.AbstractValueProcessor.processValue(Ljava/lang/Object;Lorg/gradle/internal/snapshot/impl/AbstractValueProcessor$ValueVisitor;)Ljava/lan
Event: 8736.657 Thread 0x000002023dde0d40 DEOPT PACKING pc=0x0000020228628508 sp=0x00000088adbfc4b0
Event: 8736.657 Thread 0x000002023dde0d40 DEOPT UNPACKING pc=0x00000202277869a3 sp=0x00000088adbfc498 mode 2
Event: 8737.861 Thread 0x000002023dde0d40 Uncommon trap: trap_request=0xffffffd6 fr.pc=0x0000020229140474 relative=0x00000000000006d4
Event: 8737.861 Thread 0x000002023dde0d40 Uncommon trap: reason=array_check action=maybe_recompile pc=0x0000020229140474 method=java.util.TimSort.reverseRange([Ljava/lang/Object;II)V @ 20 c2
Event: 8737.861 Thread 0x000002023dde0d40 DEOPT PACKING pc=0x0000020229140474 sp=0x00000088adbfbf20
Event: 8737.861 Thread 0x000002023dde0d40 DEOPT UNPACKING pc=0x00000202277869a3 sp=0x00000088adbfbe50 mode 2
Event: 8745.991 Thread 0x0000020243255460 Uncommon trap: trap_request=0xffffffde fr.pc=0x0000020228628508 relative=0x00000000000041e8
Event: 8745.991 Thread 0x0000020243255460 Uncommon trap: reason=class_check action=maybe_recompile pc=0x0000020228628508 method=org.gradle.internal.snapshot.impl.AbstractValueProcessor.processValue(Ljava/lang/Object;Lorg/gradle/internal/snapshot/impl/AbstractValueProcessor$ValueVisitor;)Ljava/lan
Event: 8745.991 Thread 0x0000020243255460 DEOPT PACKING pc=0x0000020228628508 sp=0x00000088ae1fdaa0
Event: 8745.991 Thread 0x0000020243255460 DEOPT UNPACKING pc=0x00000202277869a3 sp=0x00000088ae1fda88 mode 2
Event: 8745.991 Thread 0x0000020243255460 Uncommon trap: trap_request=0xffffffde fr.pc=0x0000020228628508 relative=0x00000000000041e8
Event: 8745.991 Thread 0x0000020243255460 Uncommon trap: reason=class_check action=maybe_recompile pc=0x0000020228628508 method=org.gradle.internal.snapshot.impl.AbstractValueProcessor.processValue(Ljava/lang/Object;Lorg/gradle/internal/snapshot/impl/AbstractValueProcessor$ValueVisitor;)Ljava/lan
Event: 8745.991 Thread 0x0000020243255460 DEOPT PACKING pc=0x0000020228628508 sp=0x00000088ae1fd860
Event: 8745.991 Thread 0x0000020243255460 DEOPT UNPACKING pc=0x00000202277869a3 sp=0x00000088ae1fd848 mode 2

Classes unloaded (20 events):
Event: 8738.655 Thread 0x0000020233291960 Unloading class 0x0000000100b84800 'java/lang/invoke/LambdaForm$MH+0x0000000100b84800'
Event: 8738.655 Thread 0x0000020233291960 Unloading class 0x0000000100b84400 'java/lang/invoke/LambdaForm$MH+0x0000000100b84400'
Event: 8738.655 Thread 0x0000020233291960 Unloading class 0x0000000100b84000 'java/lang/invoke/LambdaForm$MH+0x0000000100b84000'
Event: 8738.655 Thread 0x0000020233291960 Unloading class 0x0000000100a60800 'OutputPathCollectorService$registerTask'
Event: 8738.655 Thread 0x0000020233291960 Unloading class 0x0000000100ab3400 'jdk/internal/reflect/GeneratedSerializationConstructorAccessor56'
Event: 8738.655 Thread 0x0000020233291960 Unloading class 0x0000000100a373e8 'OutputPathCollectorService$_close_closure1$_closure2'
Event: 8738.655 Thread 0x0000020233291960 Unloading class 0x0000000100a36fb8 'OutputPathCollectorService$_close_closure1'
Event: 8738.655 Thread 0x0000020233291960 Unloading class 0x0000000100a36d70 'OutputPathCollectorService$Inject$$Lambda$1601+0x0000000100a36d70'
Event: 8738.655 Thread 0x0000020233291960 Unloading class 0x0000000100a369a8 'OutputPathCollectorService$Inject'
Event: 8738.655 Thread 0x0000020233291960 Unloading class 0x0000000100a36760 'OutputPathCollectorService$Params$Inject$$Lambda$1600+0x0000000100a36760'
Event: 8738.655 Thread 0x0000020233291960 Unloading class 0x0000000100a36430 'OutputPathCollectorService$Params$Inject'
Event: 8738.655 Thread 0x0000020233291960 Unloading class 0x0000000100a36000 'ijpathcollect1_b0trac436oq7s9y37fvdxuzlo$_run_closure2$_closure3$_closure4'
Event: 8738.655 Thread 0x0000020233291960 Unloading class 0x0000000100a35a88 'ijpathcollect1_b0trac436oq7s9y37fvdxuzlo$_run_closure2$_closure3'
Event: 8738.655 Thread 0x0000020233291960 Unloading class 0x0000000100a35658 'ijpathcollect1_b0trac436oq7s9y37fvdxuzlo$_run_closure2'
Event: 8738.655 Thread 0x0000020233291960 Unloading class 0x0000000100a35410 'OutputPathCollectorService$Params_Decorated$$Lambda$1599+0x0000000100a35410'
Event: 8738.655 Thread 0x0000020233291960 Unloading class 0x0000000100a35000 'OutputPathCollectorService$Params_Decorated'
Event: 8738.655 Thread 0x0000020233291960 Unloading class 0x0000000100ab6d88 'OutputPathCollectorService$Params'
Event: 8738.655 Thread 0x0000020233291960 Unloading class 0x0000000100ab2338 'ijpathcollect1_b0trac436oq7s9y37fvdxuzlo$_run_closure1'
Event: 8738.655 Thread 0x0000020233291960 Unloading class 0x0000000100ab2000 'OutputPathCollectorService'
Event: 8738.655 Thread 0x0000020233291960 Unloading class 0x0000000100ab6800 'ijpathcollect1_b0trac436oq7s9y37fvdxuzlo'

Classes redefined (0 events):
No events

Internal exceptions (20 events):
Event: 8745.445 Thread 0x000002023c2a0b60 Exception <a 'java/lang/NoClassDefFoundError'{0x00000000f3795428}: org/jetbrains/kotlin/gradle/plugin/KotlinPluginWrapper> (0x00000000f3795428) 
thrown [s\src\hotspot\share\oops\constantPool.cpp, line 835]
Event: 8745.446 Thread 0x000002023c2a0b60 Exception <a 'java/lang/NoClassDefFoundError'{0x00000000f3797a70}: org/graalvm/buildtools/gradle/NativeImagePlugin> (0x00000000f3797a70) 
thrown [s\src\hotspot\share\oops\constantPool.cpp, line 835]
Event: 8745.481 Thread 0x000002023c2a0b60 Exception <a 'java/lang/NoClassDefFoundError'{0x00000000f36627c8}: org/jetbrains/kotlin/gradle/plugin/KotlinPluginWrapper> (0x00000000f36627c8) 
thrown [s\src\hotspot\share\oops\constantPool.cpp, line 835]
Event: 8745.481 Thread 0x000002023c2a0b60 Exception <a 'java/lang/NoClassDefFoundError'{0x00000000f3664e10}: org/graalvm/buildtools/gradle/NativeImagePlugin> (0x00000000f3664e10) 
thrown [s\src\hotspot\share\oops\constantPool.cpp, line 835]
Event: 8745.534 Thread 0x000002023c2a0b60 Exception <a 'java/lang/NoClassDefFoundError'{0x00000000f3533740}: org/jetbrains/kotlin/gradle/plugin/KotlinPluginWrapper> (0x00000000f3533740) 
thrown [s\src\hotspot\share\oops\constantPool.cpp, line 835]
Event: 8745.534 Thread 0x000002023c2a0b60 Exception <a 'java/lang/NoClassDefFoundError'{0x00000000f3535d88}: org/graalvm/buildtools/gradle/NativeImagePlugin> (0x00000000f3535d88) 
thrown [s\src\hotspot\share\oops\constantPool.cpp, line 835]
Event: 8745.631 Thread 0x000002023c2a0b60 Exception <a 'java/lang/NoClassDefFoundError'{0x00000000f3405898}: org/jetbrains/kotlin/gradle/plugin/KotlinPluginWrapper> (0x00000000f3405898) 
thrown [s\src\hotspot\share\oops\constantPool.cpp, line 835]
Event: 8745.631 Thread 0x000002023c2a0b60 Exception <a 'java/lang/NoClassDefFoundError'{0x00000000f3407ee0}: org/graalvm/buildtools/gradle/NativeImagePlugin> (0x00000000f3407ee0) 
thrown [s\src\hotspot\share\oops\constantPool.cpp, line 835]
Event: 8745.676 Thread 0x000002023c2a0b60 Exception <a 'java/lang/NoClassDefFoundError'{0x00000000f34d80a0}: org/jetbrains/kotlin/gradle/plugin/KotlinPluginWrapper> (0x00000000f34d80a0) 
thrown [s\src\hotspot\share\oops\constantPool.cpp, line 835]
Event: 8745.676 Thread 0x000002023c2a0b60 Exception <a 'java/lang/NoClassDefFoundError'{0x00000000f34da6e8}: org/graalvm/buildtools/gradle/NativeImagePlugin> (0x00000000f34da6e8) 
thrown [s\src\hotspot\share\oops\constantPool.cpp, line 835]
Event: 8745.708 Thread 0x000002023c2a0b60 Exception <a 'java/lang/NoClassDefFoundError'{0x00000000f33a49d0}: org/jetbrains/kotlin/gradle/plugin/KotlinPluginWrapper> (0x00000000f33a49d0) 
thrown [s\src\hotspot\share\oops\constantPool.cpp, line 835]
Event: 8745.708 Thread 0x000002023c2a0b60 Exception <a 'java/lang/NoClassDefFoundError'{0x00000000f33a7018}: org/graalvm/buildtools/gradle/NativeImagePlugin> (0x00000000f33a7018) 
thrown [s\src\hotspot\share\oops\constantPool.cpp, line 835]
Event: 8745.732 Thread 0x000002023c2a0b60 Exception <a 'java/lang/NoClassDefFoundError'{0x00000000f32783d8}: org/jetbrains/kotlin/gradle/plugin/KotlinPluginWrapper> (0x00000000f32783d8) 
thrown [s\src\hotspot\share\oops\constantPool.cpp, line 835]
Event: 8745.732 Thread 0x000002023c2a0b60 Exception <a 'java/lang/NoClassDefFoundError'{0x00000000f327aa20}: org/graalvm/buildtools/gradle/NativeImagePlugin> (0x00000000f327aa20) 
thrown [s\src\hotspot\share\oops\constantPool.cpp, line 835]
Event: 8745.760 Thread 0x000002023c2a0b60 Exception <a 'java/lang/NoClassDefFoundError'{0x00000000f3149da8}: org/jetbrains/kotlin/gradle/plugin/KotlinPluginWrapper> (0x00000000f3149da8) 
thrown [s\src\hotspot\share\oops\constantPool.cpp, line 835]
Event: 8745.760 Thread 0x000002023c2a0b60 Exception <a 'java/lang/NoClassDefFoundError'{0x00000000f314c3f0}: org/graalvm/buildtools/gradle/NativeImagePlugin> (0x00000000f314c3f0) 
thrown [s\src\hotspot\share\oops\constantPool.cpp, line 835]
Event: 8746.009 Thread 0x0000020243255460 Exception <a 'java/lang/ClassNotFoundException'{0x00000000f2fef3c0}: OutputPathCollectorService$InjectBeanInfo> (0x00000000f2fef3c0) 
thrown [s\src\hotspot\share\classfile\systemDictionary.cpp, line 256]
Event: 8746.010 Thread 0x0000020243255460 Exception <a 'java/lang/ClassNotFoundException'{0x00000000f2ff3010}: OutputPathCollectorServiceBeanInfo> (0x00000000f2ff3010) 
thrown [s\src\hotspot\share\classfile\systemDictionary.cpp, line 256]
Event: 8746.010 Thread 0x0000020243255460 Exception <a 'java/lang/ClassNotFoundException'{0x00000000f2ff6c48}: OutputPathCollectorServiceCustomizer> (0x00000000f2ff6c48) 
thrown [s\src\hotspot\share\classfile\systemDictionary.cpp, line 256]
Event: 8746.012 Thread 0x0000020243255460 Exception <a 'java/lang/ClassNotFoundException'{0x00000000f2e04bf8}: OutputPathCollectorService$InjectCustomizer> (0x00000000f2e04bf8) 
thrown [s\src\hotspot\share\classfile\systemDictionary.cpp, line 256]

VM Operations (20 events):
Event: 8537.864 Executing VM operation: HandshakeAllThreads
Event: 8537.864 Executing VM operation: HandshakeAllThreads done
Event: 8656.768 Executing VM operation: Cleanup
Event: 8656.768 Executing VM operation: Cleanup done
Event: 8736.335 Executing VM operation: G1CollectForAllocation
Event: 8736.368 Executing VM operation: G1CollectForAllocation done
Event: 8736.759 Executing VM operation: G1CollectForAllocation
Event: 8736.778 Executing VM operation: G1CollectForAllocation done
Event: 8737.787 Executing VM operation: Cleanup
Event: 8737.787 Executing VM operation: Cleanup done
Event: 8738.382 Executing VM operation: G1CollectForAllocation
Event: 8738.417 Executing VM operation: G1CollectForAllocation done
Event: 8738.653 Executing VM operation: G1PauseRemark
Event: 8738.699 Executing VM operation: G1PauseRemark done
Event: 8738.823 Executing VM operation: G1PauseCleanup
Event: 8738.823 Executing VM operation: G1PauseCleanup done
Event: 8739.836 Executing VM operation: Cleanup
Event: 8739.836 Executing VM operation: Cleanup done
Event: 8745.922 Executing VM operation: Cleanup
Event: 8745.923 Executing VM operation: Cleanup done

Events (20 events):
Event: 8744.952 Thread 0x000002023b668dc0 Thread added: 0x000002023b668dc0
Event: 8745.060 Thread 0x000002023b0b1900 Thread added: 0x000002023b0b1900
Event: 8745.164 Thread 0x000002023b0b0ee0 Thread added: 0x000002023b0b0ee0
Event: 8745.231 Thread 0x000002023b0b09d0 Thread added: 0x000002023b0b09d0
Event: 8745.250 Thread 0x000002023b0b2320 Thread added: 0x000002023b0b2320
Event: 8745.251 Thread 0x000002023b0b2830 Thread added: 0x000002023b0b2830
Event: 8745.254 Thread 0x000002023b0af590 Thread added: 0x000002023b0af590
Event: 8745.256 Thread 0x000002023b0afaa0 Thread added: 0x000002023b0afaa0
Event: 8745.257 Thread 0x000002023b0affb0 Thread added: 0x000002023b0affb0
Event: 8745.258 Thread 0x000002023b0b04c0 Thread added: 0x000002023b0b04c0
Event: 8745.930 Thread 0x000002023dfe8000 Thread added: 0x000002023dfe8000
Event: 8745.961 Thread 0x000002023dddfe10 Thread added: 0x000002023dddfe10
Event: 8745.972 Thread 0x000002023dde0320 Thread added: 0x000002023dde0320
Event: 8745.972 Thread 0x0000020243256db0 Thread added: 0x0000020243256db0
Event: 8745.972 Thread 0x0000020243255460 Thread added: 0x0000020243255460
Event: 8745.972 Thread 0x0000020243256390 Thread added: 0x0000020243256390
Event: 8745.973 Thread 0x00000202432572c0 Thread added: 0x00000202432572c0
Event: 8745.973 Thread 0x0000020243255e80 Thread added: 0x0000020243255e80
Event: 8745.973 Thread 0x0000020243255970 Thread added: 0x0000020243255970
Event: 8745.979 Thread 0x000002023cea68d0 Thread added: 0x000002023cea68d0


Dynamic libraries:
0x00007ff64a700000 - 0x00007ff64a70a000 	C:\Users\mihai\.jdks\jbr-17.0.8\bin\java.exe
0x00007fff2f7f0000 - 0x00007fff2fa06000 	C:\Windows\SYSTEM32\ntdll.dll
0x00007fff2ecf0000 - 0x00007fff2edb4000 	C:\Windows\System32\KERNEL32.DLL
0x00007fff2cb90000 - 0x00007fff2cf37000 	C:\Windows\System32\KERNELBASE.dll
0x00007fff2cf40000 - 0x00007fff2d051000 	C:\Windows\System32\ucrtbase.dll
0x00007fff09310000 - 0x00007fff09327000 	C:\Users\mihai\.jdks\jbr-17.0.8\bin\jli.dll
0x00007fff2f480000 - 0x00007fff2f62e000 	C:\Windows\System32\USER32.dll
0x00007fff2d390000 - 0x00007fff2d3b6000 	C:\Windows\System32\win32u.dll
0x00007fff2eee0000 - 0x00007fff2ef09000 	C:\Windows\System32\GDI32.dll
0x00007fff2d060000 - 0x00007fff2d179000 	C:\Windows\System32\gdi32full.dll
0x00007fff2d180000 - 0x00007fff2d21a000 	C:\Windows\System32\msvcp_win.dll
0x00007fff085d0000 - 0x00007fff085eb000 	C:\Users\mihai\.jdks\jbr-17.0.8\bin\VCRUNTIME140.dll
0x00007fff19b80000 - 0x00007fff19e13000 	C:\Windows\WinSxS\amd64_microsoft.windows.common-controls_6595b64144ccf1df_6.0.22621.3235_none_270f74e173860f98\COMCTL32.dll
0x00007fff2e860000 - 0x00007fff2e907000 	C:\Windows\System32\msvcrt.dll
0x00007fff2ee30000 - 0x00007fff2ee61000 	C:\Windows\System32\IMM32.DLL
0x00007fff11ad0000 - 0x00007fff11adc000 	C:\Users\mihai\.jdks\jbr-17.0.8\bin\vcruntime140_1.dll
0x00007ffef4010000 - 0x00007ffef409d000 	C:\Users\mihai\.jdks\jbr-17.0.8\bin\msvcp140.dll
0x00007ffe6c080000 - 0x00007ffe6cd03000 	C:\Users\mihai\.jdks\jbr-17.0.8\bin\server\jvm.dll
0x00007fff2e7a0000 - 0x00007fff2e852000 	C:\Windows\System32\ADVAPI32.dll
0x00007fff2f3d0000 - 0x00007fff2f478000 	C:\Windows\System32\sechost.dll
0x00007fff2d480000 - 0x00007fff2d4a8000 	C:\Windows\System32\bcrypt.dll
0x00007fff2ef20000 - 0x00007fff2f035000 	C:\Windows\System32\RPCRT4.dll
0x00007fff2c9e0000 - 0x00007fff2ca2d000 	C:\Windows\SYSTEM32\POWRPROF.dll
0x00007fff279a0000 - 0x00007fff279a9000 	C:\Windows\SYSTEM32\WSOCK32.dll
0x00007fff2f630000 - 0x00007fff2f6a1000 	C:\Windows\System32\WS2_32.dll
0x00007fff23c70000 - 0x00007fff23ca4000 	C:\Windows\SYSTEM32\WINMM.dll
0x00007fff22370000 - 0x00007fff2237a000 	C:\Windows\SYSTEM32\VERSION.dll
0x00007fff2c9c0000 - 0x00007fff2c9d3000 	C:\Windows\SYSTEM32\UMPDC.dll
0x00007fff2bb20000 - 0x00007fff2bb38000 	C:\Windows\SYSTEM32\kernel.appcore.dll
0x00007fff09a00000 - 0x00007fff09a0a000 	C:\Users\mihai\.jdks\jbr-17.0.8\bin\jimage.dll
0x00007fff29d40000 - 0x00007fff29f73000 	C:\Windows\SYSTEM32\DBGHELP.DLL
0x00007fff2f040000 - 0x00007fff2f3c8000 	C:\Windows\System32\combase.dll
0x00007fff2ec10000 - 0x00007fff2ece7000 	C:\Windows\System32\OLEAUT32.dll
0x00007fff0f180000 - 0x00007fff0f1b2000 	C:\Windows\SYSTEM32\dbgcore.DLL
0x00007fff2cb10000 - 0x00007fff2cb89000 	C:\Windows\System32\bcryptPrimitives.dll
0x00007fff1d5f0000 - 0x00007fff1d5fe000 	C:\Users\mihai\.jdks\jbr-17.0.8\bin\instrument.dll
0x00007fff04e70000 - 0x00007fff04e95000 	C:\Users\mihai\.jdks\jbr-17.0.8\bin\java.dll
0x00007fff04e20000 - 0x00007fff04e38000 	C:\Users\mihai\.jdks\jbr-17.0.8\bin\zip.dll
0x00007ffe87d40000 - 0x00007ffe87e17000 	C:\Users\mihai\.jdks\jbr-17.0.8\bin\jsvml.dll
0x00007fff2dac0000 - 0x00007fff2e31c000 	C:\Windows\System32\SHELL32.dll
0x00007fff2aa20000 - 0x00007fff2b319000 	C:\Windows\SYSTEM32\windows.storage.dll
0x00007fff2a8e0000 - 0x00007fff2aa1e000 	C:\Windows\SYSTEM32\wintypes.dll
0x00007fff2f6b0000 - 0x00007fff2f7a3000 	C:\Windows\System32\SHCORE.dll
0x00007fff2eb90000 - 0x00007fff2ebee000 	C:\Windows\System32\shlwapi.dll
0x00007fff2ca40000 - 0x00007fff2ca61000 	C:\Windows\SYSTEM32\profapi.dll
0x00007fff04890000 - 0x00007fff048a9000 	C:\Users\mihai\.jdks\jbr-17.0.8\bin\net.dll
0x00007fff24060000 - 0x00007fff24196000 	C:\Windows\SYSTEM32\WINHTTP.dll
0x00007fff2bfa0000 - 0x00007fff2c009000 	C:\Windows\system32\mswsock.dll
0x00007fff047f0000 - 0x00007fff04806000 	C:\Users\mihai\.jdks\jbr-17.0.8\bin\nio.dll
0x00007fff0a650000 - 0x00007fff0a660000 	C:\Users\mihai\.jdks\jbr-17.0.8\bin\verify.dll
0x00007fff1d600000 - 0x00007fff1d627000 	C:\Users\mihai\.gradle\native\68d5fa5c4cc2d200863cafc0d521ce42e7d3e7ee720ec0a83991735586a16f82\windows-amd64\native-platform.dll
0x00007ffefca40000 - 0x00007ffefcb84000 	C:\Users\mihai\.gradle\native\e376f236ea51e6404a007f0833ffe2c6e607c4080706a723a18a27aeea778392\windows-amd64\native-platform-file-events.dll
0x00007fff1d370000 - 0x00007fff1d379000 	C:\Users\mihai\.jdks\jbr-17.0.8\bin\management.dll
0x00007fff18420000 - 0x00007fff1842b000 	C:\Users\mihai\.jdks\jbr-17.0.8\bin\management_ext.dll
0x00007fff2edc0000 - 0x00007fff2edc8000 	C:\Windows\System32\PSAPI.DLL
0x00007fff2c220000 - 0x00007fff2c23b000 	C:\Windows\SYSTEM32\CRYPTSP.dll
0x00007fff2ba80000 - 0x00007fff2bab5000 	C:\Windows\system32\rsaenh.dll
0x00007fff2c0c0000 - 0x00007fff2c0e8000 	C:\Windows\SYSTEM32\USERENV.dll
0x00007fff2c240000 - 0x00007fff2c24c000 	C:\Windows\SYSTEM32\CRYPTBASE.dll
0x00007fff2b5c0000 - 0x00007fff2b5ed000 	C:\Windows\SYSTEM32\IPHLPAPI.DLL
0x00007fff2ead0000 - 0x00007fff2ead9000 	C:\Windows\System32\NSI.dll
0x00007fff24400000 - 0x00007fff24419000 	C:\Windows\SYSTEM32\dhcpcsvc6.DLL
0x00007fff23ea0000 - 0x00007fff23ebf000 	C:\Windows\SYSTEM32\dhcpcsvc.DLL
0x00007fff2b5f0000 - 0x00007fff2b6e9000 	C:\Windows\SYSTEM32\DNSAPI.dll
0x00007fff18410000 - 0x00007fff1841e000 	C:\Users\mihai\.jdks\jbr-17.0.8\bin\sunmscapi.dll
0x00007fff2d220000 - 0x00007fff2d387000 	C:\Windows\System32\CRYPT32.dll
0x00007fff2c3e0000 - 0x00007fff2c40e000 	C:\Windows\SYSTEM32\ncrypt.dll
0x00007fff2c3a0000 - 0x00007fff2c3d7000 	C:\Windows\SYSTEM32\NTASN1.dll
0x00007ffe96720000 - 0x00007ffe96728000 	C:\Windows\system32\wshunix.dll

dbghelp: loaded successfully - version: 4.0.5 - missing functions: none
symbol engine: initialized successfully - sym options: 0x614 - pdb path: .;C:\Users\mihai\.jdks\jbr-17.0.8\bin;C:\Windows\SYSTEM32;C:\Windows\WinSxS\amd64_microsoft.windows.common-controls_6595b64144ccf1df_6.0.22621.3235_none_270f74e173860f98;C:\Users\mihai\.jdks\jbr-17.0.8\bin\server;C:\Users\mihai\.gradle\native\68d5fa5c4cc2d200863cafc0d521ce42e7d3e7ee720ec0a83991735586a16f82\windows-amd64;C:\Users\mihai\.gradle\native\e376f236ea51e6404a007f0833ffe2c6e607c4080706a723a18a27aeea778392\windows-amd64

VM Arguments:
jvm_args: --add-opens=java.base/java.util=ALL-UNNAMED --add-opens=java.base/java.lang=ALL-UNNAMED --add-opens=java.base/java.lang.invoke=ALL-UNNAMED --add-opens=java.prefs/java.util.prefs=ALL-UNNAMED --add-opens=java.base/java.nio.charset=ALL-UNNAMED --add-opens=java.base/java.net=ALL-UNNAMED --add-opens=java.base/java.util.concurrent.atomic=ALL-UNNAMED -XX:MaxMetaspaceSize=384m -XX:+HeapDumpOnOutOfMemoryError -Xms256m -Xmx512m -Dfile.encoding=windows-1251 -Duser.country=RU -Duser.language=ru -Duser.variant -javaagent:C:\Users\mihai\.gradle\wrapper\dists\gradle-8.2-bin\bbg7u40eoinfdyxsxr3z4i7ta\gradle-8.2\lib\agents\gradle-instrumentation-agent-8.2.jar 
java_command: org.gradle.launcher.daemon.bootstrap.GradleDaemon 8.2
java_class_path (initial): C:\Users\mihai\.gradle\wrapper\dists\gradle-8.2-bin\bbg7u40eoinfdyxsxr3z4i7ta\gradle-8.2\lib\gradle-launcher-8.2.jar
Launcher Type: SUN_STANDARD

[Global flags]
     intx CICompilerCount                          = 4                                         {product} {ergonomic}
   size_t CompressedClassSpaceSize                 = 335544320                                 {product} {ergonomic}
     uint ConcGCThreads                            = 2                                         {product} {ergonomic}
     uint G1ConcRefinementThreads                  = 8                                         {product} {ergonomic}
   size_t G1HeapRegionSize                         = 1048576                                   {product} {ergonomic}
    uintx GCDrainStackTargetSize                   = 64                                        {product} {ergonomic}
     bool HeapDumpOnOutOfMemoryError               = true                                   {manageable} {command line}
   size_t InitialHeapSize                          = 268435456                                 {product} {command line}
   size_t MarkStackSize                            = 4194304                                   {product} {ergonomic}
   size_t MaxHeapSize                              = 536870912                                 {product} {command line}
   size_t MaxMetaspaceSize                         = 402653184                                 {product} {command line}
   size_t MaxNewSize                               = 321912832                                 {product} {ergonomic}
   size_t MinHeapDeltaBytes                        = 1048576                                   {product} {ergonomic}
   size_t MinHeapSize                              = 268435456                                 {product} {command line}
    uintx NonNMethodCodeHeapSize                   = 5839372                                {pd product} {ergonomic}
    uintx NonProfiledCodeHeapSize                  = 122909434                              {pd product} {ergonomic}
    uintx ProfiledCodeHeapSize                     = 122909434                              {pd product} {ergonomic}
    uintx ReservedCodeCacheSize                    = 251658240                              {pd product} {ergonomic}
     bool SegmentedCodeCache                       = true                                      {product} {ergonomic}
   size_t SoftMaxHeapSize                          = 536870912                              {manageable} {ergonomic}
     bool UseCompressedClassPointers               = true                           {product lp64_product} {ergonomic}
     bool UseCompressedOops                        = true                           {product lp64_product} {ergonomic}
     bool UseG1GC                                  = true                                      {product} {ergonomic}
     bool UseLargePagesIndividualAllocation        = false                                  {pd product} {ergonomic}

Logging:
Log output configuration:
 #0: stdout all=warning uptime,level,tags
 #1: stderr all=off uptime,level,tags

Environment Variables:
PATH=C:\ProgramData\Oracle\Java\javapath;C:\Program Files (x86)\Common Files\Oracle\Java\javapath;C:\Program Files (x86)\NVIDIA Corporation\PhysX\Common;C:\Program Files\Eclipse Adoptium\jdk-17.0.6.10-hotspot\bin;C:\Windows\system32;C:\Windows;C:\Windows\System32\Wbem;C:\Windows\System32\WindowsPowerShell\v1.0\;C:\Windows\System32\OpenSSH\;C:\ProgramData\chocolatey\bin;C:\Windows\System32;C:\Program Files\Git\cmd;D:\flutter\flutter\bin;C:\Program Files\Git\usr\bin;C:\Program Files\dotnet\;C:\tools\lxrunoffline;;C:\Program Files\PowerShell\7\;C:\Program Files\Docker\Docker\resources\bin;C:\Program Files\Go\bin;C:\Users\mihai\AppData\Local\Microsoft\WindowsApps;D:\Games\programmmist\Microsoft VS Code\bin;C:\tools\flutter\bin;";C:\Program Files\Git\bin\git.exe;C:\Program Files\Git\cmd";D:\flutter\flutter\bin;D:\atest\IntelliJ IDEA 2023.3.2\bin;;C:\Users\mihai\AppData\Local\Programs\Microsoft VS Code\bin;D:\tmp\PyCharm 2023.1.3\bin;;D:\flutter\andros;C:\Users\mihai\go\bin
USERNAME=mihai
OS=Windows_NT
PROCESSOR_IDENTIFIER=AMD64 Family 23 Model 24 Stepping 1, AuthenticAMD
TMP=C:\Users\mihai\AppData\Local\Temp
TEMP=C:\Users\mihai\AppData\Local\Temp


JNI global refs:
JNI global refs: 30, weak refs: 3

JNI global refs memory usage: 843, weak refs: 841

OOME stack traces (most recent first):
Classloader memory used:
Loader org.gradle.internal.classloader.VisitableURLClassLoader                         : 4877K
Loader bootstrap                                                                       : 2839K
Loader org.gradle.initialization.MixInLegacyTypesClassLoader                           : 1509K
Loader jdk.internal.loader.ClassLoaders$AppClassLoader                                 : 1194K
Loader org.gradle.internal.classloader.VisitableURLClassLoader$InstrumentingVisitableURLClassLoader: 394K
Loader jdk.internal.reflect.DelegatingClassLoader                                      : 230K
Loader org.gradle.groovy.scripts.internal.DefaultScriptCompilationHandler$ScriptClassLoader: 113K
Loader jdk.internal.loader.ClassLoaders$PlatformClassLoader                            : 104K
Loader org.codehaus.groovy.runtime.callsite.CallSiteClassLoader                        : 8909B
Loader org.gradle.internal.classloader.VisitableURLClassLoader                         : 5311B
Loader sun.reflect.misc.MethodUtil                                                     : 519B

Classes loaded by more than one classloader:
Class OutputPathCollectorService$Params_Decorated                                     : loaded 3 times (x 130B)
Class OutputPathCollectorService                                                      : loaded 3 times (x 103B)
Class OutputPathCollectorService$registerTask                                         : loaded 3 times (x 150B)
Class OutputPathCollectorService$Inject                                               : loaded 3 times (x 121B)
Class OutputPathCollectorService$Params                                               : loaded 3 times (x 68B)
Class OutputPathCollectorService$Params$Inject                                        : loaded 3 times (x 102B)
Class build_dtlypj1wtj8xmqe5hs8xktb3r                                                 : loaded 2 times (x 178B)
Class build_dtlypj1wtj8xmqe5hs8xktb3r$_run_closure1                                   : loaded 2 times (x 134B)
Class org.gradle.internal.classloader.FilteringClassLoader                            : loaded 2 times (x 103B)
Class org.gradle.internal.classpath.DefaultClassPath$ImmutableUniqueList$Builder      : loaded 2 times (x 73B)
Class build_du66gau8zsya5tbd1s5b3l5xd                                                 : loaded 2 times (x 178B)
Class org.gradle.internal.classloader.ClassLoaderVisitor                              : loaded 2 times (x 74B)
Class org.gradle.api.internal.DefaultClassPathProvider                                : loaded 2 times (x 74B)
Class org.gradle.api.Action                                                           : loaded 2 times (x 68B)
Class build_75todlfgslxhqiktse78ki4ae                                                 : loaded 2 times (x 178B)
Class org.gradle.internal.service.DefaultServiceLocator                               : loaded 2 times (x 81B)
Class build_96o6qhfsctw9i2ha6lbu7e2jo$_run_closure1                                   : loaded 2 times (x 134B)
Class org.gradle.internal.service.UnknownServiceException                             : loaded 2 times (x 81B)
Class org.gradle.internal.classloader.DefaultClassLoaderFactory                       : loaded 2 times (x 80B)
Class org.gradle.internal.classloader.VisitableURLClassLoader$Spec                    : loaded 2 times (x 72B)
Class org.gradle.api.GradleException                                                  : loaded 2 times (x 80B)
Class org.gradle.api.internal.classpath.ModuleRegistry                                : loaded 2 times (x 68B)
Class org.gradle.api.internal.ClassPathProvider                                       : loaded 2 times (x 68B)
Class org.gradle.internal.classloader.ClasspathUtil$1                                 : loaded 2 times (x 74B)
Class org.gradle.internal.classloader.ClassLoaderFactory                              : loaded 2 times (x 68B)
Class org.gradle.api.internal.classpath.DefaultModuleRegistry                         : loaded 2 times (x 84B)
Class org.gradle.api.internal.classpath.ManifestUtil                                  : loaded 2 times (x 69B)
Class org.gradle.api.specs.Spec                                                       : loaded 2 times (x 68B)
Class build_b21iub7qjysqfk1usy0o3txe1$_run_closure1                                   : loaded 2 times (x 134B)
Class org.gradle.internal.IoActions                                                   : loaded 2 times (x 69B)
Class build_f159wxu8kg0o7e53kfjehriaq                                                 : loaded 2 times (x 178B)
Class org.gradle.api.internal.classpath.EffectiveClassPath                            : loaded 2 times (x 88B)
Class build_19ynpfbkqbofstmkyp8pheo23                                                 : loaded 2 times (x 178B)
Class org.gradle.internal.installation.CurrentGradleInstallation                      : loaded 2 times (x 71B)
Class org.gradle.internal.agents.InstrumentingClassLoader                             : loaded 2 times (x 68B)
Class org.gradle.internal.installation.CurrentGradleInstallationLocator               : loaded 2 times (x 69B)
Class org.gradle.api.internal.classpath.Module                                        : loaded 2 times (x 68B)
Class build_f159wxu8kg0o7e53kfjehriaq$_run_closure1                                   : loaded 2 times (x 134B)
Class org.gradle.internal.service.CachingServiceLocator                               : loaded 2 times (x 80B)
Class org.gradle.internal.classpath.DefaultClassPath                                  : loaded 2 times (x 88B)
Class build_ev2ez9wzoqqwh9bbma84aytkp$_run_closure1                                   : loaded 2 times (x 134B)
Class org.gradle.internal.classloader.SystemClassLoaderSpec                           : loaded 2 times (x 69B)
Class build_241ydgccgm75c2v836z0qtd8f$_run_closure1                                   : loaded 2 times (x 134B)
Class org.gradle.api.UncheckedIOException                                             : loaded 2 times (x 80B)
Class build_19ynpfbkqbofstmkyp8pheo23$_run_closure1                                   : loaded 2 times (x 134B)
Class org.gradle.internal.classpath.ClassPath                                         : loaded 2 times (x 68B)
Class build_b21iub7qjysqfk1usy0o3txe1                                                 : loaded 2 times (x 178B)
Class org.gradle.internal.classloader.ClasspathUtil                                   : loaded 2 times (x 69B)
Class org.gradle.api.internal.DefaultClassPathRegistry                                : loaded 2 times (x 74B)
Class org.gradle.api.internal.classpath.DefaultModuleRegistry$DefaultModule           : loaded 2 times (x 84B)
Class org.gradle.internal.installation.GradleInstallation$1                           : loaded 2 times (x 73B)
Class build_241ydgccgm75c2v836z0qtd8f                                                 : loaded 2 times (x 178B)
Class org.gradle.api.internal.classpath.UnknownModuleException                        : loaded 2 times (x 80B)
Class org.gradle.internal.service.ServiceLookupException                              : loaded 2 times (x 80B)
Class org.gradle.internal.installation.GradleInstallation                             : loaded 2 times (x 73B)
Class org.gradle.cache.GlobalCache                                                    : loaded 2 times (x 68B)
Class [Lorg.gradle.api.internal.ClassPathProvider;                                    : loaded 2 times (x 67B)
Class build_ev2ez9wzoqqwh9bbma84aytkp                                                 : loaded 2 times (x 178B)
Class org.gradle.util.internal.GUtil                                                  : loaded 2 times (x 69B)
Class org.gradle.internal.classloader.ClassLoaderSpec                                 : loaded 2 times (x 69B)
Class org.gradle.internal.classloader.VisitableURLClassLoader                         : loaded 2 times (x 115B)
Class org.gradle.internal.Cast                                                        : loaded 2 times (x 69B)
Class org.gradle.api.internal.ClassPathRegistry                                       : loaded 2 times (x 68B)
Class build_du66gau8zsya5tbd1s5b3l5xd$_run_closure1                                   : loaded 2 times (x 134B)
Class org.gradle.internal.classloader.VisitableURLClassLoader$InstrumentingVisitableURLClassLoader: loaded 2 times (x 121B)
Class org.gradle.internal.classloader.ClassLoaderHierarchy                            : loaded 2 times (x 68B)
Class build_96o6qhfsctw9i2ha6lbu7e2jo                                                 : loaded 2 times (x 178B)
Class org.gradle.internal.InternalTransformer                                         : loaded 2 times (x 68B)
Class org.gradle.internal.service.ServiceLocator                                      : loaded 2 times (x 68B)
Class OutputPathCollectorService$_close_closure1                                      : loaded 2 times (x 134B)
Class org.gradle.internal.classpath.DefaultClassPath$ImmutableUniqueList              : loaded 2 times (x 159B)
Class org.gradle.internal.classpath.TransformedClassPath                              : loaded 2 times (x 94B)
Class build_75todlfgslxhqiktse78ki4ae$_run_closure1                                   : loaded 2 times (x 134B)


---------------  S Y S T E M  ---------------

OS:
 Windows 11 , 64 bit Build 22621 (10.0.22621.3374)
OS uptime: 1 days 3:29 hours
Hyper-V role detected

CPU: total 8 (initial active 8) (8 cores per cpu, 2 threads per core) family 23 model 24 stepping 1 microcode 0x0, cx8, cmov, fxsr, ht, mmx, 3dnowpref, sse, sse2, sse3, ssse3, sse4a, sse4.1, sse4.2, popcnt, lzcnt, tsc, tscinvbit, avx, avx2, aes, clmul, bmi1, bmi2, adx, sha, fma, vzeroupper, clflush, clflushopt, hv
Processor Information for all 8 processors :
  Max Mhz: 2300, Current Mhz: 1700, Mhz Limit: 2300

Memory: 4k page, system-wide physical 15295M (1564M free)
TotalPageFile size 30655M (AvailPageFile size 355M)
current process WorkingSet (physical memory assigned to process): 685M, peak: 685M
current process commit charge ("private bytes"): 761M, peak: 762M

vm_info: OpenJDK 64-Bit Server VM (17.0.8+7-b1000.8) for windows-amd64 JRE (17.0.8+7-b1000.8), built on 2023-08-04 by "builduser" with MS VC++ 16.10 / 16.11 (VS2019)

END.
