#
# There is insufficient memory for the Java Runtime Environment to continue.
# Native memory allocation (mmap) failed to map 338690048 bytes for G1 virtual space
# Possible reasons:
#   The system is out of physical RAM or swap space
#   The process is running with CompressedOops enabled, and the Java Heap may be blocking the growth of the native heap
# Possible solutions:
#   Reduce memory load on the system
#   Increase physical memory or swap space
#   Check if swap backing store is full
#   Decrease Java heap size (-Xmx/-Xms)
#   Decrease number of Java threads
#   Decrease Java thread stack sizes (-Xss)
#   Set larger code cache with -XX:ReservedCodeCacheSize=
#   JVM is running with Unscaled Compressed Oops mode in which the Java heap is
#     placed in the first 4GB address space. The Java Heap base address is the
#     maximum limit for the native heap growth. Please use -XX:HeapBaseMinAddress
#     to set the Java Heap base and to place the Java Heap above 4GB virtual address.
# This output file may be truncated or incomplete.
#
#  Out of Memory Error (os_windows.cpp:3825), pid=24512, tid=23768
#
# JRE version: OpenJDK Runtime Environment JBR-17.0.9+7-1087.9-jcef (17.0.9+7) (build 17.0.9+7-b1087.9)
# Java VM: OpenJDK 64-Bit Server VM JBR-17.0.9+7-1087.9-jcef (17.0.9+7-b1087.9, mixed mode, tiered, compressed oops, compressed class ptrs, g1 gc, windows-amd64)
# No core dump will be written. Minidumps are not enabled by default on client versions of Windows
#

---------------  S U M M A R Y ------------

Command Line: -Djava.rmi.server.hostname=127.0.0.1 -Duser.timezone=UTC -Xmx1024m -Xms128m -Djdbc.classpath=D:\atest\IntelliJ IDEA 2023.3.2\plugins\DatabaseTools\lib\jdbc-console.jar;C:\Users\mihai\AppData\Roaming\JetBrains\IntelliJIdea2023.3\jdbc-drivers\MongoDB\1.18\mongo-jdbc-standalone-1.18.jar --add-exports=java.desktop/sun.awt=ALL-UNNAMED --add-exports=java.desktop/java.awt.peer=ALL-UNNAMED --add-opens=java.desktop/java.awt=ALL-UNNAMED --add-opens=jdk.unsupported/sun.misc=ALL-UNNAMED --add-opens=java.base/java.nio=ALL-UNNAMED --add-opens=java.base/java.util=ALL-UNNAMED -Dfile.encoding=UTF-8 com.intellij.database.remote.RemoteJdbcServer com.dbschema.MongoJdbcDriver

Host: AMD Ryzen 7 3700U with Radeon Vega Mobile Gfx  , 8 cores, 14G,  Windows 11 , 64 bit Build 22621 (10.0.22621.3374)
Time: Sun Apr 14 16:37:20 2024 RTZ 2 (s 11 , 64 bit Build 22621 (10.0.22621.3374) elapsed time: 23.268786 seconds (0d 0h 0m 23s)

---------------  T H R E A D  ---------------

Current thread (0x000001ef78980a40):  VMThread "VM Thread" [stack: 0x000000ad83600000,0x000000ad83700000] [id=23768]

Stack: [0x000000ad83600000,0x000000ad83700000]
Native frames: (J=compiled Java code, j=interpreted, Vv=VM code, C=native code)
V  [jvm.dll+0x688349]
V  [jvm.dll+0x841bfa]
V  [jvm.dll+0x84383e]
V  [jvm.dll+0x843ea3]
V  [jvm.dll+0x24bdef]
V  [jvm.dll+0x6850f9]
V  [jvm.dll+0x67988a]
V  [jvm.dll+0x30cbfb]
V  [jvm.dll+0x3140a6]
V  [jvm.dll+0x363ede]
V  [jvm.dll+0x36410f]
V  [jvm.dll+0x2e29c8]
V  [jvm.dll+0x2e5ab6]
V  [jvm.dll+0x2f02ca]
V  [jvm.dll+0x325290]
V  [jvm.dll+0x84859b]
V  [jvm.dll+0x8492e1]
V  [jvm.dll+0x8497fd]
V  [jvm.dll+0x849bd4]
V  [jvm.dll+0x849ca0]
V  [jvm.dll+0x7f043a]
V  [jvm.dll+0x6871c5]
C  [ucrtbase.dll+0x29333]
C  [KERNEL32.DLL+0x1257d]
C  [ntdll.dll+0x5aa48]

VM_Operation (0x000000ad832ff810): G1PauseRemark, mode: safepoint, requested by thread 0x000001ef60ed34b0


---------------  P R O C E S S  ---------------

Threads class SMR info:
_java_thread_list=0x000001ef002c50d0, length=35, elements={
0x000001ef60e8dde0, 0x000001ef78983890, 0x000001ef78984eb0, 0x000001ef78c08280,
0x000001ef78c08e40, 0x000001ef78c09a00, 0x000001ef78c0cb70, 0x000001ef78c2a010,
0x000001ef78c2ef20, 0x000001ef78c447c0, 0x000001ef78da68f0, 0x000001ef78daade0,
0x000001ef7d209840, 0x000001ef7d24f990, 0x000001ef7d414a10, 0x000001ef7d4bf110,
0x000001ef7d5ce4e0, 0x000001ef7d5cb240, 0x000001ef7d5cd0a0, 0x000001ef7d5cdfd0,
0x000001ef7d5ce9f0, 0x000001ef7d5cc680, 0x000001ef7d5cdac0, 0x000001ef7d5cb750,
0x000001ef7d5ccb90, 0x000001ef7d5cd5b0, 0x000001ef7d5cc170, 0x000001ef7d5cbc60,
0x000001ef7dd94170, 0x000001ef7e53c430, 0x000001ef7dd99c90, 0x000001ef7dd98340,
0x000001ef7dd95ac0, 0x000001ef7dd9a1a0, 0x000001ef7dd98850
}

Java Threads: ( => current thread )
  0x000001ef60e8dde0 JavaThread "main" [_thread_blocked, id=6724, stack(0x000000ad83000000,0x000000ad83100000)]
  0x000001ef78983890 JavaThread "Reference Handler" daemon [_thread_blocked, id=5880, stack(0x000000ad83700000,0x000000ad83800000)]
  0x000001ef78984eb0 JavaThread "Finalizer" daemon [_thread_blocked, id=23736, stack(0x000000ad83800000,0x000000ad83900000)]
  0x000001ef78c08280 JavaThread "Signal Dispatcher" daemon [_thread_blocked, id=17460, stack(0x000000ad83900000,0x000000ad83a00000)]
  0x000001ef78c08e40 JavaThread "Attach Listener" daemon [_thread_blocked, id=22752, stack(0x000000ad83a00000,0x000000ad83b00000)]
  0x000001ef78c09a00 JavaThread "Service Thread" daemon [_thread_blocked, id=21768, stack(0x000000ad83b00000,0x000000ad83c00000)]
  0x000001ef78c0cb70 JavaThread "Monitor Deflation Thread" daemon [_thread_blocked, id=21348, stack(0x000000ad83c00000,0x000000ad83d00000)]
  0x000001ef78c2a010 JavaThread "C2 CompilerThread0" daemon [_thread_blocked, id=24400, stack(0x000000ad83d00000,0x000000ad83e00000)]
  0x000001ef78c2ef20 JavaThread "C1 CompilerThread0" daemon [_thread_blocked, id=4040, stack(0x000000ad83e00000,0x000000ad83f00000)]
  0x000001ef78c447c0 JavaThread "Sweeper thread" daemon [_thread_blocked, id=12852, stack(0x000000ad83f00000,0x000000ad84000000)]
  0x000001ef78da68f0 JavaThread "Common-Cleaner" daemon [_thread_blocked, id=21860, stack(0x000000ad84000000,0x000000ad84100000)]
  0x000001ef78daade0 JavaThread "Notification Thread" daemon [_thread_blocked, id=14196, stack(0x000000ad84100000,0x000000ad84200000)]
  0x000001ef7d209840 JavaThread "MongoShell ExecutorService" daemon [_thread_blocked, id=24436, stack(0x000000ad84300000,0x000000ad84400000)]
  0x000001ef7d24f990 JavaThread "MongoShell ExecutorService" daemon [_thread_blocked, id=23964, stack(0x000000ad84400000,0x000000ad84500000)]
  0x000001ef7d414a10 JavaThread "RMI TCP Accept-21051" daemon [_thread_in_native, id=19436, stack(0x000000ad84c00000,0x000000ad84d00000)]
  0x000001ef7d4bf110 JavaThread "RMI TCP Accept-0" daemon [_thread_in_native, id=23792, stack(0x000000ad84d00000,0x000000ad84e00000)]
  0x000001ef7d5ce4e0 JavaThread "RMI Reaper" [_thread_blocked, id=4296, stack(0x000000ad84e00000,0x000000ad84f00000)]
  0x000001ef7d5cb240 JavaThread "RMI GC Daemon" daemon [_thread_blocked, id=23772, stack(0x000000ad84f00000,0x000000ad85000000)]
  0x000001ef7d5cd0a0 JavaThread "RMI TCP Connection(idle)" daemon [_thread_blocked, id=22416, stack(0x000000ad85000000,0x000000ad85100000)]
  0x000001ef7d5cdfd0 JavaThread "RMI TCP Connection(2)-127.0.0.1" daemon [_thread_in_native, id=23428, stack(0x000000ad85100000,0x000000ad85200000)]
  0x000001ef7d5ce9f0 JavaThread "RMI TCP Connection(3)-127.0.0.1" daemon [_thread_blocked, id=13560, stack(0x000000ad85200000,0x000000ad85300000)]
  0x000001ef7d5cc680 JavaThread "RMI TCP Connection(4)-127.0.0.1" daemon [_thread_blocked, id=22588, stack(0x000000ad85300000,0x000000ad85400000)]
  0x000001ef7d5cdac0 JavaThread "RMI Scheduler(0)" daemon [_thread_blocked, id=22084, stack(0x000000ad85400000,0x000000ad85500000)]
  0x000001ef7d5cb750 JavaThread "RMI RenewClean-[127.0.0.1:49984]" daemon [_thread_blocked, id=23868, stack(0x000000ad85700000,0x000000ad85800000)]
  0x000001ef7d5ccb90 JavaThread "MongoShell ExecutorService" daemon [_thread_blocked, id=22996, stack(0x000000ad85800000,0x000000ad85900000)]
  0x000001ef7d5cd5b0 JavaThread "BufferPoolPruner-1-thread-1" daemon [_thread_blocked, id=12772, stack(0x000000ad84b00000,0x000000ad84c00000)]
  0x000001ef7d5cc170 JavaThread "cluster-ClusterId{value='661bdbfcf351b23994dd885a', description='DataGrip'}-localhost:27019" daemon [_thread_in_native, id=3436, stack(0x000000ad85900000,0x000000ad85a00000)]
  0x000001ef7d5cbc60 JavaThread "cluster-rtt-ClusterId{value='661bdbfcf351b23994dd885a', description='DataGrip'}-localhost:27019" daemon [_thread_blocked, id=24532, stack(0x000000ad85a00000,0x000000ad85b00000)]
  0x000001ef7dd94170 JavaThread "MaintenanceTimer-2-thread-1" daemon [_thread_blocked, id=24024, stack(0x000000ad85c00000,0x000000ad85d00000)]
  0x000001ef7e53c430 JavaThread "C2 CompilerThread1" daemon [_thread_blocked, id=14144, stack(0x000000ad85d00000,0x000000ad85e00000)]
  0x000001ef7dd99c90 JavaThread "MongoShell ExecutorService" daemon [_thread_blocked, id=11220, stack(0x000000ad86400000,0x000000ad86500000)]
  0x000001ef7dd98340 JavaThread "cluster-ClusterId{value='661bdc02f351b23994dd885b', description='DataGrip'}-localhost:27019" daemon [_thread_in_native, id=20872, stack(0x000000ad86500000,0x000000ad86600000)]
  0x000001ef7dd95ac0 JavaThread "cluster-rtt-ClusterId{value='661bdc02f351b23994dd885b', description='DataGrip'}-localhost:27019" daemon [_thread_blocked, id=11820, stack(0x000000ad86600000,0x000000ad86700000)]
  0x000001ef7dd9a1a0 JavaThread "MaintenanceTimer-3-thread-1" daemon [_thread_blocked, id=2956, stack(0x000000ad86700000,0x000000ad86800000)]
  0x000001ef7dd98850 JavaThread "RMI TCP Connection(5)-127.0.0.1" daemon [_thread_in_native, id=24548, stack(0x000000ad86800000,0x000000ad86900000)]

Other Threads:
=>0x000001ef78980a40 VMThread "VM Thread" [stack: 0x000000ad83600000,0x000000ad83700000] [id=23768]
  0x000001ef78dab6d0 WatcherThread [stack: 0x000000ad84200000,0x000000ad84300000] [id=22916]
  0x000001ef60eca560 GCTaskThread "GC Thread#0" [stack: 0x000000ad83100000,0x000000ad83200000] [id=23412]
  0x000001ef7d350930 GCTaskThread "GC Thread#1" [stack: 0x000000ad84500000,0x000000ad84600000] [id=4460]
  0x000001ef7d34f070 GCTaskThread "GC Thread#2" [stack: 0x000000ad84600000,0x000000ad84700000] [id=21616]
  0x000001ef7d34fb70 GCTaskThread "GC Thread#3" [stack: 0x000000ad84700000,0x000000ad84800000] [id=24032]
  0x000001ef7d350bf0 GCTaskThread "GC Thread#4" [stack: 0x000000ad84800000,0x000000ad84900000] [id=21228]
  0x000001ef7d34f330 GCTaskThread "GC Thread#5" [stack: 0x000000ad84900000,0x000000ad84a00000] [id=23996]
  0x000001ef7d34f5f0 GCTaskThread "GC Thread#6" [stack: 0x000000ad84a00000,0x000000ad84b00000] [id=23680]
  0x000001ef7d350670 GCTaskThread "GC Thread#7" [stack: 0x000000ad85500000,0x000000ad85600000] [id=24508]
  0x000001ef60ed34b0 ConcurrentGCThread "G1 Main Marker" [stack: 0x000000ad83200000,0x000000ad83300000] [id=24268]
  0x000001ef60ed3ed0 ConcurrentGCThread "G1 Conc#0" [stack: 0x000000ad83300000,0x000000ad83400000] [id=6648]
  0x000001ef7d34f8b0 ConcurrentGCThread "G1 Conc#1" [stack: 0x000000ad85600000,0x000000ad85700000] [id=23700]
  0x000001ef787e20b0 ConcurrentGCThread "G1 Refine#0" [stack: 0x000000ad83400000,0x000000ad83500000] [id=20356]
  0x000001ef7e550db0 ConcurrentGCThread "G1 Refine#1" [stack: 0x000000ad85f00000,0x000000ad86000000] [id=20820]
  0x000001ef7e551680 ConcurrentGCThread "G1 Refine#2" [stack: 0x000000ad86000000,0x000000ad86100000] [id=13808]
  0x000001ef7e551970 ConcurrentGCThread "G1 Refine#3" [stack: 0x000000ad86100000,0x000000ad86200000] [id=24260]
  0x000001ef7e550ac0 ConcurrentGCThread "G1 Refine#4" [stack: 0x000000ad86200000,0x000000ad86300000] [id=23144]
  0x000001ef7e551f50 ConcurrentGCThread "G1 Refine#5" [stack: 0x000000ad86300000,0x000000ad86400000] [id=12492]
  0x000001ef787e2ae0 ConcurrentGCThread "G1 Service" [stack: 0x000000ad83500000,0x000000ad83600000] [id=24276]

Threads with active compile tasks:
C2 CompilerThread0    23313 8114       4       com.oracle.truffle.js.parser.env.Environment::addFrameSlotsFromSymbols (118 bytes)
C2 CompilerThread1    23313 7828       4       com.oracle.truffle.js.nodes.NodeFactory::createBinary (328 bytes)

VM state: at safepoint (normal execution)

VM Mutex/Monitor currently owned by a thread:  ([mutex/lock_event])
[0x000001ef60e8a380] Threads_lock - owner thread: 0x000001ef78980a40
[0x000001ef60e8a530] Heap_lock - owner thread: 0x000001ef60ed34b0

Heap address: 0x00000000c0000000, size: 1024 MB, Compressed Oops mode: 32-bit

CDS archive(s) not mapped
Compressed class space mapped at: 0x0000000100000000-0x0000000140000000, reserved size: 1073741824
Narrow klass base: 0x0000000000000000, Narrow klass shift: 3, Narrow klass range: 0x140000000

GC Precious Log:
 CPUs: 8 total, 8 available
 Memory: 15295M
 Large Page Support: Disabled
 NUMA Support: Disabled
 Compressed Oops: Enabled (32-bit)
 Heap Region Size: 1M
 Heap Min Capacity: 128M
 Heap Initial Capacity: 128M
 Heap Max Capacity: 1G
 Pre-touch: Disabled
 Parallel Workers: 8
 Concurrent Workers: 2
 Concurrent Refinement Workers: 8
 Periodic GC: Disabled

Heap:
 garbage-first heap   total 585728K, used 546931K [0x00000000c0000000, 0x0000000100000000)
  region size 1024K, 19 young (19456K), 1 survivors (1024K)
 Metaspace       used 47878K, committed 48256K, reserved 1114112K
  class space    used 5165K, committed 5376K, reserved 1048576K

Heap Regions: E=young(eden), S=young(survivor), O=old, HS=humongous(starts), HC=humongous(continues), CS=collection set, F=free, OA=open archive, CA=closed archive, TAMS=top-at-mark-start (previous, next)
|   0|0x00000000c0000000, 0x00000000c0100000, 0x00000000c0100000|100%|HS|  |TAMS 0x00000000c0100000, 0x00000000c0000000| Complete 
|   1|0x00000000c0100000, 0x00000000c0200000, 0x00000000c0200000|100%|HC|  |TAMS 0x00000000c0200000, 0x00000000c0100000| Complete 
|   2|0x00000000c0200000, 0x00000000c0300000, 0x00000000c0300000|100%|HC|  |TAMS 0x00000000c0300000, 0x00000000c0200000| Complete 
|   3|0x00000000c0300000, 0x00000000c0400000, 0x00000000c0400000|100%|HS|  |TAMS 0x00000000c0400000, 0x00000000c0300000| Complete 
|   4|0x00000000c0400000, 0x00000000c0500000, 0x00000000c0500000|100%|HC|  |TAMS 0x00000000c0500000, 0x00000000c0400000| Complete 
|   5|0x00000000c0500000, 0x00000000c0600000, 0x00000000c0600000|100%| O|  |TAMS 0x00000000c0600000, 0x00000000c0500000| Untracked 
|   6|0x00000000c0600000, 0x00000000c0700000, 0x00000000c0700000|100%| O|  |TAMS 0x00000000c0700000, 0x00000000c0600000| Updating 
|   7|0x00000000c0700000, 0x00000000c0800000, 0x00000000c0800000|100%| O|  |TAMS 0x00000000c0800000, 0x00000000c0700000| Untracked 
|   8|0x00000000c0800000, 0x00000000c0900000, 0x00000000c0900000|100%| O|  |TAMS 0x00000000c0900000, 0x00000000c0800000| Untracked 
|   9|0x00000000c0900000, 0x00000000c0a00000, 0x00000000c0a00000|100%| O|  |TAMS 0x00000000c0a00000, 0x00000000c0900000| Untracked 
|  10|0x00000000c0a00000, 0x00000000c0b00000, 0x00000000c0b00000|100%| O|  |TAMS 0x00000000c0b00000, 0x00000000c0a00000| Untracked 
|  11|0x00000000c0b00000, 0x00000000c0c00000, 0x00000000c0c00000|100%| O|  |TAMS 0x00000000c0c00000, 0x00000000c0b00000| Untracked 
|  12|0x00000000c0c00000, 0x00000000c0d00000, 0x00000000c0d00000|100%| O|  |TAMS 0x00000000c0d00000, 0x00000000c0c00000| Untracked 
|  13|0x00000000c0d00000, 0x00000000c0e00000, 0x00000000c0e00000|100%| O|  |TAMS 0x00000000c0e00000, 0x00000000c0d00000| Updating 
|  14|0x00000000c0e00000, 0x00000000c0f00000, 0x00000000c0f00000|100%| O|  |TAMS 0x00000000c0f00000, 0x00000000c0e00000| Untracked 
|  15|0x00000000c0f00000, 0x00000000c1000000, 0x00000000c1000000|100%| O|  |TAMS 0x00000000c1000000, 0x00000000c0f00000| Untracked 
|  16|0x00000000c1000000, 0x00000000c1100000, 0x00000000c1100000|100%| O|  |TAMS 0x00000000c1100000, 0x00000000c1000000| Updating 
|  17|0x00000000c1100000, 0x00000000c1200000, 0x00000000c1200000|100%| O|  |TAMS 0x00000000c1200000, 0x00000000c1100000| Updating 
|  18|0x00000000c1200000, 0x00000000c1300000, 0x00000000c1300000|100%| O|  |TAMS 0x00000000c1300000, 0x00000000c1200000| Updating 
|  19|0x00000000c1300000, 0x00000000c1400000, 0x00000000c1400000|100%| O|  |TAMS 0x00000000c1400000, 0x00000000c1300000| Updating 
|  20|0x00000000c1400000, 0x00000000c1500000, 0x00000000c1500000|100%| O|  |TAMS 0x00000000c1500000, 0x00000000c1400000| Updating 
|  21|0x00000000c1500000, 0x00000000c1600000, 0x00000000c1600000|100%| O|  |TAMS 0x00000000c1600000, 0x00000000c1500000| Updating 
|  22|0x00000000c1600000, 0x00000000c1700000, 0x00000000c1700000|100%| O|  |TAMS 0x00000000c1700000, 0x00000000c1600000| Updating 
|  23|0x00000000c1700000, 0x00000000c1800000, 0x00000000c1800000|100%| O|  |TAMS 0x00000000c1800000, 0x00000000c1700000| Untracked 
|  24|0x00000000c1800000, 0x00000000c1900000, 0x00000000c1900000|100%| O|  |TAMS 0x00000000c1900000, 0x00000000c1800000| Updating 
|  25|0x00000000c1900000, 0x00000000c1a00000, 0x00000000c1a00000|100%| O|  |TAMS 0x00000000c1a00000, 0x00000000c1900000| Untracked 
|  26|0x00000000c1a00000, 0x00000000c1b00000, 0x00000000c1b00000|100%| O|  |TAMS 0x00000000c1b00000, 0x00000000c1a00000| Untracked 
|  27|0x00000000c1b00000, 0x00000000c1c00000, 0x00000000c1c00000|100%| O|  |TAMS 0x00000000c1c00000, 0x00000000c1b00000| Untracked 
|  28|0x00000000c1c00000, 0x00000000c1d00000, 0x00000000c1d00000|100%| O|  |TAMS 0x00000000c1d00000, 0x00000000c1c00000| Untracked 
|  29|0x00000000c1d00000, 0x00000000c1e00000, 0x00000000c1e00000|100%| O|  |TAMS 0x00000000c1e00000, 0x00000000c1d00000| Untracked 
|  30|0x00000000c1e00000, 0x00000000c1f00000, 0x00000000c1f00000|100%| O|  |TAMS 0x00000000c1f00000, 0x00000000c1e00000| Updating 
|  31|0x00000000c1f00000, 0x00000000c2000000, 0x00000000c2000000|100%| O|  |TAMS 0x00000000c2000000, 0x00000000c1f00000| Updating 
|  32|0x00000000c2000000, 0x00000000c2100000, 0x00000000c2100000|100%| O|  |TAMS 0x00000000c2100000, 0x00000000c2000000| Updating 
|  33|0x00000000c2100000, 0x00000000c2200000, 0x00000000c2200000|100%| O|  |TAMS 0x00000000c2200000, 0x00000000c2100000| Updating 
|  34|0x00000000c2200000, 0x00000000c2300000, 0x00000000c2300000|100%| O|  |TAMS 0x00000000c2300000, 0x00000000c2200000| Updating 
|  35|0x00000000c2300000, 0x00000000c2300000, 0x00000000c2400000|  0%| F|  |TAMS 0x00000000c2300000, 0x00000000c2300000| Untracked 
|  36|0x00000000c2400000, 0x00000000c2400000, 0x00000000c2500000|  0%| F|  |TAMS 0x00000000c2400000, 0x00000000c2400000| Untracked 
|  37|0x00000000c2500000, 0x00000000c2600000, 0x00000000c2600000|100%| O|  |TAMS 0x00000000c2600000, 0x00000000c2500000| Updating 
|  38|0x00000000c2600000, 0x00000000c2700000, 0x00000000c2700000|100%| O|  |TAMS 0x00000000c2700000, 0x00000000c2600000| Updating 
|  39|0x00000000c2700000, 0x00000000c2800000, 0x00000000c2800000|100%| O|  |TAMS 0x00000000c2800000, 0x00000000c2700000| Untracked 
|  40|0x00000000c2800000, 0x00000000c2900000, 0x00000000c2900000|100%| O|  |TAMS 0x00000000c2900000, 0x00000000c2800000| Untracked 
|  41|0x00000000c2900000, 0x00000000c2a00000, 0x00000000c2a00000|100%| O|  |TAMS 0x00000000c2a00000, 0x00000000c2900000| Untracked 
|  42|0x00000000c2a00000, 0x00000000c2b00000, 0x00000000c2b00000|100%| O|  |TAMS 0x00000000c2b00000, 0x00000000c2a00000| Updating 
|  43|0x00000000c2b00000, 0x00000000c2c00000, 0x00000000c2c00000|100%| O|  |TAMS 0x00000000c2c00000, 0x00000000c2b00000| Updating 
|  44|0x00000000c2c00000, 0x00000000c2d00000, 0x00000000c2d00000|100%| O|  |TAMS 0x00000000c2d00000, 0x00000000c2c00000| Updating 
|  45|0x00000000c2d00000, 0x00000000c2e00000, 0x00000000c2e00000|100%| O|  |TAMS 0x00000000c2e00000, 0x00000000c2d00000| Untracked 
|  46|0x00000000c2e00000, 0x00000000c2f00000, 0x00000000c2f00000|100%| O|  |TAMS 0x00000000c2f00000, 0x00000000c2e00000| Updating 
|  47|0x00000000c2f00000, 0x00000000c3000000, 0x00000000c3000000|100%| O|  |TAMS 0x00000000c3000000, 0x00000000c2f00000| Updating 
|  48|0x00000000c3000000, 0x00000000c3100000, 0x00000000c3100000|100%| O|  |TAMS 0x00000000c3100000, 0x00000000c3000000| Updating 
|  49|0x00000000c3100000, 0x00000000c3200000, 0x00000000c3200000|100%| O|  |TAMS 0x00000000c3200000, 0x00000000c3100000| Untracked 
|  50|0x00000000c3200000, 0x00000000c3300000, 0x00000000c3300000|100%| O|  |TAMS 0x00000000c3300000, 0x00000000c3200000| Updating 
|  51|0x00000000c3300000, 0x00000000c3400000, 0x00000000c3400000|100%| O|  |TAMS 0x00000000c3400000, 0x00000000c3300000| Updating 
|  52|0x00000000c3400000, 0x00000000c3500000, 0x00000000c3500000|100%| O|  |TAMS 0x00000000c3500000, 0x00000000c3400000| Updating 
|  53|0x00000000c3500000, 0x00000000c3600000, 0x00000000c3600000|100%| O|  |TAMS 0x00000000c3600000, 0x00000000c3500000| Untracked 
|  54|0x00000000c3600000, 0x00000000c3700000, 0x00000000c3700000|100%| O|  |TAMS 0x00000000c3700000, 0x00000000c3600000| Untracked 
|  55|0x00000000c3700000, 0x00000000c3800000, 0x00000000c3800000|100%| O|  |TAMS 0x00000000c3800000, 0x00000000c3700000| Untracked 
|  56|0x00000000c3800000, 0x00000000c3900000, 0x00000000c3900000|100%| O|  |TAMS 0x00000000c3900000, 0x00000000c3800000| Untracked 
|  57|0x00000000c3900000, 0x00000000c3a00000, 0x00000000c3a00000|100%| O|  |TAMS 0x00000000c3a00000, 0x00000000c3900000| Untracked 
|  58|0x00000000c3a00000, 0x00000000c3b00000, 0x00000000c3b00000|100%| O|  |TAMS 0x00000000c3b00000, 0x00000000c3a00000| Untracked 
|  59|0x00000000c3b00000, 0x00000000c3c00000, 0x00000000c3c00000|100%| O|  |TAMS 0x00000000c3c00000, 0x00000000c3b00000| Untracked 
|  60|0x00000000c3c00000, 0x00000000c3d00000, 0x00000000c3d00000|100%| O|  |TAMS 0x00000000c3d00000, 0x00000000c3c00000| Updating 
|  61|0x00000000c3d00000, 0x00000000c3e00000, 0x00000000c3e00000|100%| O|  |TAMS 0x00000000c3e00000, 0x00000000c3d00000| Untracked 
|  62|0x00000000c3e00000, 0x00000000c3f00000, 0x00000000c3f00000|100%| O|  |TAMS 0x00000000c3f00000, 0x00000000c3e00000| Updating 
|  63|0x00000000c3f00000, 0x00000000c4000000, 0x00000000c4000000|100%| O|  |TAMS 0x00000000c4000000, 0x00000000c3f00000| Untracked 
|  64|0x00000000c4000000, 0x00000000c4100000, 0x00000000c4100000|100%| O|  |TAMS 0x00000000c4100000, 0x00000000c4000000| Untracked 
|  65|0x00000000c4100000, 0x00000000c4200000, 0x00000000c4200000|100%| O|  |TAMS 0x00000000c4200000, 0x00000000c4100000| Untracked 
|  66|0x00000000c4200000, 0x00000000c4300000, 0x00000000c4300000|100%| O|  |TAMS 0x00000000c4300000, 0x00000000c4200000| Updating 
|  67|0x00000000c4300000, 0x00000000c4400000, 0x00000000c4400000|100%| O|  |TAMS 0x00000000c4400000, 0x00000000c4300000| Updating 
|  68|0x00000000c4400000, 0x00000000c4500000, 0x00000000c4500000|100%| O|  |TAMS 0x00000000c4500000, 0x00000000c4400000| Updating 
|  69|0x00000000c4500000, 0x00000000c4600000, 0x00000000c4600000|100%| O|  |TAMS 0x00000000c4600000, 0x00000000c4500000| Updating 
|  70|0x00000000c4600000, 0x00000000c4700000, 0x00000000c4700000|100%| O|  |TAMS 0x00000000c4700000, 0x00000000c4600000| Updating 
|  71|0x00000000c4700000, 0x00000000c4800000, 0x00000000c4800000|100%| O|  |TAMS 0x00000000c4800000, 0x00000000c4700000| Updating 
|  72|0x00000000c4800000, 0x00000000c4900000, 0x00000000c4900000|100%| O|  |TAMS 0x00000000c4900000, 0x00000000c4800000| Updating 
|  73|0x00000000c4900000, 0x00000000c4a00000, 0x00000000c4a00000|100%| O|  |TAMS 0x00000000c4a00000, 0x00000000c4900000| Updating 
|  74|0x00000000c4a00000, 0x00000000c4b00000, 0x00000000c4b00000|100%| O|  |TAMS 0x00000000c4b00000, 0x00000000c4a00000| Updating 
|  75|0x00000000c4b00000, 0x00000000c4c00000, 0x00000000c4c00000|100%| O|  |TAMS 0x00000000c4c00000, 0x00000000c4b00000| Updating 
|  76|0x00000000c4c00000, 0x00000000c4d00000, 0x00000000c4d00000|100%| O|  |TAMS 0x00000000c4d00000, 0x00000000c4c00000| Updating 
|  77|0x00000000c4d00000, 0x00000000c4e00000, 0x00000000c4e00000|100%| O|  |TAMS 0x00000000c4e00000, 0x00000000c4d00000| Updating 
|  78|0x00000000c4e00000, 0x00000000c4f00000, 0x00000000c4f00000|100%| O|  |TAMS 0x00000000c4f00000, 0x00000000c4e00000| Updating 
|  79|0x00000000c4f00000, 0x00000000c5000000, 0x00000000c5000000|100%| O|  |TAMS 0x00000000c5000000, 0x00000000c4f00000| Updating 
|  80|0x00000000c5000000, 0x00000000c5100000, 0x00000000c5100000|100%| O|  |TAMS 0x00000000c5100000, 0x00000000c5000000| Updating 
|  81|0x00000000c5100000, 0x00000000c5200000, 0x00000000c5200000|100%| O|  |TAMS 0x00000000c5200000, 0x00000000c5100000| Untracked 
|  82|0x00000000c5200000, 0x00000000c5300000, 0x00000000c5300000|100%| O|  |TAMS 0x00000000c5300000, 0x00000000c5200000| Updating 
|  83|0x00000000c5300000, 0x00000000c5400000, 0x00000000c5400000|100%| O|  |TAMS 0x00000000c5400000, 0x00000000c5300000| Untracked 
|  84|0x00000000c5400000, 0x00000000c5500000, 0x00000000c5500000|100%| O|  |TAMS 0x00000000c5500000, 0x00000000c5400000| Updating 
|  85|0x00000000c5500000, 0x00000000c5600000, 0x00000000c5600000|100%| O|  |TAMS 0x00000000c5600000, 0x00000000c5500000| Updating 
|  86|0x00000000c5600000, 0x00000000c5700000, 0x00000000c5700000|100%| O|  |TAMS 0x00000000c5700000, 0x00000000c5600000| Updating 
|  87|0x00000000c5700000, 0x00000000c5800000, 0x00000000c5800000|100%| O|  |TAMS 0x00000000c5800000, 0x00000000c5700000| Updating 
|  88|0x00000000c5800000, 0x00000000c5900000, 0x00000000c5900000|100%| O|  |TAMS 0x00000000c5900000, 0x00000000c5800000| Updating 
|  89|0x00000000c5900000, 0x00000000c5a00000, 0x00000000c5a00000|100%| O|  |TAMS 0x00000000c5a00000, 0x00000000c5900000| Updating 
|  90|0x00000000c5a00000, 0x00000000c5b00000, 0x00000000c5b00000|100%| O|  |TAMS 0x00000000c5b00000, 0x00000000c5a00000| Updating 
|  91|0x00000000c5b00000, 0x00000000c5b00000, 0x00000000c5c00000|  0%| F|  |TAMS 0x00000000c5b00000, 0x00000000c5b00000| Untracked 
|  92|0x00000000c5c00000, 0x00000000c5d00000, 0x00000000c5d00000|100%| O|  |TAMS 0x00000000c5d00000, 0x00000000c5c00000| Updating 
|  93|0x00000000c5d00000, 0x00000000c5e00000, 0x00000000c5e00000|100%| O|  |TAMS 0x00000000c5e00000, 0x00000000c5d00000| Untracked 
|  94|0x00000000c5e00000, 0x00000000c5f00000, 0x00000000c5f00000|100%| O|  |TAMS 0x00000000c5f00000, 0x00000000c5e00000| Untracked 
|  95|0x00000000c5f00000, 0x00000000c6000000, 0x00000000c6000000|100%| O|  |TAMS 0x00000000c6000000, 0x00000000c5f00000| Untracked 
|  96|0x00000000c6000000, 0x00000000c6100000, 0x00000000c6100000|100%| O|  |TAMS 0x00000000c6100000, 0x00000000c6000000| Updating 
|  97|0x00000000c6100000, 0x00000000c6200000, 0x00000000c6200000|100%| O|  |TAMS 0x00000000c6200000, 0x00000000c6100000| Untracked 
|  98|0x00000000c6200000, 0x00000000c6300000, 0x00000000c6300000|100%| O|  |TAMS 0x00000000c6300000, 0x00000000c6200000| Updating 
|  99|0x00000000c6300000, 0x00000000c6400000, 0x00000000c6400000|100%| O|  |TAMS 0x00000000c6400000, 0x00000000c6300000| Updating 
| 100|0x00000000c6400000, 0x00000000c6500000, 0x00000000c6500000|100%| O|  |TAMS 0x00000000c6500000, 0x00000000c6400000| Updating 
| 101|0x00000000c6500000, 0x00000000c6600000, 0x00000000c6600000|100%| O|  |TAMS 0x00000000c6600000, 0x00000000c6500000| Updating 
| 102|0x00000000c6600000, 0x00000000c6700000, 0x00000000c6700000|100%| O|  |TAMS 0x00000000c6700000, 0x00000000c6600000| Updating 
| 103|0x00000000c6700000, 0x00000000c6800000, 0x00000000c6800000|100%| O|  |TAMS 0x00000000c6800000, 0x00000000c6700000| Updating 
| 104|0x00000000c6800000, 0x00000000c6900000, 0x00000000c6900000|100%| O|  |TAMS 0x00000000c6900000, 0x00000000c6800000| Updating 
| 105|0x00000000c6900000, 0x00000000c6a00000, 0x00000000c6a00000|100%|HS|  |TAMS 0x00000000c6a00000, 0x00000000c6900000| Complete 
| 106|0x00000000c6a00000, 0x00000000c6b00000, 0x00000000c6b00000|100%|HC|  |TAMS 0x00000000c6b00000, 0x00000000c6a00000| Complete 
| 107|0x00000000c6b00000, 0x00000000c6c00000, 0x00000000c6c00000|100%|HC|  |TAMS 0x00000000c6c00000, 0x00000000c6b00000| Complete 
| 108|0x00000000c6c00000, 0x00000000c6d00000, 0x00000000c6d00000|100%|HC|  |TAMS 0x00000000c6d00000, 0x00000000c6c00000| Complete 
| 109|0x00000000c6d00000, 0x00000000c6e00000, 0x00000000c6e00000|100%|HC|  |TAMS 0x00000000c6e00000, 0x00000000c6d00000| Complete 
| 110|0x00000000c6e00000, 0x00000000c6f00000, 0x00000000c6f00000|100%|HC|  |TAMS 0x00000000c6f00000, 0x00000000c6e00000| Complete 
| 111|0x00000000c6f00000, 0x00000000c7000000, 0x00000000c7000000|100%|HC|  |TAMS 0x00000000c7000000, 0x00000000c6f00000| Complete 
| 112|0x00000000c7000000, 0x00000000c7100000, 0x00000000c7100000|100%|HC|  |TAMS 0x00000000c7100000, 0x00000000c7000000| Complete 
| 113|0x00000000c7100000, 0x00000000c7200000, 0x00000000c7200000|100%|HC|  |TAMS 0x00000000c7200000, 0x00000000c7100000| Complete 
| 114|0x00000000c7200000, 0x00000000c7300000, 0x00000000c7300000|100%|HC|  |TAMS 0x00000000c7300000, 0x00000000c7200000| Complete 
| 115|0x00000000c7300000, 0x00000000c7400000, 0x00000000c7400000|100%|HC|  |TAMS 0x00000000c7400000, 0x00000000c7300000| Complete 
| 116|0x00000000c7400000, 0x00000000c7500000, 0x00000000c7500000|100%|HC|  |TAMS 0x00000000c7500000, 0x00000000c7400000| Complete 
| 117|0x00000000c7500000, 0x00000000c7600000, 0x00000000c7600000|100%|HC|  |TAMS 0x00000000c7600000, 0x00000000c7500000| Complete 
| 118|0x00000000c7600000, 0x00000000c7700000, 0x00000000c7700000|100%|HC|  |TAMS 0x00000000c7700000, 0x00000000c7600000| Complete 
| 119|0x00000000c7700000, 0x00000000c7800000, 0x00000000c7800000|100%|HC|  |TAMS 0x00000000c7800000, 0x00000000c7700000| Complete 
| 120|0x00000000c7800000, 0x00000000c7900000, 0x00000000c7900000|100%|HC|  |TAMS 0x00000000c7900000, 0x00000000c7800000| Complete 
| 121|0x00000000c7900000, 0x00000000c7a00000, 0x00000000c7a00000|100%|HC|  |TAMS 0x00000000c7a00000, 0x00000000c7900000| Complete 
| 122|0x00000000c7a00000, 0x00000000c7b00000, 0x00000000c7b00000|100%|HC|  |TAMS 0x00000000c7b00000, 0x00000000c7a00000| Complete 
| 123|0x00000000c7b00000, 0x00000000c7c00000, 0x00000000c7c00000|100%|HC|  |TAMS 0x00000000c7c00000, 0x00000000c7b00000| Complete 
| 124|0x00000000c7c00000, 0x00000000c7d00000, 0x00000000c7d00000|100%|HC|  |TAMS 0x00000000c7d00000, 0x00000000c7c00000| Complete 
| 125|0x00000000c7d00000, 0x00000000c7e00000, 0x00000000c7e00000|100%|HC|  |TAMS 0x00000000c7e00000, 0x00000000c7d00000| Complete 
| 126|0x00000000c7e00000, 0x00000000c7f00000, 0x00000000c7f00000|100%|HC|  |TAMS 0x00000000c7f00000, 0x00000000c7e00000| Complete 
| 127|0x00000000c7f00000, 0x00000000c8000000, 0x00000000c8000000|100%|HC|  |TAMS 0x00000000c8000000, 0x00000000c7f00000| Complete 
| 128|0x00000000c8000000, 0x00000000c8100000, 0x00000000c8100000|100%|HC|  |TAMS 0x00000000c8100000, 0x00000000c8000000| Complete 
| 129|0x00000000c8100000, 0x00000000c8200000, 0x00000000c8200000|100%|HC|  |TAMS 0x00000000c8200000, 0x00000000c8100000| Complete 
| 130|0x00000000c8200000, 0x00000000c8300000, 0x00000000c8300000|100%|HC|  |TAMS 0x00000000c8300000, 0x00000000c8200000| Complete 
| 131|0x00000000c8300000, 0x00000000c8400000, 0x00000000c8400000|100%|HC|  |TAMS 0x00000000c8400000, 0x00000000c8300000| Complete 
| 132|0x00000000c8400000, 0x00000000c8500000, 0x00000000c8500000|100%|HC|  |TAMS 0x00000000c8500000, 0x00000000c8400000| Complete 
| 133|0x00000000c8500000, 0x00000000c8600000, 0x00000000c8600000|100%|HC|  |TAMS 0x00000000c8600000, 0x00000000c8500000| Complete 
| 134|0x00000000c8600000, 0x00000000c8700000, 0x00000000c8700000|100%|HC|  |TAMS 0x00000000c8700000, 0x00000000c8600000| Complete 
| 135|0x00000000c8700000, 0x00000000c8800000, 0x00000000c8800000|100%|HC|  |TAMS 0x00000000c8800000, 0x00000000c8700000| Complete 
| 136|0x00000000c8800000, 0x00000000c8900000, 0x00000000c8900000|100%| O|  |TAMS 0x00000000c8900000, 0x00000000c8800000| Updating 
| 137|0x00000000c8900000, 0x00000000c8a00000, 0x00000000c8a00000|100%| O|  |TAMS 0x00000000c8a00000, 0x00000000c8900000| Untracked 
| 138|0x00000000c8a00000, 0x00000000c8b00000, 0x00000000c8b00000|100%| O|  |TAMS 0x00000000c8b00000, 0x00000000c8a00000| Updating 
| 139|0x00000000c8b00000, 0x00000000c8c00000, 0x00000000c8c00000|100%| O|  |TAMS 0x00000000c8c00000, 0x00000000c8b00000| Updating 
| 140|0x00000000c8c00000, 0x00000000c8d00000, 0x00000000c8d00000|100%| O|  |TAMS 0x00000000c8d00000, 0x00000000c8c00000| Updating 
| 141|0x00000000c8d00000, 0x00000000c8e00000, 0x00000000c8e00000|100%| O|  |TAMS 0x00000000c8e00000, 0x00000000c8d00000| Untracked 
| 142|0x00000000c8e00000, 0x00000000c8f00000, 0x00000000c8f00000|100%| O|  |TAMS 0x00000000c8f00000, 0x00000000c8e00000| Updating 
| 143|0x00000000c8f00000, 0x00000000c9000000, 0x00000000c9000000|100%| O|  |TAMS 0x00000000c9000000, 0x00000000c8f00000| Updating 
| 144|0x00000000c9000000, 0x00000000c9100000, 0x00000000c9100000|100%| O|  |TAMS 0x00000000c9100000, 0x00000000c9000000| Updating 
| 145|0x00000000c9100000, 0x00000000c9200000, 0x00000000c9200000|100%| O|  |TAMS 0x00000000c9200000, 0x00000000c9100000| Updating 
| 146|0x00000000c9200000, 0x00000000c9300000, 0x00000000c9300000|100%| O|  |TAMS 0x00000000c9300000, 0x00000000c9200000| Updating 
| 147|0x00000000c9300000, 0x00000000c9400000, 0x00000000c9400000|100%| O|  |TAMS 0x00000000c9400000, 0x00000000c9300000| Updating 
| 148|0x00000000c9400000, 0x00000000c9500000, 0x00000000c9500000|100%| O|  |TAMS 0x00000000c9500000, 0x00000000c9400000| Updating 
| 149|0x00000000c9500000, 0x00000000c9600000, 0x00000000c9600000|100%| O|  |TAMS 0x00000000c9600000, 0x00000000c9500000| Updating 
| 150|0x00000000c9600000, 0x00000000c9700000, 0x00000000c9700000|100%| O|  |TAMS 0x00000000c9700000, 0x00000000c9600000| Updating 
| 151|0x00000000c9700000, 0x00000000c9800000, 0x00000000c9800000|100%| O|  |TAMS 0x00000000c9800000, 0x00000000c9700000| Updating 
| 152|0x00000000c9800000, 0x00000000c9900000, 0x00000000c9900000|100%| O|  |TAMS 0x00000000c9900000, 0x00000000c9800000| Updating 
| 153|0x00000000c9900000, 0x00000000c9a00000, 0x00000000c9a00000|100%| O|  |TAMS 0x00000000c9a00000, 0x00000000c9900000| Updating 
| 154|0x00000000c9a00000, 0x00000000c9a00000, 0x00000000c9b00000|  0%| F|  |TAMS 0x00000000c9a00000, 0x00000000c9a00000| Untracked 
| 155|0x00000000c9b00000, 0x00000000c9c00000, 0x00000000c9c00000|100%| O|  |TAMS 0x00000000c9c00000, 0x00000000c9b00000| Updating 
| 156|0x00000000c9c00000, 0x00000000c9d00000, 0x00000000c9d00000|100%| O|  |TAMS 0x00000000c9d00000, 0x00000000c9c00000| Updating 
| 157|0x00000000c9d00000, 0x00000000c9e00000, 0x00000000c9e00000|100%| O|  |TAMS 0x00000000c9e00000, 0x00000000c9d00000| Updating 
| 158|0x00000000c9e00000, 0x00000000c9f00000, 0x00000000c9f00000|100%| O|  |TAMS 0x00000000c9f00000, 0x00000000c9e00000| Updating 
| 159|0x00000000c9f00000, 0x00000000ca000000, 0x00000000ca000000|100%| O|  |TAMS 0x00000000ca000000, 0x00000000c9f00000| Updating 
| 160|0x00000000ca000000, 0x00000000ca100000, 0x00000000ca100000|100%| O|  |TAMS 0x00000000ca100000, 0x00000000ca000000| Updating 
| 161|0x00000000ca100000, 0x00000000ca200000, 0x00000000ca200000|100%| O|  |TAMS 0x00000000ca200000, 0x00000000ca100000| Updating 
| 162|0x00000000ca200000, 0x00000000ca300000, 0x00000000ca300000|100%| O|  |TAMS 0x00000000ca300000, 0x00000000ca200000| Updating 
| 163|0x00000000ca300000, 0x00000000ca400000, 0x00000000ca400000|100%| O|  |TAMS 0x00000000ca400000, 0x00000000ca300000| Updating 
| 164|0x00000000ca400000, 0x00000000ca400000, 0x00000000ca500000|  0%| F|  |TAMS 0x00000000ca400000, 0x00000000ca400000| Untracked 
| 165|0x00000000ca500000, 0x00000000ca600000, 0x00000000ca600000|100%| O|  |TAMS 0x00000000ca600000, 0x00000000ca500000| Updating 
| 166|0x00000000ca600000, 0x00000000ca700000, 0x00000000ca700000|100%| O|  |TAMS 0x00000000ca700000, 0x00000000ca600000| Updating 
| 167|0x00000000ca700000, 0x00000000ca800000, 0x00000000ca800000|100%| O|  |TAMS 0x00000000ca800000, 0x00000000ca700000| Updating 
| 168|0x00000000ca800000, 0x00000000ca900000, 0x00000000ca900000|100%| O|  |TAMS 0x00000000ca900000, 0x00000000ca800000| Updating 
| 169|0x00000000ca900000, 0x00000000caa00000, 0x00000000caa00000|100%| O|  |TAMS 0x00000000caa00000, 0x00000000ca900000| Updating 
| 170|0x00000000caa00000, 0x00000000cab00000, 0x00000000cab00000|100%| O|  |TAMS 0x00000000cab00000, 0x00000000caa00000| Untracked 
| 171|0x00000000cab00000, 0x00000000cac00000, 0x00000000cac00000|100%| O|  |TAMS 0x00000000cac00000, 0x00000000cab00000| Untracked 
| 172|0x00000000cac00000, 0x00000000cad00000, 0x00000000cad00000|100%| O|  |TAMS 0x00000000cad00000, 0x00000000cac00000| Updating 
| 173|0x00000000cad00000, 0x00000000cae00000, 0x00000000cae00000|100%| O|  |TAMS 0x00000000cae00000, 0x00000000cad00000| Updating 
| 174|0x00000000cae00000, 0x00000000caf00000, 0x00000000caf00000|100%| O|  |TAMS 0x00000000caf00000, 0x00000000cae00000| Updating 
| 175|0x00000000caf00000, 0x00000000cb000000, 0x00000000cb000000|100%| O|  |TAMS 0x00000000cb000000, 0x00000000caf00000| Updating 
| 176|0x00000000cb000000, 0x00000000cb100000, 0x00000000cb100000|100%| O|  |TAMS 0x00000000cb100000, 0x00000000cb000000| Updating 
| 177|0x00000000cb100000, 0x00000000cb200000, 0x00000000cb200000|100%| O|  |TAMS 0x00000000cb200000, 0x00000000cb100000| Updating 
| 178|0x00000000cb200000, 0x00000000cb300000, 0x00000000cb300000|100%| O|  |TAMS 0x00000000cb300000, 0x00000000cb200000| Updating 
| 179|0x00000000cb300000, 0x00000000cb400000, 0x00000000cb400000|100%| O|  |TAMS 0x00000000cb400000, 0x00000000cb300000| Updating 
| 180|0x00000000cb400000, 0x00000000cb500000, 0x00000000cb500000|100%| O|  |TAMS 0x00000000cb500000, 0x00000000cb400000| Untracked 
| 181|0x00000000cb500000, 0x00000000cb600000, 0x00000000cb600000|100%| O|  |TAMS 0x00000000cb600000, 0x00000000cb500000| Updating 
| 182|0x00000000cb600000, 0x00000000cb700000, 0x00000000cb700000|100%| O|  |TAMS 0x00000000cb700000, 0x00000000cb600000| Updating 
| 183|0x00000000cb700000, 0x00000000cb700000, 0x00000000cb800000|  0%| F|  |TAMS 0x00000000cb700000, 0x00000000cb700000| Untracked 
| 184|0x00000000cb800000, 0x00000000cb800000, 0x00000000cb900000|  0%| F|  |TAMS 0x00000000cb800000, 0x00000000cb800000| Untracked 
| 185|0x00000000cb900000, 0x00000000cba00000, 0x00000000cba00000|100%| O|  |TAMS 0x00000000cba00000, 0x00000000cb900000| Updating 
| 186|0x00000000cba00000, 0x00000000cbb00000, 0x00000000cbb00000|100%| O|  |TAMS 0x00000000cbb00000, 0x00000000cba00000| Updating 
| 187|0x00000000cbb00000, 0x00000000cbc00000, 0x00000000cbc00000|100%| O|  |TAMS 0x00000000cbc00000, 0x00000000cbb00000| Updating 
| 188|0x00000000cbc00000, 0x00000000cbd00000, 0x00000000cbd00000|100%| O|  |TAMS 0x00000000cbd00000, 0x00000000cbc00000| Updating 
| 189|0x00000000cbd00000, 0x00000000cbe00000, 0x00000000cbe00000|100%| O|  |TAMS 0x00000000cbe00000, 0x00000000cbd00000| Updating 
| 190|0x00000000cbe00000, 0x00000000cbf00000, 0x00000000cbf00000|100%| O|  |TAMS 0x00000000cbf00000, 0x00000000cbe00000| Updating 
| 191|0x00000000cbf00000, 0x00000000cc000000, 0x00000000cc000000|100%| O|  |TAMS 0x00000000cc000000, 0x00000000cbf00000| Updating 
| 192|0x00000000cc000000, 0x00000000cc100000, 0x00000000cc100000|100%| O|  |TAMS 0x00000000cc100000, 0x00000000cc000000| Updating 
| 193|0x00000000cc100000, 0x00000000cc200000, 0x00000000cc200000|100%| O|  |TAMS 0x00000000cc200000, 0x00000000cc100000| Updating 
| 194|0x00000000cc200000, 0x00000000cc300000, 0x00000000cc300000|100%| O|  |TAMS 0x00000000cc300000, 0x00000000cc200000| Updating 
| 195|0x00000000cc300000, 0x00000000cc400000, 0x00000000cc400000|100%| O|  |TAMS 0x00000000cc400000, 0x00000000cc300000| Untracked 
| 196|0x00000000cc400000, 0x00000000cc500000, 0x00000000cc500000|100%| O|  |TAMS 0x00000000cc500000, 0x00000000cc400000| Updating 
| 197|0x00000000cc500000, 0x00000000cc600000, 0x00000000cc600000|100%| O|  |TAMS 0x00000000cc600000, 0x00000000cc500000| Untracked 
| 198|0x00000000cc600000, 0x00000000cc700000, 0x00000000cc700000|100%| O|  |TAMS 0x00000000cc700000, 0x00000000cc600000| Updating 
| 199|0x00000000cc700000, 0x00000000cc800000, 0x00000000cc800000|100%| O|  |TAMS 0x00000000cc800000, 0x00000000cc700000| Untracked 
| 200|0x00000000cc800000, 0x00000000cc900000, 0x00000000cc900000|100%| O|  |TAMS 0x00000000cc900000, 0x00000000cc800000| Updating 
| 201|0x00000000cc900000, 0x00000000cca00000, 0x00000000cca00000|100%| O|  |TAMS 0x00000000cca00000, 0x00000000cc900000| Untracked 
| 202|0x00000000cca00000, 0x00000000ccb00000, 0x00000000ccb00000|100%| O|  |TAMS 0x00000000ccb00000, 0x00000000cca00000| Untracked 
| 203|0x00000000ccb00000, 0x00000000ccc00000, 0x00000000ccc00000|100%| O|  |TAMS 0x00000000ccc00000, 0x00000000ccb00000| Untracked 
| 204|0x00000000ccc00000, 0x00000000ccd00000, 0x00000000ccd00000|100%| O|  |TAMS 0x00000000ccd00000, 0x00000000ccc00000| Updating 
| 205|0x00000000ccd00000, 0x00000000cce00000, 0x00000000cce00000|100%| O|  |TAMS 0x00000000cce00000, 0x00000000ccd00000| Untracked 
| 206|0x00000000cce00000, 0x00000000ccf00000, 0x00000000ccf00000|100%| O|  |TAMS 0x00000000ccf00000, 0x00000000cce00000| Untracked 
| 207|0x00000000ccf00000, 0x00000000cd000000, 0x00000000cd000000|100%| O|  |TAMS 0x00000000cd000000, 0x00000000ccf00000| Updating 
| 208|0x00000000cd000000, 0x00000000cd100000, 0x00000000cd100000|100%| O|  |TAMS 0x00000000cd100000, 0x00000000cd000000| Untracked 
| 209|0x00000000cd100000, 0x00000000cd200000, 0x00000000cd200000|100%| O|  |TAMS 0x00000000cd200000, 0x00000000cd100000| Updating 
| 210|0x00000000cd200000, 0x00000000cd300000, 0x00000000cd300000|100%| O|  |TAMS 0x00000000cd300000, 0x00000000cd200000| Updating 
| 211|0x00000000cd300000, 0x00000000cd400000, 0x00000000cd400000|100%| O|  |TAMS 0x00000000cd400000, 0x00000000cd300000| Updating 
| 212|0x00000000cd400000, 0x00000000cd500000, 0x00000000cd500000|100%| O|  |TAMS 0x00000000cd500000, 0x00000000cd400000| Updating 
| 213|0x00000000cd500000, 0x00000000cd600000, 0x00000000cd600000|100%| O|  |TAMS 0x00000000cd600000, 0x00000000cd500000| Updating 
| 214|0x00000000cd600000, 0x00000000cd700000, 0x00000000cd700000|100%| O|  |TAMS 0x00000000cd700000, 0x00000000cd600000| Updating 
| 215|0x00000000cd700000, 0x00000000cd800000, 0x00000000cd800000|100%| O|  |TAMS 0x00000000cd800000, 0x00000000cd700000| Updating 
| 216|0x00000000cd800000, 0x00000000cd900000, 0x00000000cd900000|100%| O|  |TAMS 0x00000000cd900000, 0x00000000cd800000| Updating 
| 217|0x00000000cd900000, 0x00000000cda00000, 0x00000000cda00000|100%| O|  |TAMS 0x00000000cda00000, 0x00000000cd900000| Updating 
| 218|0x00000000cda00000, 0x00000000cdb00000, 0x00000000cdb00000|100%| O|  |TAMS 0x00000000cdb00000, 0x00000000cda00000| Updating 
| 219|0x00000000cdb00000, 0x00000000cdc00000, 0x00000000cdc00000|100%| O|  |TAMS 0x00000000cdc00000, 0x00000000cdb00000| Updating 
| 220|0x00000000cdc00000, 0x00000000cdd00000, 0x00000000cdd00000|100%| O|  |TAMS 0x00000000cdd00000, 0x00000000cdc00000| Updating 
| 221|0x00000000cdd00000, 0x00000000cde00000, 0x00000000cde00000|100%| O|  |TAMS 0x00000000cde00000, 0x00000000cdd00000| Updating 
| 222|0x00000000cde00000, 0x00000000cdf00000, 0x00000000cdf00000|100%| O|  |TAMS 0x00000000cdf00000, 0x00000000cde00000| Updating 
| 223|0x00000000cdf00000, 0x00000000ce000000, 0x00000000ce000000|100%| O|  |TAMS 0x00000000ce000000, 0x00000000cdf00000| Updating 
| 224|0x00000000ce000000, 0x00000000ce100000, 0x00000000ce100000|100%| O|  |TAMS 0x00000000ce100000, 0x00000000ce000000| Updating 
| 225|0x00000000ce100000, 0x00000000ce200000, 0x00000000ce200000|100%| O|  |TAMS 0x00000000ce200000, 0x00000000ce100000| Untracked 
| 226|0x00000000ce200000, 0x00000000ce300000, 0x00000000ce300000|100%| O|  |TAMS 0x00000000ce300000, 0x00000000ce200000| Updating 
| 227|0x00000000ce300000, 0x00000000ce400000, 0x00000000ce400000|100%| O|  |TAMS 0x00000000ce400000, 0x00000000ce300000| Untracked 
| 228|0x00000000ce400000, 0x00000000ce500000, 0x00000000ce500000|100%| O|  |TAMS 0x00000000ce500000, 0x00000000ce400000| Untracked 
| 229|0x00000000ce500000, 0x00000000ce600000, 0x00000000ce600000|100%| O|  |TAMS 0x00000000ce600000, 0x00000000ce500000| Updating 
| 230|0x00000000ce600000, 0x00000000ce700000, 0x00000000ce700000|100%| O|  |TAMS 0x00000000ce700000, 0x00000000ce600000| Updating 
| 231|0x00000000ce700000, 0x00000000ce800000, 0x00000000ce800000|100%| O|  |TAMS 0x00000000ce800000, 0x00000000ce700000| Untracked 
| 232|0x00000000ce800000, 0x00000000ce900000, 0x00000000ce900000|100%| O|  |TAMS 0x00000000ce900000, 0x00000000ce800000| Untracked 
| 233|0x00000000ce900000, 0x00000000cea00000, 0x00000000cea00000|100%| O|  |TAMS 0x00000000cea00000, 0x00000000ce900000| Updating 
| 234|0x00000000cea00000, 0x00000000ceb00000, 0x00000000ceb00000|100%| O|  |TAMS 0x00000000ceb00000, 0x00000000cea00000| Untracked 
| 235|0x00000000ceb00000, 0x00000000cec00000, 0x00000000cec00000|100%| O|  |TAMS 0x00000000cec00000, 0x00000000ceb00000| Updating 
| 236|0x00000000cec00000, 0x00000000ced00000, 0x00000000ced00000|100%| O|  |TAMS 0x00000000ced00000, 0x00000000cec00000| Updating 
| 237|0x00000000ced00000, 0x00000000cee00000, 0x00000000cee00000|100%| O|  |TAMS 0x00000000cee00000, 0x00000000ced00000| Untracked 
| 238|0x00000000cee00000, 0x00000000cef00000, 0x00000000cef00000|100%| O|  |TAMS 0x00000000cef00000, 0x00000000cee00000| Updating 
| 239|0x00000000cef00000, 0x00000000cf000000, 0x00000000cf000000|100%| O|  |TAMS 0x00000000cf000000, 0x00000000cef00000| Updating 
| 240|0x00000000cf000000, 0x00000000cf100000, 0x00000000cf100000|100%| O|  |TAMS 0x00000000cf100000, 0x00000000cf000000| Untracked 
| 241|0x00000000cf100000, 0x00000000cf200000, 0x00000000cf200000|100%| O|  |TAMS 0x00000000cf200000, 0x00000000cf100000| Untracked 
| 242|0x00000000cf200000, 0x00000000cf300000, 0x00000000cf300000|100%| O|  |TAMS 0x00000000cf300000, 0x00000000cf200000| Updating 
| 243|0x00000000cf300000, 0x00000000cf400000, 0x00000000cf400000|100%| O|  |TAMS 0x00000000cf400000, 0x00000000cf300000| Untracked 
| 244|0x00000000cf400000, 0x00000000cf500000, 0x00000000cf500000|100%| O|  |TAMS 0x00000000cf500000, 0x00000000cf400000| Untracked 
| 245|0x00000000cf500000, 0x00000000cf600000, 0x00000000cf600000|100%| O|  |TAMS 0x00000000cf600000, 0x00000000cf500000| Updating 
| 246|0x00000000cf600000, 0x00000000cf700000, 0x00000000cf700000|100%| O|  |TAMS 0x00000000cf700000, 0x00000000cf600000| Untracked 
| 247|0x00000000cf700000, 0x00000000cf800000, 0x00000000cf800000|100%| O|  |TAMS 0x00000000cf800000, 0x00000000cf700000| Updating 
| 248|0x00000000cf800000, 0x00000000cf900000, 0x00000000cf900000|100%| O|  |TAMS 0x00000000cf900000, 0x00000000cf800000| Untracked 
| 249|0x00000000cf900000, 0x00000000cfa00000, 0x00000000cfa00000|100%| O|  |TAMS 0x00000000cfa00000, 0x00000000cf900000| Untracked 
| 250|0x00000000cfa00000, 0x00000000cfb00000, 0x00000000cfb00000|100%| O|  |TAMS 0x00000000cfb00000, 0x00000000cfa00000| Updating 
| 251|0x00000000cfb00000, 0x00000000cfc00000, 0x00000000cfc00000|100%| O|  |TAMS 0x00000000cfc00000, 0x00000000cfb00000| Untracked 
| 252|0x00000000cfc00000, 0x00000000cfd00000, 0x00000000cfd00000|100%| O|  |TAMS 0x00000000cfd00000, 0x00000000cfc00000| Updating 
| 253|0x00000000cfd00000, 0x00000000cfe00000, 0x00000000cfe00000|100%| O|  |TAMS 0x00000000cfe00000, 0x00000000cfd00000| Updating 
| 254|0x00000000cfe00000, 0x00000000cff00000, 0x00000000cff00000|100%| O|  |TAMS 0x00000000cff00000, 0x00000000cfe00000| Updating 
| 255|0x00000000cff00000, 0x00000000d0000000, 0x00000000d0000000|100%| O|  |TAMS 0x00000000d0000000, 0x00000000cff00000| Updating 
| 256|0x00000000d0000000, 0x00000000d0100000, 0x00000000d0100000|100%| O|  |TAMS 0x00000000d0100000, 0x00000000d0000000| Updating 
| 257|0x00000000d0100000, 0x00000000d0200000, 0x00000000d0200000|100%| O|  |TAMS 0x00000000d0200000, 0x00000000d0100000| Updating 
| 258|0x00000000d0200000, 0x00000000d0300000, 0x00000000d0300000|100%| O|  |TAMS 0x00000000d0300000, 0x00000000d0200000| Updating 
| 259|0x00000000d0300000, 0x00000000d0400000, 0x00000000d0400000|100%| O|  |TAMS 0x00000000d0400000, 0x00000000d0300000| Untracked 
| 260|0x00000000d0400000, 0x00000000d0500000, 0x00000000d0500000|100%| O|  |TAMS 0x00000000d0500000, 0x00000000d0400000| Updating 
| 261|0x00000000d0500000, 0x00000000d0600000, 0x00000000d0600000|100%| O|  |TAMS 0x00000000d0600000, 0x00000000d0500000| Untracked 
| 262|0x00000000d0600000, 0x00000000d0700000, 0x00000000d0700000|100%| O|  |TAMS 0x00000000d0700000, 0x00000000d0600000| Untracked 
| 263|0x00000000d0700000, 0x00000000d0800000, 0x00000000d0800000|100%| O|  |TAMS 0x00000000d0800000, 0x00000000d0700000| Untracked 
| 264|0x00000000d0800000, 0x00000000d0900000, 0x00000000d0900000|100%| O|  |TAMS 0x00000000d0900000, 0x00000000d0800000| Untracked 
| 265|0x00000000d0900000, 0x00000000d0a00000, 0x00000000d0a00000|100%| O|  |TAMS 0x00000000d0a00000, 0x00000000d0900000| Updating 
| 266|0x00000000d0a00000, 0x00000000d0b00000, 0x00000000d0b00000|100%| O|  |TAMS 0x00000000d0b00000, 0x00000000d0a00000| Updating 
| 267|0x00000000d0b00000, 0x00000000d0c00000, 0x00000000d0c00000|100%| O|  |TAMS 0x00000000d0c00000, 0x00000000d0b00000| Untracked 
| 268|0x00000000d0c00000, 0x00000000d0d00000, 0x00000000d0d00000|100%| O|  |TAMS 0x00000000d0d00000, 0x00000000d0c00000| Updating 
| 269|0x00000000d0d00000, 0x00000000d0e00000, 0x00000000d0e00000|100%| O|  |TAMS 0x00000000d0e00000, 0x00000000d0d00000| Updating 
| 270|0x00000000d0e00000, 0x00000000d0f00000, 0x00000000d0f00000|100%| O|  |TAMS 0x00000000d0f00000, 0x00000000d0e00000| Untracked 
| 271|0x00000000d0f00000, 0x00000000d1000000, 0x00000000d1000000|100%| O|  |TAMS 0x00000000d1000000, 0x00000000d0f00000| Untracked 
| 272|0x00000000d1000000, 0x00000000d1100000, 0x00000000d1100000|100%| O|  |TAMS 0x00000000d1100000, 0x00000000d1000000| Updating 
| 273|0x00000000d1100000, 0x00000000d1200000, 0x00000000d1200000|100%| O|  |TAMS 0x00000000d1200000, 0x00000000d1100000| Updating 
| 274|0x00000000d1200000, 0x00000000d1300000, 0x00000000d1300000|100%| O|  |TAMS 0x00000000d1300000, 0x00000000d1200000| Updating 
| 275|0x00000000d1300000, 0x00000000d1400000, 0x00000000d1400000|100%| O|  |TAMS 0x00000000d1400000, 0x00000000d1300000| Updating 
| 276|0x00000000d1400000, 0x00000000d1500000, 0x00000000d1500000|100%| O|  |TAMS 0x00000000d1500000, 0x00000000d1400000| Updating 
| 277|0x00000000d1500000, 0x00000000d1600000, 0x00000000d1600000|100%| O|  |TAMS 0x00000000d1600000, 0x00000000d1500000| Untracked 
| 278|0x00000000d1600000, 0x00000000d1700000, 0x00000000d1700000|100%| O|  |TAMS 0x00000000d1700000, 0x00000000d1600000| Updating 
| 279|0x00000000d1700000, 0x00000000d1800000, 0x00000000d1800000|100%| O|  |TAMS 0x00000000d1800000, 0x00000000d1700000| Updating 
| 280|0x00000000d1800000, 0x00000000d1900000, 0x00000000d1900000|100%| O|  |TAMS 0x00000000d1900000, 0x00000000d1800000| Updating 
| 281|0x00000000d1900000, 0x00000000d1a00000, 0x00000000d1a00000|100%| O|  |TAMS 0x00000000d1a00000, 0x00000000d1900000| Updating 
| 282|0x00000000d1a00000, 0x00000000d1b00000, 0x00000000d1b00000|100%| O|  |TAMS 0x00000000d1b00000, 0x00000000d1a00000| Updating 
| 283|0x00000000d1b00000, 0x00000000d1c00000, 0x00000000d1c00000|100%| O|  |TAMS 0x00000000d1c00000, 0x00000000d1b00000| Updating 
| 284|0x00000000d1c00000, 0x00000000d1d00000, 0x00000000d1d00000|100%| O|  |TAMS 0x00000000d1d00000, 0x00000000d1c00000| Updating 
| 285|0x00000000d1d00000, 0x00000000d1e00000, 0x00000000d1e00000|100%| O|  |TAMS 0x00000000d1e00000, 0x00000000d1d00000| Updating 
| 286|0x00000000d1e00000, 0x00000000d1f00000, 0x00000000d1f00000|100%| O|  |TAMS 0x00000000d1f00000, 0x00000000d1e00000| Updating 
| 287|0x00000000d1f00000, 0x00000000d2000000, 0x00000000d2000000|100%| O|  |TAMS 0x00000000d2000000, 0x00000000d1f00000| Updating 
| 288|0x00000000d2000000, 0x00000000d2100000, 0x00000000d2100000|100%| O|  |TAMS 0x00000000d2100000, 0x00000000d2000000| Updating 
| 289|0x00000000d2100000, 0x00000000d2200000, 0x00000000d2200000|100%| O|  |TAMS 0x00000000d2200000, 0x00000000d2100000| Updating 
| 290|0x00000000d2200000, 0x00000000d2300000, 0x00000000d2300000|100%| O|  |TAMS 0x00000000d2300000, 0x00000000d2200000| Updating 
| 291|0x00000000d2300000, 0x00000000d2400000, 0x00000000d2400000|100%| O|  |TAMS 0x00000000d2400000, 0x00000000d2300000| Updating 
| 292|0x00000000d2400000, 0x00000000d2500000, 0x00000000d2500000|100%| O|  |TAMS 0x00000000d2500000, 0x00000000d2400000| Updating 
| 293|0x00000000d2500000, 0x00000000d2600000, 0x00000000d2600000|100%| O|  |TAMS 0x00000000d2600000, 0x00000000d2500000| Updating 
| 294|0x00000000d2600000, 0x00000000d2700000, 0x00000000d2700000|100%| O|  |TAMS 0x00000000d2700000, 0x00000000d2600000| Untracked 
| 295|0x00000000d2700000, 0x00000000d2800000, 0x00000000d2800000|100%| O|  |TAMS 0x00000000d2800000, 0x00000000d2700000| Updating 
| 296|0x00000000d2800000, 0x00000000d2900000, 0x00000000d2900000|100%| O|  |TAMS 0x00000000d2900000, 0x00000000d2800000| Updating 
| 297|0x00000000d2900000, 0x00000000d2a00000, 0x00000000d2a00000|100%| O|  |TAMS 0x00000000d2a00000, 0x00000000d2900000| Updating 
| 298|0x00000000d2a00000, 0x00000000d2b00000, 0x00000000d2b00000|100%| O|  |TAMS 0x00000000d2b00000, 0x00000000d2a00000| Updating 
| 299|0x00000000d2b00000, 0x00000000d2c00000, 0x00000000d2c00000|100%| O|  |TAMS 0x00000000d2c00000, 0x00000000d2b00000| Updating 
| 300|0x00000000d2c00000, 0x00000000d2d00000, 0x00000000d2d00000|100%| O|  |TAMS 0x00000000d2d00000, 0x00000000d2c00000| Updating 
| 301|0x00000000d2d00000, 0x00000000d2e00000, 0x00000000d2e00000|100%| O|  |TAMS 0x00000000d2e00000, 0x00000000d2d00000| Updating 
| 302|0x00000000d2e00000, 0x00000000d2f00000, 0x00000000d2f00000|100%| O|  |TAMS 0x00000000d2f00000, 0x00000000d2e00000| Updating 
| 303|0x00000000d2f00000, 0x00000000d3000000, 0x00000000d3000000|100%| O|  |TAMS 0x00000000d3000000, 0x00000000d2f00000| Updating 
| 304|0x00000000d3000000, 0x00000000d3100000, 0x00000000d3100000|100%| O|  |TAMS 0x00000000d3100000, 0x00000000d3000000| Updating 
| 305|0x00000000d3100000, 0x00000000d3200000, 0x00000000d3200000|100%| O|  |TAMS 0x00000000d3200000, 0x00000000d3100000| Updating 
| 306|0x00000000d3200000, 0x00000000d3300000, 0x00000000d3300000|100%| O|  |TAMS 0x00000000d3300000, 0x00000000d3200000| Updating 
| 307|0x00000000d3300000, 0x00000000d3400000, 0x00000000d3400000|100%| O|  |TAMS 0x00000000d3400000, 0x00000000d3300000| Updating 
| 308|0x00000000d3400000, 0x00000000d3500000, 0x00000000d3500000|100%| O|  |TAMS 0x00000000d3500000, 0x00000000d3400000| Updating 
| 309|0x00000000d3500000, 0x00000000d3600000, 0x00000000d3600000|100%| O|  |TAMS 0x00000000d3600000, 0x00000000d3500000| Updating 
| 310|0x00000000d3600000, 0x00000000d3700000, 0x00000000d3700000|100%| O|  |TAMS 0x00000000d3700000, 0x00000000d3600000| Updating 
| 311|0x00000000d3700000, 0x00000000d3800000, 0x00000000d3800000|100%| O|  |TAMS 0x00000000d3800000, 0x00000000d3700000| Updating 
| 312|0x00000000d3800000, 0x00000000d3900000, 0x00000000d3900000|100%| O|  |TAMS 0x00000000d3900000, 0x00000000d3800000| Updating 
| 313|0x00000000d3900000, 0x00000000d3a00000, 0x00000000d3a00000|100%| O|  |TAMS 0x00000000d3a00000, 0x00000000d3900000| Updating 
| 314|0x00000000d3a00000, 0x00000000d3b00000, 0x00000000d3b00000|100%| O|  |TAMS 0x00000000d3b00000, 0x00000000d3a00000| Updating 
| 315|0x00000000d3b00000, 0x00000000d3c00000, 0x00000000d3c00000|100%| O|  |TAMS 0x00000000d3c00000, 0x00000000d3b00000| Updating 
| 316|0x00000000d3c00000, 0x00000000d3d00000, 0x00000000d3d00000|100%| O|  |TAMS 0x00000000d3d00000, 0x00000000d3c00000| Untracked 
| 317|0x00000000d3d00000, 0x00000000d3e00000, 0x00000000d3e00000|100%| O|  |TAMS 0x00000000d3e00000, 0x00000000d3d00000| Untracked 
| 318|0x00000000d3e00000, 0x00000000d3f00000, 0x00000000d3f00000|100%| O|  |TAMS 0x00000000d3f00000, 0x00000000d3e00000| Untracked 
| 319|0x00000000d3f00000, 0x00000000d4000000, 0x00000000d4000000|100%| O|  |TAMS 0x00000000d4000000, 0x00000000d3f00000| Updating 
| 320|0x00000000d4000000, 0x00000000d4100000, 0x00000000d4100000|100%| O|  |TAMS 0x00000000d4100000, 0x00000000d4000000| Updating 
| 321|0x00000000d4100000, 0x00000000d4200000, 0x00000000d4200000|100%| O|  |TAMS 0x00000000d4200000, 0x00000000d4100000| Untracked 
| 322|0x00000000d4200000, 0x00000000d4300000, 0x00000000d4300000|100%| O|  |TAMS 0x00000000d4300000, 0x00000000d4200000| Untracked 
| 323|0x00000000d4300000, 0x00000000d4400000, 0x00000000d4400000|100%| O|  |TAMS 0x00000000d4400000, 0x00000000d4300000| Untracked 
| 324|0x00000000d4400000, 0x00000000d4500000, 0x00000000d4500000|100%| O|  |TAMS 0x00000000d4500000, 0x00000000d4400000| Updating 
| 325|0x00000000d4500000, 0x00000000d4600000, 0x00000000d4600000|100%| O|  |TAMS 0x00000000d4600000, 0x00000000d4500000| Untracked 
| 326|0x00000000d4600000, 0x00000000d4700000, 0x00000000d4700000|100%| O|  |TAMS 0x00000000d4700000, 0x00000000d4600000| Untracked 
| 327|0x00000000d4700000, 0x00000000d4800000, 0x00000000d4800000|100%| O|  |TAMS 0x00000000d4800000, 0x00000000d4700000| Updating 
| 328|0x00000000d4800000, 0x00000000d4900000, 0x00000000d4900000|100%| O|  |TAMS 0x00000000d4900000, 0x00000000d4800000| Updating 
| 329|0x00000000d4900000, 0x00000000d4a00000, 0x00000000d4a00000|100%| O|  |TAMS 0x00000000d4a00000, 0x00000000d4900000| Updating 
| 330|0x00000000d4a00000, 0x00000000d4b00000, 0x00000000d4b00000|100%| O|  |TAMS 0x00000000d4b00000, 0x00000000d4a00000| Untracked 
| 331|0x00000000d4b00000, 0x00000000d4c00000, 0x00000000d4c00000|100%| O|  |TAMS 0x00000000d4c00000, 0x00000000d4b00000| Updating 
| 332|0x00000000d4c00000, 0x00000000d4d00000, 0x00000000d4d00000|100%| O|  |TAMS 0x00000000d4d00000, 0x00000000d4c00000| Updating 
| 333|0x00000000d4d00000, 0x00000000d4e00000, 0x00000000d4e00000|100%| O|  |TAMS 0x00000000d4e00000, 0x00000000d4d00000| Updating 
| 334|0x00000000d4e00000, 0x00000000d4f00000, 0x00000000d4f00000|100%| O|  |TAMS 0x00000000d4f00000, 0x00000000d4e00000| Updating 
| 335|0x00000000d4f00000, 0x00000000d5000000, 0x00000000d5000000|100%| O|  |TAMS 0x00000000d5000000, 0x00000000d4f00000| Updating 
| 336|0x00000000d5000000, 0x00000000d5100000, 0x00000000d5100000|100%| O|  |TAMS 0x00000000d5100000, 0x00000000d5000000| Updating 
| 337|0x00000000d5100000, 0x00000000d5200000, 0x00000000d5200000|100%| O|  |TAMS 0x00000000d5200000, 0x00000000d5100000| Updating 
| 338|0x00000000d5200000, 0x00000000d5300000, 0x00000000d5300000|100%| O|  |TAMS 0x00000000d5300000, 0x00000000d5200000| Untracked 
| 339|0x00000000d5300000, 0x00000000d5400000, 0x00000000d5400000|100%| O|  |TAMS 0x00000000d5400000, 0x00000000d5300000| Untracked 
| 340|0x00000000d5400000, 0x00000000d5500000, 0x00000000d5500000|100%| O|  |TAMS 0x00000000d5500000, 0x00000000d5400000| Untracked 
| 341|0x00000000d5500000, 0x00000000d5600000, 0x00000000d5600000|100%| O|  |TAMS 0x00000000d5600000, 0x00000000d5500000| Untracked 
| 342|0x00000000d5600000, 0x00000000d5700000, 0x00000000d5700000|100%| O|  |TAMS 0x00000000d5700000, 0x00000000d5600000| Untracked 
| 343|0x00000000d5700000, 0x00000000d5800000, 0x00000000d5800000|100%| O|  |TAMS 0x00000000d5800000, 0x00000000d5700000| Untracked 
| 344|0x00000000d5800000, 0x00000000d5900000, 0x00000000d5900000|100%| O|  |TAMS 0x00000000d5900000, 0x00000000d5800000| Untracked 
| 345|0x00000000d5900000, 0x00000000d5a00000, 0x00000000d5a00000|100%| O|  |TAMS 0x00000000d5a00000, 0x00000000d5900000| Untracked 
| 346|0x00000000d5a00000, 0x00000000d5b00000, 0x00000000d5b00000|100%| O|  |TAMS 0x00000000d5b00000, 0x00000000d5a00000| Untracked 
| 347|0x00000000d5b00000, 0x00000000d5c00000, 0x00000000d5c00000|100%| O|  |TAMS 0x00000000d5c00000, 0x00000000d5b00000| Untracked 
| 348|0x00000000d5c00000, 0x00000000d5d00000, 0x00000000d5d00000|100%| O|  |TAMS 0x00000000d5d00000, 0x00000000d5c00000| Untracked 
| 349|0x00000000d5d00000, 0x00000000d5e00000, 0x00000000d5e00000|100%| O|  |TAMS 0x00000000d5e00000, 0x00000000d5d00000| Untracked 
| 350|0x00000000d5e00000, 0x00000000d5f00000, 0x00000000d5f00000|100%| O|  |TAMS 0x00000000d5f00000, 0x00000000d5e00000| Untracked 
| 351|0x00000000d5f00000, 0x00000000d6000000, 0x00000000d6000000|100%| O|  |TAMS 0x00000000d6000000, 0x00000000d5f00000| Untracked 
| 352|0x00000000d6000000, 0x00000000d6100000, 0x00000000d6100000|100%| O|  |TAMS 0x00000000d6100000, 0x00000000d6000000| Untracked 
| 353|0x00000000d6100000, 0x00000000d6200000, 0x00000000d6200000|100%| O|  |TAMS 0x00000000d6200000, 0x00000000d6100000| Untracked 
| 354|0x00000000d6200000, 0x00000000d6300000, 0x00000000d6300000|100%| O|  |TAMS 0x00000000d6300000, 0x00000000d6200000| Untracked 
| 355|0x00000000d6300000, 0x00000000d6400000, 0x00000000d6400000|100%| O|  |TAMS 0x00000000d6400000, 0x00000000d6300000| Untracked 
| 356|0x00000000d6400000, 0x00000000d6500000, 0x00000000d6500000|100%| O|  |TAMS 0x00000000d6500000, 0x00000000d6400000| Untracked 
| 357|0x00000000d6500000, 0x00000000d6600000, 0x00000000d6600000|100%| O|  |TAMS 0x00000000d6600000, 0x00000000d6500000| Untracked 
| 358|0x00000000d6600000, 0x00000000d6700000, 0x00000000d6700000|100%| O|  |TAMS 0x00000000d6700000, 0x00000000d6600000| Untracked 
| 359|0x00000000d6700000, 0x00000000d6800000, 0x00000000d6800000|100%| O|  |TAMS 0x00000000d6800000, 0x00000000d6700000| Untracked 
| 360|0x00000000d6800000, 0x00000000d6900000, 0x00000000d6900000|100%| O|  |TAMS 0x00000000d6900000, 0x00000000d6800000| Untracked 
| 361|0x00000000d6900000, 0x00000000d6a00000, 0x00000000d6a00000|100%| O|  |TAMS 0x00000000d6a00000, 0x00000000d6900000| Untracked 
| 362|0x00000000d6a00000, 0x00000000d6b00000, 0x00000000d6b00000|100%| O|  |TAMS 0x00000000d6b00000, 0x00000000d6a00000| Untracked 
| 363|0x00000000d6b00000, 0x00000000d6c00000, 0x00000000d6c00000|100%| O|  |TAMS 0x00000000d6c00000, 0x00000000d6b00000| Untracked 
| 364|0x00000000d6c00000, 0x00000000d6d00000, 0x00000000d6d00000|100%| O|  |TAMS 0x00000000d6d00000, 0x00000000d6c00000| Untracked 
| 365|0x00000000d6d00000, 0x00000000d6e00000, 0x00000000d6e00000|100%| O|  |TAMS 0x00000000d6e00000, 0x00000000d6d00000| Untracked 
| 366|0x00000000d6e00000, 0x00000000d6f00000, 0x00000000d6f00000|100%| O|  |TAMS 0x00000000d6f00000, 0x00000000d6e00000| Updating 
| 367|0x00000000d6f00000, 0x00000000d7000000, 0x00000000d7000000|100%| O|  |TAMS 0x00000000d7000000, 0x00000000d6f00000| Untracked 
| 368|0x00000000d7000000, 0x00000000d7100000, 0x00000000d7100000|100%| O|  |TAMS 0x00000000d7100000, 0x00000000d7000000| Untracked 
| 369|0x00000000d7100000, 0x00000000d7200000, 0x00000000d7200000|100%| O|  |TAMS 0x00000000d7200000, 0x00000000d7100000| Untracked 
| 370|0x00000000d7200000, 0x00000000d7300000, 0x00000000d7300000|100%| O|  |TAMS 0x00000000d7300000, 0x00000000d7200000| Untracked 
| 371|0x00000000d7300000, 0x00000000d7400000, 0x00000000d7400000|100%| O|  |TAMS 0x00000000d7400000, 0x00000000d7300000| Untracked 
| 372|0x00000000d7400000, 0x00000000d7500000, 0x00000000d7500000|100%| O|  |TAMS 0x00000000d7500000, 0x00000000d7400000| Untracked 
| 373|0x00000000d7500000, 0x00000000d7600000, 0x00000000d7600000|100%| O|  |TAMS 0x00000000d7600000, 0x00000000d7500000| Untracked 
| 374|0x00000000d7600000, 0x00000000d7700000, 0x00000000d7700000|100%| O|  |TAMS 0x00000000d7700000, 0x00000000d7600000| Untracked 
| 375|0x00000000d7700000, 0x00000000d7800000, 0x00000000d7800000|100%| O|  |TAMS 0x00000000d7800000, 0x00000000d7700000| Untracked 
| 376|0x00000000d7800000, 0x00000000d7900000, 0x00000000d7900000|100%| O|  |TAMS 0x00000000d7900000, 0x00000000d7800000| Untracked 
| 377|0x00000000d7900000, 0x00000000d7a00000, 0x00000000d7a00000|100%| O|  |TAMS 0x00000000d7a00000, 0x00000000d7900000| Untracked 
| 378|0x00000000d7a00000, 0x00000000d7b00000, 0x00000000d7b00000|100%| O|  |TAMS 0x00000000d7b00000, 0x00000000d7a00000| Updating 
| 379|0x00000000d7b00000, 0x00000000d7c00000, 0x00000000d7c00000|100%| O|  |TAMS 0x00000000d7c00000, 0x00000000d7b00000| Updating 
| 380|0x00000000d7c00000, 0x00000000d7d00000, 0x00000000d7d00000|100%| O|  |TAMS 0x00000000d7d00000, 0x00000000d7c00000| Untracked 
| 381|0x00000000d7d00000, 0x00000000d7e00000, 0x00000000d7e00000|100%| O|  |TAMS 0x00000000d7e00000, 0x00000000d7d00000| Untracked 
| 382|0x00000000d7e00000, 0x00000000d7f00000, 0x00000000d7f00000|100%| O|  |TAMS 0x00000000d7f00000, 0x00000000d7e00000| Untracked 
| 383|0x00000000d7f00000, 0x00000000d8000000, 0x00000000d8000000|100%| O|  |TAMS 0x00000000d8000000, 0x00000000d7f00000| Untracked 
| 384|0x00000000d8000000, 0x00000000d8100000, 0x00000000d8100000|100%| O|  |TAMS 0x00000000d8100000, 0x00000000d8000000| Updating 
| 385|0x00000000d8100000, 0x00000000d8200000, 0x00000000d8200000|100%| O|  |TAMS 0x00000000d8200000, 0x00000000d8100000| Untracked 
| 386|0x00000000d8200000, 0x00000000d8300000, 0x00000000d8300000|100%| O|  |TAMS 0x00000000d8300000, 0x00000000d8200000| Updating 
| 387|0x00000000d8300000, 0x00000000d8400000, 0x00000000d8400000|100%| O|  |TAMS 0x00000000d8400000, 0x00000000d8300000| Updating 
| 388|0x00000000d8400000, 0x00000000d8500000, 0x00000000d8500000|100%| O|  |TAMS 0x00000000d8500000, 0x00000000d8400000| Updating 
| 389|0x00000000d8500000, 0x00000000d8600000, 0x00000000d8600000|100%| O|  |TAMS 0x00000000d8600000, 0x00000000d8500000| Untracked 
| 390|0x00000000d8600000, 0x00000000d8700000, 0x00000000d8700000|100%| O|  |TAMS 0x00000000d8700000, 0x00000000d8600000| Untracked 
| 391|0x00000000d8700000, 0x00000000d8800000, 0x00000000d8800000|100%| O|  |TAMS 0x00000000d8800000, 0x00000000d8700000| Untracked 
| 392|0x00000000d8800000, 0x00000000d8900000, 0x00000000d8900000|100%| O|  |TAMS 0x00000000d8900000, 0x00000000d8800000| Untracked 
| 393|0x00000000d8900000, 0x00000000d8a00000, 0x00000000d8a00000|100%| O|  |TAMS 0x00000000d8a00000, 0x00000000d8900000| Untracked 
| 394|0x00000000d8a00000, 0x00000000d8b00000, 0x00000000d8b00000|100%| O|  |TAMS 0x00000000d8b00000, 0x00000000d8a00000| Untracked 
| 395|0x00000000d8b00000, 0x00000000d8c00000, 0x00000000d8c00000|100%| O|  |TAMS 0x00000000d8c00000, 0x00000000d8b00000| Untracked 
| 396|0x00000000d8c00000, 0x00000000d8d00000, 0x00000000d8d00000|100%| O|  |TAMS 0x00000000d8d00000, 0x00000000d8c00000| Untracked 
| 397|0x00000000d8d00000, 0x00000000d8e00000, 0x00000000d8e00000|100%| O|  |TAMS 0x00000000d8e00000, 0x00000000d8d00000| Untracked 
| 398|0x00000000d8e00000, 0x00000000d8f00000, 0x00000000d8f00000|100%| O|  |TAMS 0x00000000d8f00000, 0x00000000d8e00000| Untracked 
| 399|0x00000000d8f00000, 0x00000000d9000000, 0x00000000d9000000|100%| O|  |TAMS 0x00000000d9000000, 0x00000000d8f00000| Untracked 
| 400|0x00000000d9000000, 0x00000000d9100000, 0x00000000d9100000|100%| O|  |TAMS 0x00000000d9100000, 0x00000000d9000000| Untracked 
| 401|0x00000000d9100000, 0x00000000d9200000, 0x00000000d9200000|100%| O|  |TAMS 0x00000000d9200000, 0x00000000d9100000| Untracked 
| 402|0x00000000d9200000, 0x00000000d9300000, 0x00000000d9300000|100%| O|  |TAMS 0x00000000d9300000, 0x00000000d9200000| Untracked 
| 403|0x00000000d9300000, 0x00000000d9400000, 0x00000000d9400000|100%| O|  |TAMS 0x00000000d9400000, 0x00000000d9300000| Untracked 
| 404|0x00000000d9400000, 0x00000000d9500000, 0x00000000d9500000|100%| O|  |TAMS 0x00000000d9500000, 0x00000000d9400000| Untracked 
| 405|0x00000000d9500000, 0x00000000d9600000, 0x00000000d9600000|100%| O|  |TAMS 0x00000000d9600000, 0x00000000d9500000| Untracked 
| 406|0x00000000d9600000, 0x00000000d9700000, 0x00000000d9700000|100%| O|  |TAMS 0x00000000d9700000, 0x00000000d9600000| Untracked 
| 407|0x00000000d9700000, 0x00000000d9800000, 0x00000000d9800000|100%| O|  |TAMS 0x00000000d9800000, 0x00000000d9700000| Untracked 
| 408|0x00000000d9800000, 0x00000000d9900000, 0x00000000d9900000|100%| O|  |TAMS 0x00000000d9900000, 0x00000000d9800000| Untracked 
| 409|0x00000000d9900000, 0x00000000d9a00000, 0x00000000d9a00000|100%| O|  |TAMS 0x00000000d9a00000, 0x00000000d9900000| Untracked 
| 410|0x00000000d9a00000, 0x00000000d9b00000, 0x00000000d9b00000|100%| O|  |TAMS 0x00000000d9b00000, 0x00000000d9a00000| Untracked 
| 411|0x00000000d9b00000, 0x00000000d9c00000, 0x00000000d9c00000|100%| O|  |TAMS 0x00000000d9c00000, 0x00000000d9b00000| Updating 
| 412|0x00000000d9c00000, 0x00000000d9d00000, 0x00000000d9d00000|100%| O|  |TAMS 0x00000000d9d00000, 0x00000000d9c00000| Updating 
| 413|0x00000000d9d00000, 0x00000000d9e00000, 0x00000000d9e00000|100%| O|  |TAMS 0x00000000d9e00000, 0x00000000d9d00000| Updating 
| 414|0x00000000d9e00000, 0x00000000d9f00000, 0x00000000d9f00000|100%| O|  |TAMS 0x00000000d9f00000, 0x00000000d9e00000| Untracked 
| 415|0x00000000d9f00000, 0x00000000da000000, 0x00000000da000000|100%| O|  |TAMS 0x00000000da000000, 0x00000000d9f00000| Untracked 
| 416|0x00000000da000000, 0x00000000da100000, 0x00000000da100000|100%| O|  |TAMS 0x00000000da100000, 0x00000000da000000| Untracked 
| 417|0x00000000da100000, 0x00000000da200000, 0x00000000da200000|100%| O|  |TAMS 0x00000000da200000, 0x00000000da100000| Untracked 
| 418|0x00000000da200000, 0x00000000da300000, 0x00000000da300000|100%| O|  |TAMS 0x00000000da300000, 0x00000000da200000| Untracked 
| 419|0x00000000da300000, 0x00000000da400000, 0x00000000da400000|100%| O|  |TAMS 0x00000000da400000, 0x00000000da300000| Untracked 
| 420|0x00000000da400000, 0x00000000da500000, 0x00000000da500000|100%| O|  |TAMS 0x00000000da500000, 0x00000000da400000| Untracked 
| 421|0x00000000da500000, 0x00000000da600000, 0x00000000da600000|100%| O|  |TAMS 0x00000000da600000, 0x00000000da500000| Untracked 
| 422|0x00000000da600000, 0x00000000da700000, 0x00000000da700000|100%| O|  |TAMS 0x00000000da700000, 0x00000000da600000| Untracked 
| 423|0x00000000da700000, 0x00000000da800000, 0x00000000da800000|100%| O|  |TAMS 0x00000000da800000, 0x00000000da700000| Untracked 
| 424|0x00000000da800000, 0x00000000da900000, 0x00000000da900000|100%| O|  |TAMS 0x00000000da900000, 0x00000000da800000| Untracked 
| 425|0x00000000da900000, 0x00000000daa00000, 0x00000000daa00000|100%| O|  |TAMS 0x00000000daa00000, 0x00000000da900000| Untracked 
| 426|0x00000000daa00000, 0x00000000dab00000, 0x00000000dab00000|100%| O|  |TAMS 0x00000000dab00000, 0x00000000daa00000| Untracked 
| 427|0x00000000dab00000, 0x00000000dac00000, 0x00000000dac00000|100%| O|  |TAMS 0x00000000dac00000, 0x00000000dab00000| Untracked 
| 428|0x00000000dac00000, 0x00000000dad00000, 0x00000000dad00000|100%| O|  |TAMS 0x00000000dad00000, 0x00000000dac00000| Untracked 
| 429|0x00000000dad00000, 0x00000000dae00000, 0x00000000dae00000|100%| O|  |TAMS 0x00000000dae00000, 0x00000000dad00000| Untracked 
| 430|0x00000000dae00000, 0x00000000daf00000, 0x00000000daf00000|100%| O|  |TAMS 0x00000000daf00000, 0x00000000dae00000| Untracked 
| 431|0x00000000daf00000, 0x00000000db000000, 0x00000000db000000|100%| O|  |TAMS 0x00000000db000000, 0x00000000daf00000| Untracked 
| 432|0x00000000db000000, 0x00000000db100000, 0x00000000db100000|100%| O|  |TAMS 0x00000000db100000, 0x00000000db000000| Untracked 
| 433|0x00000000db100000, 0x00000000db200000, 0x00000000db200000|100%| O|  |TAMS 0x00000000db200000, 0x00000000db100000| Untracked 
| 434|0x00000000db200000, 0x00000000db300000, 0x00000000db300000|100%| O|  |TAMS 0x00000000db300000, 0x00000000db200000| Updating 
| 435|0x00000000db300000, 0x00000000db400000, 0x00000000db400000|100%| O|  |TAMS 0x00000000db400000, 0x00000000db300000| Updating 
| 436|0x00000000db400000, 0x00000000db500000, 0x00000000db500000|100%| O|  |TAMS 0x00000000db500000, 0x00000000db400000| Updating 
| 437|0x00000000db500000, 0x00000000db600000, 0x00000000db600000|100%| O|  |TAMS 0x00000000db600000, 0x00000000db500000| Updating 
| 438|0x00000000db600000, 0x00000000db700000, 0x00000000db700000|100%| O|  |TAMS 0x00000000db700000, 0x00000000db600000| Untracked 
| 439|0x00000000db700000, 0x00000000db800000, 0x00000000db800000|100%| O|  |TAMS 0x00000000db800000, 0x00000000db700000| Updating 
| 440|0x00000000db800000, 0x00000000db900000, 0x00000000db900000|100%| O|  |TAMS 0x00000000db900000, 0x00000000db800000| Untracked 
| 441|0x00000000db900000, 0x00000000dba00000, 0x00000000dba00000|100%| O|  |TAMS 0x00000000dba00000, 0x00000000db900000| Untracked 
| 442|0x00000000dba00000, 0x00000000dbb00000, 0x00000000dbb00000|100%| O|  |TAMS 0x00000000dbb00000, 0x00000000dba00000| Untracked 
| 443|0x00000000dbb00000, 0x00000000dbc00000, 0x00000000dbc00000|100%| O|  |TAMS 0x00000000dbc00000, 0x00000000dbb00000| Untracked 
| 444|0x00000000dbc00000, 0x00000000dbd00000, 0x00000000dbd00000|100%| O|  |TAMS 0x00000000dbd00000, 0x00000000dbc00000| Updating 
| 445|0x00000000dbd00000, 0x00000000dbe00000, 0x00000000dbe00000|100%| O|  |TAMS 0x00000000dbe00000, 0x00000000dbd00000| Untracked 
| 446|0x00000000dbe00000, 0x00000000dbf00000, 0x00000000dbf00000|100%| O|  |TAMS 0x00000000dbf00000, 0x00000000dbe00000| Untracked 
| 447|0x00000000dbf00000, 0x00000000dc000000, 0x00000000dc000000|100%| O|  |TAMS 0x00000000dc000000, 0x00000000dbf00000| Untracked 
| 448|0x00000000dc000000, 0x00000000dc100000, 0x00000000dc100000|100%| O|  |TAMS 0x00000000dc100000, 0x00000000dc000000| Untracked 
| 449|0x00000000dc100000, 0x00000000dc200000, 0x00000000dc200000|100%| O|  |TAMS 0x00000000dc200000, 0x00000000dc100000| Untracked 
| 450|0x00000000dc200000, 0x00000000dc300000, 0x00000000dc300000|100%| O|  |TAMS 0x00000000dc300000, 0x00000000dc200000| Untracked 
| 451|0x00000000dc300000, 0x00000000dc400000, 0x00000000dc400000|100%| O|  |TAMS 0x00000000dc400000, 0x00000000dc300000| Untracked 
| 452|0x00000000dc400000, 0x00000000dc500000, 0x00000000dc500000|100%| O|  |TAMS 0x00000000dc500000, 0x00000000dc400000| Untracked 
| 453|0x00000000dc500000, 0x00000000dc600000, 0x00000000dc600000|100%| O|  |TAMS 0x00000000dc600000, 0x00000000dc500000| Updating 
| 454|0x00000000dc600000, 0x00000000dc700000, 0x00000000dc700000|100%| O|  |TAMS 0x00000000dc700000, 0x00000000dc600000| Updating 
| 455|0x00000000dc700000, 0x00000000dc800000, 0x00000000dc800000|100%| O|  |TAMS 0x00000000dc800000, 0x00000000dc700000| Untracked 
| 456|0x00000000dc800000, 0x00000000dc900000, 0x00000000dc900000|100%| O|  |TAMS 0x00000000dc900000, 0x00000000dc800000| Untracked 
| 457|0x00000000dc900000, 0x00000000dca00000, 0x00000000dca00000|100%| O|  |TAMS 0x00000000dca00000, 0x00000000dc900000| Untracked 
| 458|0x00000000dca00000, 0x00000000dcb00000, 0x00000000dcb00000|100%| O|  |TAMS 0x00000000dcb00000, 0x00000000dca00000| Untracked 
| 459|0x00000000dcb00000, 0x00000000dcc00000, 0x00000000dcc00000|100%| O|  |TAMS 0x00000000dcc00000, 0x00000000dcb00000| Untracked 
| 460|0x00000000dcc00000, 0x00000000dcd00000, 0x00000000dcd00000|100%| O|  |TAMS 0x00000000dcd00000, 0x00000000dcc00000| Untracked 
| 461|0x00000000dcd00000, 0x00000000dce00000, 0x00000000dce00000|100%| O|  |TAMS 0x00000000dce00000, 0x00000000dcd00000| Untracked 
| 462|0x00000000dce00000, 0x00000000dcf00000, 0x00000000dcf00000|100%| O|  |TAMS 0x00000000dcf00000, 0x00000000dce00000| Untracked 
| 463|0x00000000dcf00000, 0x00000000dd000000, 0x00000000dd000000|100%| O|  |TAMS 0x00000000dd000000, 0x00000000dcf00000| Updating 
| 464|0x00000000dd000000, 0x00000000dd100000, 0x00000000dd100000|100%| O|  |TAMS 0x00000000dd100000, 0x00000000dd000000| Updating 
| 465|0x00000000dd100000, 0x00000000dd200000, 0x00000000dd200000|100%| O|  |TAMS 0x00000000dd200000, 0x00000000dd100000| Updating 
| 466|0x00000000dd200000, 0x00000000dd300000, 0x00000000dd300000|100%| O|  |TAMS 0x00000000dd300000, 0x00000000dd200000| Untracked 
| 467|0x00000000dd300000, 0x00000000dd400000, 0x00000000dd400000|100%| O|  |TAMS 0x00000000dd400000, 0x00000000dd300000| Untracked 
| 468|0x00000000dd400000, 0x00000000dd500000, 0x00000000dd500000|100%| O|  |TAMS 0x00000000dd500000, 0x00000000dd400000| Untracked 
| 469|0x00000000dd500000, 0x00000000dd600000, 0x00000000dd600000|100%| O|  |TAMS 0x00000000dd600000, 0x00000000dd500000| Untracked 
| 470|0x00000000dd600000, 0x00000000dd700000, 0x00000000dd700000|100%| O|  |TAMS 0x00000000dd700000, 0x00000000dd600000| Untracked 
| 471|0x00000000dd700000, 0x00000000dd800000, 0x00000000dd800000|100%| O|  |TAMS 0x00000000dd800000, 0x00000000dd700000| Untracked 
| 472|0x00000000dd800000, 0x00000000dd900000, 0x00000000dd900000|100%| O|  |TAMS 0x00000000dd900000, 0x00000000dd800000| Updating 
| 473|0x00000000dd900000, 0x00000000dda00000, 0x00000000dda00000|100%| O|  |TAMS 0x00000000dda00000, 0x00000000dd900000| Updating 
| 474|0x00000000dda00000, 0x00000000ddb00000, 0x00000000ddb00000|100%| O|  |TAMS 0x00000000ddb00000, 0x00000000dda00000| Updating 
| 475|0x00000000ddb00000, 0x00000000ddc00000, 0x00000000ddc00000|100%| O|  |TAMS 0x00000000ddc00000, 0x00000000ddb00000| Untracked 
| 476|0x00000000ddc00000, 0x00000000ddd00000, 0x00000000ddd00000|100%| O|  |TAMS 0x00000000ddd00000, 0x00000000ddc00000| Untracked 
| 477|0x00000000ddd00000, 0x00000000dde00000, 0x00000000dde00000|100%| O|  |TAMS 0x00000000dde00000, 0x00000000ddd00000| Untracked 
| 478|0x00000000dde00000, 0x00000000ddf00000, 0x00000000ddf00000|100%| O|  |TAMS 0x00000000ddf00000, 0x00000000dde00000| Untracked 
| 479|0x00000000ddf00000, 0x00000000de000000, 0x00000000de000000|100%| O|  |TAMS 0x00000000de000000, 0x00000000ddf00000| Untracked 
| 480|0x00000000de000000, 0x00000000de100000, 0x00000000de100000|100%| O|  |TAMS 0x00000000de100000, 0x00000000de000000| Updating 
| 481|0x00000000de100000, 0x00000000de200000, 0x00000000de200000|100%| O|  |TAMS 0x00000000de138e00, 0x00000000de100000| Updating 
| 482|0x00000000de200000, 0x00000000de300000, 0x00000000de300000|100%|HS|  |TAMS 0x00000000de300000, 0x00000000de200000| Complete 
| 483|0x00000000de300000, 0x00000000de400000, 0x00000000de400000|100%|HC|  |TAMS 0x00000000de400000, 0x00000000de300000| Complete 
| 484|0x00000000de400000, 0x00000000de500000, 0x00000000de500000|100%|HC|  |TAMS 0x00000000de500000, 0x00000000de400000| Complete 
| 485|0x00000000de500000, 0x00000000de600000, 0x00000000de600000|100%|HC|  |TAMS 0x00000000de600000, 0x00000000de500000| Complete 
| 486|0x00000000de600000, 0x00000000de700000, 0x00000000de700000|100%|HC|  |TAMS 0x00000000de700000, 0x00000000de600000| Complete 
| 487|0x00000000de700000, 0x00000000de800000, 0x00000000de800000|100%|HC|  |TAMS 0x00000000de800000, 0x00000000de700000| Complete 
| 488|0x00000000de800000, 0x00000000de900000, 0x00000000de900000|100%|HC|  |TAMS 0x00000000de900000, 0x00000000de800000| Complete 
| 489|0x00000000de900000, 0x00000000dea00000, 0x00000000dea00000|100%|HC|  |TAMS 0x00000000dea00000, 0x00000000de900000| Complete 
| 490|0x00000000dea00000, 0x00000000deb00000, 0x00000000deb00000|100%|HC|  |TAMS 0x00000000deb00000, 0x00000000dea00000| Complete 
| 491|0x00000000deb00000, 0x00000000dec00000, 0x00000000dec00000|100%|HC|  |TAMS 0x00000000dec00000, 0x00000000deb00000| Complete 
| 492|0x00000000dec00000, 0x00000000ded00000, 0x00000000ded00000|100%|HC|  |TAMS 0x00000000ded00000, 0x00000000dec00000| Complete 
| 493|0x00000000ded00000, 0x00000000dee00000, 0x00000000dee00000|100%|HC|  |TAMS 0x00000000dee00000, 0x00000000ded00000| Complete 
| 494|0x00000000dee00000, 0x00000000def00000, 0x00000000def00000|100%|HC|  |TAMS 0x00000000def00000, 0x00000000dee00000| Complete 
| 495|0x00000000def00000, 0x00000000df000000, 0x00000000df000000|100%|HC|  |TAMS 0x00000000df000000, 0x00000000def00000| Complete 
| 496|0x00000000df000000, 0x00000000df100000, 0x00000000df100000|100%|HC|  |TAMS 0x00000000df100000, 0x00000000df000000| Complete 
| 497|0x00000000df100000, 0x00000000df200000, 0x00000000df200000|100%|HC|  |TAMS 0x00000000df200000, 0x00000000df100000| Complete 
| 498|0x00000000df200000, 0x00000000df300000, 0x00000000df300000|100%|HC|  |TAMS 0x00000000df300000, 0x00000000df200000| Complete 
| 499|0x00000000df300000, 0x00000000df400000, 0x00000000df400000|100%|HC|  |TAMS 0x00000000df400000, 0x00000000df300000| Complete 
| 500|0x00000000df400000, 0x00000000df500000, 0x00000000df500000|100%| O|  |TAMS 0x00000000df400000, 0x00000000df400000| Untracked 
| 501|0x00000000df500000, 0x00000000df600000, 0x00000000df600000|100%| O|  |TAMS 0x00000000df500000, 0x00000000df500000| Untracked 
| 502|0x00000000df600000, 0x00000000df700000, 0x00000000df700000|100%| O|  |TAMS 0x00000000df600000, 0x00000000df600000| Untracked 
| 503|0x00000000df700000, 0x00000000df784200, 0x00000000df800000| 51%| O|  |TAMS 0x00000000df700000, 0x00000000df700000| Updating 
| 504|0x00000000df800000, 0x00000000df900000, 0x00000000df900000|100%|HS|  |TAMS 0x00000000df800000, 0x00000000df800000| Complete 
| 505|0x00000000df900000, 0x00000000dfa00000, 0x00000000dfa00000|100%|HC|  |TAMS 0x00000000df900000, 0x00000000df900000| Complete 
| 506|0x00000000dfa00000, 0x00000000dfb00000, 0x00000000dfb00000|100%|HC|  |TAMS 0x00000000dfa00000, 0x00000000dfa00000| Complete 
| 507|0x00000000dfb00000, 0x00000000dfc00000, 0x00000000dfc00000|100%|HC|  |TAMS 0x00000000dfb00000, 0x00000000dfb00000| Complete 
| 508|0x00000000dfc00000, 0x00000000dfd00000, 0x00000000dfd00000|100%|HC|  |TAMS 0x00000000dfc00000, 0x00000000dfc00000| Complete 
| 509|0x00000000dfd00000, 0x00000000dfe00000, 0x00000000dfe00000|100%|HC|  |TAMS 0x00000000dfd00000, 0x00000000dfd00000| Complete 
| 510|0x00000000dfe00000, 0x00000000dff00000, 0x00000000dff00000|100%|HC|  |TAMS 0x00000000dfe00000, 0x00000000dfe00000| Complete 
| 511|0x00000000dff00000, 0x00000000e0000000, 0x00000000e0000000|100%|HC|  |TAMS 0x00000000dff00000, 0x00000000dff00000| Complete 
| 512|0x00000000e0000000, 0x00000000e0100000, 0x00000000e0100000|100%|HC|  |TAMS 0x00000000e0000000, 0x00000000e0000000| Complete 
| 513|0x00000000e0100000, 0x00000000e0200000, 0x00000000e0200000|100%|HC|  |TAMS 0x00000000e0100000, 0x00000000e0100000| Complete 
| 514|0x00000000e0200000, 0x00000000e0300000, 0x00000000e0300000|100%|HC|  |TAMS 0x00000000e0200000, 0x00000000e0200000| Complete 
| 515|0x00000000e0300000, 0x00000000e0400000, 0x00000000e0400000|100%|HC|  |TAMS 0x00000000e0300000, 0x00000000e0300000| Complete 
| 516|0x00000000e0400000, 0x00000000e0500000, 0x00000000e0500000|100%|HC|  |TAMS 0x00000000e0400000, 0x00000000e0400000| Complete 
| 517|0x00000000e0500000, 0x00000000e0600000, 0x00000000e0600000|100%|HC|  |TAMS 0x00000000e0500000, 0x00000000e0500000| Complete 
| 518|0x00000000e0600000, 0x00000000e0700000, 0x00000000e0700000|100%|HC|  |TAMS 0x00000000e0600000, 0x00000000e0600000| Complete 
| 519|0x00000000e0700000, 0x00000000e0800000, 0x00000000e0800000|100%|HC|  |TAMS 0x00000000e0700000, 0x00000000e0700000| Complete 
| 520|0x00000000e0800000, 0x00000000e0900000, 0x00000000e0900000|100%|HC|  |TAMS 0x00000000e0800000, 0x00000000e0800000| Complete 
| 521|0x00000000e0900000, 0x00000000e0a00000, 0x00000000e0a00000|100%|HC|  |TAMS 0x00000000e0900000, 0x00000000e0900000| Complete 
| 522|0x00000000e0a00000, 0x00000000e0a00000, 0x00000000e0b00000|  0%| F|  |TAMS 0x00000000e0a00000, 0x00000000e0a00000| Untracked 
| 523|0x00000000e0b00000, 0x00000000e0b00000, 0x00000000e0c00000|  0%| F|  |TAMS 0x00000000e0b00000, 0x00000000e0b00000| Untracked 
| 524|0x00000000e0c00000, 0x00000000e0c00000, 0x00000000e0d00000|  0%| F|  |TAMS 0x00000000e0c00000, 0x00000000e0c00000| Untracked 
| 525|0x00000000e0d00000, 0x00000000e0d00000, 0x00000000e0e00000|  0%| F|  |TAMS 0x00000000e0d00000, 0x00000000e0d00000| Untracked 
| 526|0x00000000e0e00000, 0x00000000e0e00000, 0x00000000e0f00000|  0%| F|  |TAMS 0x00000000e0e00000, 0x00000000e0e00000| Untracked 
| 527|0x00000000e0f00000, 0x00000000e0f00000, 0x00000000e1000000|  0%| F|  |TAMS 0x00000000e0f00000, 0x00000000e0f00000| Untracked 
| 528|0x00000000e1000000, 0x00000000e1000000, 0x00000000e1100000|  0%| F|  |TAMS 0x00000000e1000000, 0x00000000e1000000| Untracked 
| 529|0x00000000e1100000, 0x00000000e1100000, 0x00000000e1200000|  0%| F|  |TAMS 0x00000000e1100000, 0x00000000e1100000| Untracked 
| 530|0x00000000e1200000, 0x00000000e1200000, 0x00000000e1300000|  0%| F|  |TAMS 0x00000000e1200000, 0x00000000e1200000| Untracked 
| 531|0x00000000e1300000, 0x00000000e1300000, 0x00000000e1400000|  0%| F|  |TAMS 0x00000000e1300000, 0x00000000e1300000| Untracked 
| 532|0x00000000e1400000, 0x00000000e1400000, 0x00000000e1500000|  0%| F|  |TAMS 0x00000000e1400000, 0x00000000e1400000| Untracked 
| 533|0x00000000e1500000, 0x00000000e1500000, 0x00000000e1600000|  0%| F|  |TAMS 0x00000000e1500000, 0x00000000e1500000| Untracked 
| 534|0x00000000e1600000, 0x00000000e1600000, 0x00000000e1700000|  0%| F|  |TAMS 0x00000000e1600000, 0x00000000e1600000| Untracked 
| 535|0x00000000e1700000, 0x00000000e1700000, 0x00000000e1800000|  0%| F|  |TAMS 0x00000000e1700000, 0x00000000e1700000| Untracked 
| 536|0x00000000e1800000, 0x00000000e1800000, 0x00000000e1900000|  0%| F|  |TAMS 0x00000000e1800000, 0x00000000e1800000| Untracked 
| 537|0x00000000e1900000, 0x00000000e1900000, 0x00000000e1a00000|  0%| F|  |TAMS 0x00000000e1900000, 0x00000000e1900000| Untracked 
| 538|0x00000000e1a00000, 0x00000000e1a00000, 0x00000000e1b00000|  0%| F|  |TAMS 0x00000000e1a00000, 0x00000000e1a00000| Untracked 
| 539|0x00000000e1b00000, 0x00000000e1b00000, 0x00000000e1c00000|  0%| F|  |TAMS 0x00000000e1b00000, 0x00000000e1b00000| Untracked 
| 540|0x00000000e1c00000, 0x00000000e1c00000, 0x00000000e1d00000|  0%| F|  |TAMS 0x00000000e1c00000, 0x00000000e1c00000| Untracked 
| 541|0x00000000e1d00000, 0x00000000e1d00000, 0x00000000e1e00000|  0%| F|  |TAMS 0x00000000e1d00000, 0x00000000e1d00000| Untracked 
| 542|0x00000000e1e00000, 0x00000000e1e00000, 0x00000000e1f00000|  0%| F|  |TAMS 0x00000000e1e00000, 0x00000000e1e00000| Untracked 
| 543|0x00000000e1f00000, 0x00000000e1f00000, 0x00000000e2000000|  0%| F|  |TAMS 0x00000000e1f00000, 0x00000000e1f00000| Untracked 
| 544|0x00000000e2000000, 0x00000000e2000000, 0x00000000e2100000|  0%| F|  |TAMS 0x00000000e2000000, 0x00000000e2000000| Untracked 
| 545|0x00000000e2100000, 0x00000000e2100000, 0x00000000e2200000|  0%| F|  |TAMS 0x00000000e2100000, 0x00000000e2100000| Untracked 
| 546|0x00000000e2200000, 0x00000000e2200000, 0x00000000e2300000|  0%| F|  |TAMS 0x00000000e2200000, 0x00000000e2200000| Untracked 
| 547|0x00000000e2300000, 0x00000000e2300000, 0x00000000e2400000|  0%| F|  |TAMS 0x00000000e2300000, 0x00000000e2300000| Untracked 
| 548|0x00000000e2400000, 0x00000000e2400000, 0x00000000e2500000|  0%| F|  |TAMS 0x00000000e2400000, 0x00000000e2400000| Untracked 
| 549|0x00000000e2500000, 0x00000000e2500000, 0x00000000e2600000|  0%| F|  |TAMS 0x00000000e2500000, 0x00000000e2500000| Untracked 
| 550|0x00000000e2600000, 0x00000000e2652138, 0x00000000e2700000| 32%| E|  |TAMS 0x00000000e2600000, 0x00000000e2600000| Complete 
| 551|0x00000000e2700000, 0x00000000e2800000, 0x00000000e2800000|100%| E|CS|TAMS 0x00000000e2700000, 0x00000000e2700000| Complete 
| 552|0x00000000e2800000, 0x00000000e2900000, 0x00000000e2900000|100%| E|CS|TAMS 0x00000000e2800000, 0x00000000e2800000| Complete 
| 553|0x00000000e2900000, 0x00000000e2a00000, 0x00000000e2a00000|100%| E|CS|TAMS 0x00000000e2900000, 0x00000000e2900000| Complete 
| 554|0x00000000e2a00000, 0x00000000e2b00000, 0x00000000e2b00000|100%| E|CS|TAMS 0x00000000e2a00000, 0x00000000e2a00000| Complete 
| 555|0x00000000e2b00000, 0x00000000e2c00000, 0x00000000e2c00000|100%| E|CS|TAMS 0x00000000e2b00000, 0x00000000e2b00000| Complete 
| 556|0x00000000e2c00000, 0x00000000e2d00000, 0x00000000e2d00000|100%| E|CS|TAMS 0x00000000e2c00000, 0x00000000e2c00000| Complete 
| 557|0x00000000e2d00000, 0x00000000e2e00000, 0x00000000e2e00000|100%| E|CS|TAMS 0x00000000e2d00000, 0x00000000e2d00000| Complete 
| 558|0x00000000e2e00000, 0x00000000e2f00000, 0x00000000e2f00000|100%| E|CS|TAMS 0x00000000e2e00000, 0x00000000e2e00000| Complete 
| 559|0x00000000e2f00000, 0x00000000e3000000, 0x00000000e3000000|100%| E|CS|TAMS 0x00000000e2f00000, 0x00000000e2f00000| Complete 
| 560|0x00000000e3000000, 0x00000000e3100000, 0x00000000e3100000|100%| E|CS|TAMS 0x00000000e3000000, 0x00000000e3000000| Complete 
| 561|0x00000000e3100000, 0x00000000e3200000, 0x00000000e3200000|100%| E|CS|TAMS 0x00000000e3100000, 0x00000000e3100000| Complete 
| 562|0x00000000e3200000, 0x00000000e3300000, 0x00000000e3300000|100%| E|CS|TAMS 0x00000000e3200000, 0x00000000e3200000| Complete 
| 563|0x00000000e3300000, 0x00000000e3400000, 0x00000000e3400000|100%| E|CS|TAMS 0x00000000e3300000, 0x00000000e3300000| Complete 
| 564|0x00000000e3400000, 0x00000000e3500000, 0x00000000e3500000|100%| E|CS|TAMS 0x00000000e3400000, 0x00000000e3400000| Complete 
| 565|0x00000000e3500000, 0x00000000e3600000, 0x00000000e3600000|100%| E|  |TAMS 0x00000000e3500000, 0x00000000e3500000| Complete 
| 566|0x00000000e3600000, 0x00000000e3700000, 0x00000000e3700000|100%| E|CS|TAMS 0x00000000e3600000, 0x00000000e3600000| Complete 
| 567|0x00000000e3700000, 0x00000000e3798c70, 0x00000000e3800000| 59%| S|CS|TAMS 0x00000000e3700000, 0x00000000e3700000| Complete 
| 568|0x00000000e3800000, 0x00000000e3900000, 0x00000000e3900000|100%| E|CS|TAMS 0x00000000e3800000, 0x00000000e3800000| Complete 
|1021|0x00000000ffd00000, 0x00000000ffe00000, 0x00000000ffe00000|100%| O|  |TAMS 0x00000000ffe00000, 0x00000000ffd00000| Updating 
|1022|0x00000000ffe00000, 0x00000000fff00000, 0x00000000fff00000|100%| O|  |TAMS 0x00000000fff00000, 0x00000000ffe00000| Updating 
|1023|0x00000000fff00000, 0x0000000100000000, 0x0000000100000000|100%| O|  |TAMS 0x0000000100000000, 0x00000000fff00000| Updating 

Card table byte_map: [0x000001ef73b30000,0x000001ef73d30000] _byte_map_base: 0x000001ef73530000

Marking Bits (Prev, Next): (CMBitMap*) 0x000001ef60ecab80, (CMBitMap*) 0x000001ef60ecabc0
 Prev Bits: [0x000001ef73f30000, 0x000001ef74f30000)
 Next Bits: [0x000001ef74f30000, 0x000001ef75f30000)

Polling page: 0x000001ef5efd0000

Metaspace:

Usage:
  Non-class:     41.71 MB used.
      Class:      5.04 MB used.
       Both:     46.76 MB used.

Virtual space:
  Non-class space:       64.00 MB reserved,      41.88 MB ( 65%) committed,  1 nodes.
      Class space:        1.00 GB reserved,       5.25 MB ( <1%) committed,  1 nodes.
             Both:        1.06 GB reserved,      47.12 MB (  4%) committed. 

Chunk freelists:
   Non-Class:  6.05 MB
       Class:  10.61 MB
        Both:  16.66 MB

MaxMetaspaceSize: unlimited
CompressedClassSpaceSize: 1.00 GB
Initial GC threshold: 21.00 MB
Current GC threshold: 66.50 MB
CDS: off
MetaspaceReclaimPolicy: balanced
 - commit_granule_bytes: 65536.
 - commit_granule_words: 8192.
 - virtual_space_node_default_size: 8388608.
 - enlarge_chunks_in_place: 1.
 - new_chunks_are_fully_committed: 0.
 - uncommit_free_chunks: 1.
 - use_allocation_guard: 0.
 - handle_deallocations: 1.


Internal statistics:

num_allocs_failed_limit: 9.
num_arena_births: 332.
num_arena_deaths: 18.
num_vsnodes_births: 2.
num_vsnodes_deaths: 0.
num_space_committed: 754.
num_space_uncommitted: 0.
num_chunks_returned_to_freelist: 36.
num_chunks_taken_from_freelist: 1741.
num_chunk_merges: 6.
num_chunk_splits: 1234.
num_chunks_enlarged: 965.
num_inconsistent_stats: 0.

CodeHeap 'non-profiled nmethods': size=120000Kb used=3420Kb max_used=4104Kb free=116579Kb
 bounds [0x000001ef6c0d0000, 0x000001ef6c4e0000, 0x000001ef73600000]
CodeHeap 'profiled nmethods': size=120000Kb used=10174Kb max_used=10174Kb free=109826Kb
 bounds [0x000001ef64600000, 0x000001ef64ff0000, 0x000001ef6bb30000]
CodeHeap 'non-nmethods': size=5760Kb used=1406Kb max_used=1470Kb free=4354Kb
 bounds [0x000001ef6bb30000, 0x000001ef6bda0000, 0x000001ef6c0d0000]
 total_blobs=7192 nmethods=6429 adapters=675
 compilation: enabled
              stopped_count=0, restarted_count=0
 full_count=0

Compilation events (20 events):
Event: 23.115 Thread 0x000001ef78c2ef20 8097       3       com.oracle.truffle.js.nodes.access.PropertyGetNode$ArrayLengthPropertyGetNode::getValueInt (38 bytes)
Event: 23.116 Thread 0x000001ef78c2ef20 nmethod 8097 0x000001ef64fec410 code [0x000001ef64fec5c0, 0x000001ef64fec7f8]
Event: 23.116 Thread 0x000001ef78c2ef20 8089       2       com.oracle.truffle.js.builtins.ArrayPrototypeBuiltins$BasicArrayOperation::checkCallbackIsFunction (23 bytes)
Event: 23.117 Thread 0x000001ef78c2ef20 nmethod 8089 0x000001ef64fec910 code [0x000001ef64fecae0, 0x000001ef64fecdb8]
Event: 23.117 Thread 0x000001ef78c2ef20 8098       3       com.oracle.truffle.api.impl.DefaultLoopNode::execute (33 bytes)
Event: 23.117 Thread 0x000001ef78c2ef20 nmethod 8098 0x000001ef64fecf90 code [0x000001ef64fed160, 0x000001ef64fed568]
Event: 23.117 Thread 0x000001ef78c2ef20 8099       3       com.oracle.truffle.js.runtime.java.JavaPackage::isJavaPackage (5 bytes)
Event: 23.117 Thread 0x000001ef78c2ef20 nmethod 8099 0x000001ef64fed710 code [0x000001ef64fed8a0, 0x000001ef64feda78]
Event: 23.118 Thread 0x000001ef78c2ef20 8090       2       com.oracle.truffle.js.builtins.ArrayPrototypeBuiltins$BasicArrayOperation::isCallable (33 bytes)
Event: 23.139 Thread 0x000001ef78c2ef20 nmethod 8090 0x000001ef64fedb10 code [0x000001ef64fedcc0, 0x000001ef64fedf28]
Event: 23.139 Thread 0x000001ef78c2ef20 8113       2       com.oracle.truffle.js.runtime.JSFrameUtil::isParam (16 bytes)
Event: 23.139 Thread 0x000001ef78c2ef20 nmethod 8113 0x000001ef64fee090 code [0x000001ef64fee220, 0x000001ef64fee318]
Event: 23.139 Thread 0x000001ef78c2ef20 8091       2       com.oracle.truffle.js.builtins.ArrayPrototypeBuiltins$ArrayForEachIndexCallOperation::forEachIndexCall (42 bytes)
Event: 23.140 Thread 0x000001ef78c2ef20 nmethod 8091 0x000001ef64fee410 code [0x000001ef64fee5c0, 0x000001ef64fee848]
Event: 23.140 Thread 0x000001ef78c2ef20 8103       2       com.oracle.truffle.object.CoreAllocator::newBooleanLocation (64 bytes)
Event: 23.142 Thread 0x000001ef78c2ef20 nmethod 8103 0x000001ef64fee990 code [0x000001ef64feeb60, 0x000001ef64feee98]
Event: 23.142 Thread 0x000001ef78c2ef20 8102       2       com.oracle.truffle.object.ShapeImpl::newTransitionMap (8 bytes)
Event: 23.142 Thread 0x000001ef78c2ef20 nmethod 8102 0x000001ef64fef110 code [0x000001ef64fef2c0, 0x000001ef64fef668]
Event: 23.144 Thread 0x000001ef78c2a010 nmethod 8096 0x000001ef6c21e910 code [0x000001ef6c21eb00, 0x000001ef6c21f2b8]
Event: 23.144 Thread 0x000001ef78c2a010 8114       4       com.oracle.truffle.js.parser.env.Environment::addFrameSlotsFromSymbols (118 bytes)

GC Heap History (20 events):
Event: 14.710 GC heap before
{Heap before GC invocations=24 (full 0):
 garbage-first heap   total 585728K, used 361960K [0x00000000c0000000, 0x0000000100000000)
  region size 1024K, 41 young (41984K), 7 survivors (7168K)
 Metaspace       used 40614K, committed 40832K, reserved 1114112K
  class space    used 4442K, committed 4544K, reserved 1048576K
}
Event: 14.754 GC heap after
{Heap after GC invocations=25 (full 0):
 garbage-first heap   total 585728K, used 346112K [0x00000000c0000000, 0x0000000100000000)
  region size 1024K, 6 young (6144K), 6 survivors (6144K)
 Metaspace       used 40614K, committed 40832K, reserved 1114112K
  class space    used 4442K, committed 4544K, reserved 1048576K
}
Event: 16.677 GC heap before
{Heap before GC invocations=26 (full 0):
 garbage-first heap   total 585728K, used 444416K [0x00000000c0000000, 0x0000000100000000)
  region size 1024K, 91 young (93184K), 6 survivors (6144K)
 Metaspace       used 41035K, committed 41280K, reserved 1114112K
  class space    used 4466K, committed 4608K, reserved 1048576K
}
Event: 16.749 GC heap after
{Heap after GC invocations=27 (full 0):
 garbage-first heap   total 585728K, used 392192K [0x00000000c0000000, 0x0000000100000000)
  region size 1024K, 12 young (12288K), 12 survivors (12288K)
 Metaspace       used 41035K, committed 41280K, reserved 1114112K
  class space    used 4466K, committed 4608K, reserved 1048576K
}
Event: 16.922 GC heap before
{Heap before GC invocations=27 (full 0):
 garbage-first heap   total 585728K, used 408576K [0x00000000c0000000, 0x0000000100000000)
  region size 1024K, 28 young (28672K), 12 survivors (12288K)
 Metaspace       used 41040K, committed 41280K, reserved 1114112K
  class space    used 4466K, committed 4608K, reserved 1048576K
}
Event: 16.945 GC heap after
{Heap after GC invocations=28 (full 0):
 garbage-first heap   total 585728K, used 401408K [0x00000000c0000000, 0x0000000100000000)
  region size 1024K, 4 young (4096K), 4 survivors (4096K)
 Metaspace       used 41040K, committed 41280K, reserved 1114112K
  class space    used 4466K, committed 4608K, reserved 1048576K
}
Event: 17.709 GC heap before
{Heap before GC invocations=28 (full 0):
 garbage-first heap   total 585728K, used 458752K [0x00000000c0000000, 0x0000000100000000)
  region size 1024K, 60 young (61440K), 4 survivors (4096K)
 Metaspace       used 41177K, committed 41472K, reserved 1114112K
  class space    used 4477K, committed 4608K, reserved 1048576K
}
Event: 17.741 GC heap after
{Heap after GC invocations=29 (full 0):
 garbage-first heap   total 585728K, used 435200K [0x00000000c0000000, 0x0000000100000000)
  region size 1024K, 8 young (8192K), 8 survivors (8192K)
 Metaspace       used 41177K, committed 41472K, reserved 1114112K
  class space    used 4477K, committed 4608K, reserved 1048576K
}
Event: 18.395 GC heap before
{Heap before GC invocations=29 (full 0):
 garbage-first heap   total 585728K, used 475136K [0x00000000c0000000, 0x0000000100000000)
  region size 1024K, 48 young (49152K), 8 survivors (8192K)
 Metaspace       used 42289K, committed 42624K, reserved 1114112K
  class space    used 4591K, committed 4736K, reserved 1048576K
}
Event: 18.431 GC heap after
{Heap after GC invocations=30 (full 0):
 garbage-first heap   total 585728K, used 457728K [0x00000000c0000000, 0x0000000100000000)
  region size 1024K, 6 young (6144K), 6 survivors (6144K)
 Metaspace       used 42289K, committed 42624K, reserved 1114112K
  class space    used 4591K, committed 4736K, reserved 1048576K
}
Event: 19.089 GC heap before
{Heap before GC invocations=30 (full 0):
 garbage-first heap   total 585728K, used 488448K [0x00000000c0000000, 0x0000000100000000)
  region size 1024K, 36 young (36864K), 6 survivors (6144K)
 Metaspace       used 43570K, committed 43904K, reserved 1114112K
  class space    used 4730K, committed 4864K, reserved 1048576K
}
Event: 19.119 GC heap after
{Heap after GC invocations=31 (full 0):
 garbage-first heap   total 585728K, used 474112K [0x00000000c0000000, 0x0000000100000000)
  region size 1024K, 5 young (5120K), 5 survivors (5120K)
 Metaspace       used 43570K, committed 43904K, reserved 1114112K
  class space    used 4730K, committed 4864K, reserved 1048576K
}
Event: 20.614 GC heap before
{Heap before GC invocations=31 (full 0):
 garbage-first heap   total 585728K, used 497664K [0x00000000c0000000, 0x0000000100000000)
  region size 1024K, 28 young (28672K), 5 survivors (5120K)
 Metaspace       used 45482K, committed 45888K, reserved 1114112K
  class space    used 4918K, committed 5120K, reserved 1048576K
}
Event: 20.652 GC heap after
{Heap after GC invocations=32 (full 0):
 garbage-first heap   total 585728K, used 483771K [0x00000000c0000000, 0x0000000100000000)
  region size 1024K, 4 young (4096K), 4 survivors (4096K)
 Metaspace       used 45482K, committed 45888K, reserved 1114112K
  class space    used 4918K, committed 5120K, reserved 1048576K
}
Event: 21.505 GC heap before
{Heap before GC invocations=32 (full 0):
 garbage-first heap   total 585728K, used 508347K [0x00000000c0000000, 0x0000000100000000)
  region size 1024K, 28 young (28672K), 4 survivors (4096K)
 Metaspace       used 46874K, committed 47232K, reserved 1114112K
  class space    used 5104K, committed 5312K, reserved 1048576K
}
Event: 21.528 GC heap after
{Heap after GC invocations=33 (full 0):
 garbage-first heap   total 585728K, used 492832K [0x00000000c0000000, 0x0000000100000000)
  region size 1024K, 4 young (4096K), 4 survivors (4096K)
 Metaspace       used 46874K, committed 47232K, reserved 1114112K
  class space    used 5104K, committed 5312K, reserved 1048576K
}
Event: 21.788 GC heap before
{Heap before GC invocations=33 (full 0):
 garbage-first heap   total 585728K, used 504096K [0x00000000c0000000, 0x0000000100000000)
  region size 1024K, 16 young (16384K), 4 survivors (4096K)
 Metaspace       used 47251K, committed 47616K, reserved 1114112K
  class space    used 5135K, committed 5312K, reserved 1048576K
}
Event: 21.803 GC heap after
{Heap after GC invocations=34 (full 0):
 garbage-first heap   total 585728K, used 499939K [0x00000000c0000000, 0x0000000100000000)
  region size 1024K, 4 young (4096K), 4 survivors (4096K)
 Metaspace       used 47251K, committed 47616K, reserved 1114112K
  class space    used 5135K, committed 5312K, reserved 1048576K
}
Event: 21.903 GC heap before
{Heap before GC invocations=34 (full 0):
 garbage-first heap   total 585728K, used 518371K [0x00000000c0000000, 0x0000000100000000)
  region size 1024K, 5 young (5120K), 4 survivors (4096K)
 Metaspace       used 47254K, committed 47616K, reserved 1114112K
  class space    used 5135K, committed 5312K, reserved 1048576K
}
Event: 21.915 GC heap after
{Heap after GC invocations=35 (full 0):
 garbage-first heap   total 585728K, used 519283K [0x00000000c0000000, 0x0000000100000000)
  region size 1024K, 1 young (1024K), 1 survivors (1024K)
 Metaspace       used 47254K, committed 47616K, reserved 1114112K
  class space    used 5135K, committed 5312K, reserved 1048576K
}

Dll operation events (1 events):
Event: 0.032 Loaded shared library D:\atest\IntelliJ IDEA 2023.3.2\jbr\bin\java.dll

Deoptimization events (20 events):
Event: 22.660 Thread 0x000001ef7d209840 Uncommon trap: trap_request=0xffffff45 fr.pc=0x000001ef6c4a1664 relative=0x0000000000000064
Event: 22.660 Thread 0x000001ef7d209840 Uncommon trap: reason=unstable_if action=reinterpret pc=0x000001ef6c4a1664 method=com.oracle.truffle.object.DynamicObjectLibraryImpl$SpecificKey$MissingKeyIdentity.acceptsKey(Ljava/lang/Object;)Z @ 5 c2
Event: 22.660 Thread 0x000001ef7d209840 DEOPT PACKING pc=0x000001ef6c4a1664 sp=0x000000ad843f5f30
Event: 22.660 Thread 0x000001ef7d209840 DEOPT UNPACKING pc=0x000001ef6bb869a3 sp=0x000000ad843f5ec8 mode 2
Event: 23.026 Thread 0x000001ef7d209840 Uncommon trap: trap_request=0xffffffd6 fr.pc=0x000001ef6c47dc08 relative=0x0000000000002008
Event: 23.026 Thread 0x000001ef7d209840 Uncommon trap: reason=array_check action=maybe_recompile pc=0x000001ef6c47dc08 method=java.util.TimSort.binarySort([Ljava/lang/Object;IIILjava/util/Comparator;)V @ 193 c2
Event: 23.026 Thread 0x000001ef7d209840 DEOPT PACKING pc=0x000001ef6c47dc08 sp=0x000000ad843f69b0
Event: 23.026 Thread 0x000001ef7d209840 DEOPT UNPACKING pc=0x000001ef6bb869a3 sp=0x000000ad843f6908 mode 2
Event: 23.028 Thread 0x000001ef7dd99c90 Uncommon trap: trap_request=0xffffffd6 fr.pc=0x000001ef6c47dc08 relative=0x0000000000002008
Event: 23.028 Thread 0x000001ef7dd99c90 Uncommon trap: reason=array_check action=maybe_recompile pc=0x000001ef6c47dc08 method=java.util.TimSort.binarySort([Ljava/lang/Object;IIILjava/util/Comparator;)V @ 193 c2
Event: 23.028 Thread 0x000001ef7dd99c90 DEOPT PACKING pc=0x000001ef6c47dc08 sp=0x000000ad864f63a0
Event: 23.028 Thread 0x000001ef7dd99c90 DEOPT UNPACKING pc=0x000001ef6bb869a3 sp=0x000000ad864f62f8 mode 2
Event: 23.069 Thread 0x000001ef7dd99c90 Uncommon trap: trap_request=0xffffffd6 fr.pc=0x000001ef6c47dc08 relative=0x0000000000002008
Event: 23.069 Thread 0x000001ef7dd99c90 Uncommon trap: reason=array_check action=maybe_recompile pc=0x000001ef6c47dc08 method=java.util.TimSort.binarySort([Ljava/lang/Object;IIILjava/util/Comparator;)V @ 193 c2
Event: 23.069 Thread 0x000001ef7dd99c90 DEOPT PACKING pc=0x000001ef6c47dc08 sp=0x000000ad864f5310
Event: 23.069 Thread 0x000001ef7dd99c90 DEOPT UNPACKING pc=0x000001ef6bb869a3 sp=0x000000ad864f5268 mode 2
Event: 23.119 Thread 0x000001ef7d209840 Uncommon trap: trap_request=0xffffffd6 fr.pc=0x000001ef6c47dc08 relative=0x0000000000002008
Event: 23.119 Thread 0x000001ef7d209840 Uncommon trap: reason=array_check action=maybe_recompile pc=0x000001ef6c47dc08 method=java.util.TimSort.binarySort([Ljava/lang/Object;IIILjava/util/Comparator;)V @ 193 c2
Event: 23.119 Thread 0x000001ef7d209840 DEOPT PACKING pc=0x000001ef6c47dc08 sp=0x000000ad843f5ae0
Event: 23.119 Thread 0x000001ef7d209840 DEOPT UNPACKING pc=0x000001ef6bb869a3 sp=0x000000ad843f5a38 mode 2

Classes unloaded (9 events):
Event: 6.240 Thread 0x000001ef78980a40 Unloading class 0x000000010020dc00 'jdk/internal/reflect/GeneratedSerializationConstructorAccessor16'
Event: 6.240 Thread 0x000001ef78980a40 Unloading class 0x000000010020d400 'jdk/internal/reflect/GeneratedSerializationConstructorAccessor14'
Event: 6.240 Thread 0x000001ef78980a40 Unloading class 0x000000010020cc00 'jdk/internal/reflect/GeneratedSerializationConstructorAccessor12'
Event: 6.240 Thread 0x000001ef78980a40 Unloading class 0x000000010020c000 'jdk/internal/reflect/GeneratedSerializationConstructorAccessor9'
Event: 6.240 Thread 0x000001ef78980a40 Unloading class 0x0000000100205c00 'jdk/internal/reflect/GeneratedSerializationConstructorAccessor8'
Event: 6.240 Thread 0x000001ef78980a40 Unloading class 0x0000000100205400 'jdk/internal/reflect/GeneratedSerializationConstructorAccessor6'
Event: 6.240 Thread 0x000001ef78980a40 Unloading class 0x0000000100204000 'jdk/internal/reflect/GeneratedSerializationConstructorAccessor1'
Event: 6.240 Thread 0x000001ef78980a40 Unloading class 0x0000000100201c00 'java/lang/invoke/LambdaForm$DMH+0x0000000100201c00'
Event: 23.244 Thread 0x000001ef78980a40 Unloading class 0x000000010049c400 'java/lang/invoke/LambdaForm$DMH+0x000000010049c400'

Classes redefined (0 events):
No events

Internal exceptions (20 events):
Event: 3.601 Thread 0x000001ef7d5ce9f0 Exception <a 'java/lang/NoSuchMethodError'{0x00000000c62d3ac8}: 'java.lang.Object java.lang.invoke.DirectMethodHandle$Holder.newInvokeSpecial(java.lang.Object, int, java.lang.Object)'> (0x00000000c62d3ac8) 
thrown [s\src\hotspot\share\interpreter\linkResolver.cpp, line 771]
Event: 3.611 Thread 0x000001ef7d5ce9f0 Exception <a 'java/lang/NoSuchMethodError'{0x00000000c61846b0}: 'java.lang.Object java.lang.invoke.DirectMethodHandle$Holder.invokeInterface(java.lang.Object, java.lang.Object, java.lang.Object)'> (0x00000000c61846b0) 
thrown [s\src\hotspot\share\interpreter\linkResolver.cpp, line 771]
Event: 3.636 Thread 0x000001ef7d5ce9f0 Exception <a 'java/lang/reflect/InvocationTargetException'{0x00000000c61ce5e8}> (0x00000000c61ce5e8) 
thrown [s\src\hotspot\share\runtime\reflection.cpp, line 1127]
Event: 3.775 Thread 0x000001ef7d5ce9f0 Exception <a 'sun/nio/fs/WindowsException'{0x00000000c5c5fe88}> (0x00000000c5c5fe88) 
thrown [s\src\hotspot\share\prims\jni.cpp, line 517]
Event: 3.940 Thread 0x000001ef7d5ce9f0 Implicit null exception at 0x000001ef6c182cb4 to 0x000001ef6c18362c
Event: 4.035 Thread 0x000001ef7d5ce9f0 Exception <a 'java/lang/NoSuchMethodError'{0x00000000c5735830}: 'java.lang.Object java.lang.invoke.DirectMethodHandle$Holder.newInvokeSpecial(java.lang.Object, java.lang.Object, int)'> (0x00000000c5735830) 
thrown [s\src\hotspot\share\interpreter\linkResolver.cpp, line 771]
Event: 9.087 Thread 0x000001ef7dd95ac0 Exception <a 'java/lang/reflect/InvocationTargetException'{0x00000000cec49cc0}> (0x00000000cec49cc0) 
thrown [s\src\hotspot\share\runtime\reflection.cpp, line 1127]
Event: 9.282 Thread 0x000001ef7dd98340 Exception <a 'java/lang/reflect/InvocationTargetException'{0x00000000d29813d8}> (0x00000000d29813d8) 
thrown [s\src\hotspot\share\runtime\reflection.cpp, line 1127]
Event: 9.547 Thread 0x000001ef7d5cc680 Exception <a 'java/lang/reflect/InvocationTargetException'{0x00000000d43ab080}> (0x00000000d43ab080) 
thrown [s\src\hotspot\share\runtime\reflection.cpp, line 1127]
Event: 9.558 Thread 0x000001ef7dd99c90 Implicit null exception at 0x000001ef6c253790 to 0x000001ef6c254244
Event: 16.505 Thread 0x000001ef7d209840 Implicit null exception at 0x000001ef6c39a410 to 0x000001ef6c39b33c
Event: 16.506 Thread 0x000001ef7d209840 Implicit null exception at 0x000001ef6c2b5fca to 0x000001ef6c2b6e24
Event: 17.203 Thread 0x000001ef7dd99c90 Implicit null exception at 0x000001ef6c2b796c to 0x000001ef6c2b7be1
Event: 18.538 Thread 0x000001ef7d209840 Implicit null exception at 0x000001ef6c25d2fc to 0x000001ef6c25d3a0
Event: 18.548 Thread 0x000001ef7d209840 Exception <a 'java/lang/NoSuchMethodError'{0x00000000e2c52978}: 'int java.lang.invoke.DirectMethodHandle$Holder.invokeSpecial(java.lang.Object, java.lang.Object, java.lang.Object, java.lang.Object)'> (0x00000000e2c52978) 
thrown [s\src\hotspot\share\interpreter\linkResolver.cpp, line 771]
Event: 18.549 Thread 0x000001ef7dd99c90 Exception <a 'java/lang/NoSuchMethodError'{0x00000000e3837980}: 'int java.lang.invoke.DirectMethodHandle$Holder.invokeSpecial(java.lang.Object, java.lang.Object, java.lang.Object, java.lang.Object)'> (0x00000000e3837980) 
thrown [s\src\hotspot\share\interpreter\linkResolver.cpp, line 771]
Event: 20.306 Thread 0x000001ef7d209840 Implicit null exception at 0x000001ef6c4c9f3a to 0x000001ef6c4ca254
Event: 20.411 Thread 0x000001ef7d209840 Implicit null exception at 0x000001ef6c42dd65 to 0x000001ef6c42dfc1
Event: 22.438 Thread 0x000001ef7dd99c90 Exception <a 'java/lang/NoSuchMethodError'{0x00000000e35afcf0}: 'java.lang.Object java.lang.invoke.DirectMethodHandle$Holder.invokeStatic(java.lang.Object, java.lang.Object, int, java.lang.Object, java.lang.Object)'> (0x00000000e35afcf0) 
thrown [s\src\hotspot\share\interpreter\linkResolver.cpp, line 771]
Event: 22.439 Thread 0x000001ef7dd99c90 Exception <a 'java/lang/NoSuchMethodError'{0x00000000e35b6078}: 'java.lang.Object java.lang.invoke.DirectMethodHandle$Holder.invokeStaticInit(java.lang.Object, java.lang.Object, int, java.lang.Object, java.lang.Object)'> (0x00000000e35b6078) 
thrown [s\src\hotspot\share\interpreter\linkResolver.cpp, line 771]

VM Operations (20 events):
Event: 20.354 Executing VM operation: ICBufferFull done
Event: 20.354 Executing VM operation: HandshakeAllThreads
Event: 20.362 Executing VM operation: HandshakeAllThreads done
Event: 20.369 Executing VM operation: HandshakeAllThreads
Event: 20.372 Executing VM operation: HandshakeAllThreads done
Event: 20.391 Executing VM operation: HandshakeAllThreads
Event: 20.409 Executing VM operation: HandshakeAllThreads done
Event: 20.608 Executing VM operation: G1CollectForAllocation
Event: 20.717 Executing VM operation: G1CollectForAllocation done
Event: 21.207 Executing VM operation: ICBufferFull
Event: 21.464 Executing VM operation: ICBufferFull done
Event: 21.465 Executing VM operation: G1CollectForAllocation
Event: 21.536 Executing VM operation: G1CollectForAllocation done
Event: 21.750 Executing VM operation: G1TryInitiateConcMark
Event: 21.888 Executing VM operation: G1TryInitiateConcMark done
Event: 21.903 Executing VM operation: G1TryInitiateConcMark
Event: 21.920 Executing VM operation: G1TryInitiateConcMark done
Event: 22.924 Executing VM operation: Cleanup
Event: 23.122 Executing VM operation: Cleanup done
Event: 23.176 Executing VM operation: G1PauseRemark

Events (20 events):
Event: 20.378 Thread 0x000001ef78c447c0 flushing nmethod 0x000001ef64ea7610
Event: 20.378 Thread 0x000001ef78c447c0 flushing nmethod 0x000001ef64eaa790
Event: 20.378 Thread 0x000001ef78c447c0 flushing nmethod 0x000001ef64eae790
Event: 20.378 Thread 0x000001ef78c447c0 flushing nmethod 0x000001ef64ec1f90
Event: 20.378 Thread 0x000001ef78c447c0 flushing nmethod 0x000001ef64ed2d90
Event: 20.378 Thread 0x000001ef78c447c0 flushing nmethod 0x000001ef64edb190
Event: 20.379 Thread 0x000001ef78c447c0 flushing nmethod 0x000001ef64ee1b10
Event: 20.379 Thread 0x000001ef78c447c0 flushing nmethod 0x000001ef64ee6010
Event: 20.379 Thread 0x000001ef78c447c0 flushing nmethod 0x000001ef64ef3c10
Event: 20.379 Thread 0x000001ef78c447c0 flushing nmethod 0x000001ef64ef5790
Event: 20.379 Thread 0x000001ef78c447c0 flushing nmethod 0x000001ef64ef8290
Event: 20.382 Thread 0x000001ef78c447c0 flushing nmethod 0x000001ef64f10610
Event: 20.382 Thread 0x000001ef78c447c0 flushing nmethod 0x000001ef64f18990
Event: 20.382 Thread 0x000001ef78c447c0 flushing nmethod 0x000001ef64f24290
Event: 20.382 Thread 0x000001ef78c447c0 flushing nmethod 0x000001ef64f4a390
Event: 20.382 Thread 0x000001ef78c447c0 flushing nmethod 0x000001ef64f52110
Event: 20.382 Thread 0x000001ef78c447c0 flushing nmethod 0x000001ef64f52690
Event: 20.541 loading class java/util/ArrayList$SubList$1
Event: 20.542 loading class java/util/ArrayList$SubList$1 done
Event: 22.103 Thread 0x000001ef7ee62140 Thread exited: 0x000001ef7ee62140


Dynamic libraries:
0x00007ff6e5f20000 - 0x00007ff6e5f2a000 	D:\atest\IntelliJ IDEA 2023.3.2\jbr\bin\java.exe
0x00007ffc68290000 - 0x00007ffc684a6000 	C:\Windows\SYSTEM32\ntdll.dll
0x00007ffc670b0000 - 0x00007ffc67174000 	C:\Windows\System32\KERNEL32.DLL
0x00007ffc65780000 - 0x00007ffc65b27000 	C:\Windows\System32\KERNELBASE.dll
0x00007ffc65c80000 - 0x00007ffc65d91000 	C:\Windows\System32\ucrtbase.dll
0x00007ffbe9ba0000 - 0x00007ffbe9bb7000 	D:\atest\IntelliJ IDEA 2023.3.2\jbr\bin\jli.dll
0x00007ffc67180000 - 0x00007ffc6732e000 	C:\Windows\System32\USER32.dll
0x00007ffc52d00000 - 0x00007ffc52d1b000 	D:\atest\IntelliJ IDEA 2023.3.2\jbr\bin\VCRUNTIME140.dll
0x00007ffc65b30000 - 0x00007ffc65b56000 	C:\Windows\System32\win32u.dll
0x00007ffc66490000 - 0x00007ffc664b9000 	C:\Windows\System32\GDI32.dll
0x00007ffc51f60000 - 0x00007ffc521f3000 	C:\Windows\WinSxS\amd64_microsoft.windows.common-controls_6595b64144ccf1df_6.0.22621.3235_none_270f74e173860f98\COMCTL32.dll
0x00007ffc66e00000 - 0x00007ffc66ea7000 	C:\Windows\System32\msvcrt.dll
0x00007ffc65b60000 - 0x00007ffc65c79000 	C:\Windows\System32\gdi32full.dll
0x00007ffc656e0000 - 0x00007ffc6577a000 	C:\Windows\System32\msvcp_win.dll
0x00007ffc66ec0000 - 0x00007ffc66ef1000 	C:\Windows\System32\IMM32.DLL
0x00007ffc5d500000 - 0x00007ffc5d50c000 	D:\atest\IntelliJ IDEA 2023.3.2\jbr\bin\vcruntime140_1.dll
0x00007ffc4ade0000 - 0x00007ffc4ae6d000 	D:\atest\IntelliJ IDEA 2023.3.2\jbr\bin\msvcp140.dll
0x00007ffbe9bc0000 - 0x00007ffbea842000 	D:\atest\IntelliJ IDEA 2023.3.2\jbr\bin\server\jvm.dll
0x00007ffc66d20000 - 0x00007ffc66dd2000 	C:\Windows\System32\ADVAPI32.dll
0x00007ffc66fe0000 - 0x00007ffc67088000 	C:\Windows\System32\sechost.dll
0x00007ffc65f10000 - 0x00007ffc65f38000 	C:\Windows\System32\bcrypt.dll
0x00007ffc67600000 - 0x00007ffc67715000 	C:\Windows\System32\RPCRT4.dll
0x00007ffc65480000 - 0x00007ffc654cd000 	C:\Windows\SYSTEM32\POWRPROF.dll
0x00007ffc39fa0000 - 0x00007ffc39fa9000 	C:\Windows\SYSTEM32\WSOCK32.dll
0x00007ffc5c000000 - 0x00007ffc5c034000 	C:\Windows\SYSTEM32\WINMM.dll
0x00007ffc59970000 - 0x00007ffc5997a000 	C:\Windows\SYSTEM32\VERSION.dll
0x00007ffc67850000 - 0x00007ffc678c1000 	C:\Windows\System32\WS2_32.dll
0x00007ffc65460000 - 0x00007ffc65473000 	C:\Windows\SYSTEM32\UMPDC.dll
0x00007ffc645c0000 - 0x00007ffc645d8000 	C:\Windows\SYSTEM32\kernel.appcore.dll
0x00007ffc54e80000 - 0x00007ffc54e8a000 	D:\atest\IntelliJ IDEA 2023.3.2\jbr\bin\jimage.dll
0x00007ffc627e0000 - 0x00007ffc62a13000 	C:\Windows\SYSTEM32\DBGHELP.DLL
0x00007ffc678d0000 - 0x00007ffc67c58000 	C:\Windows\System32\combase.dll
0x00007ffc68170000 - 0x00007ffc68247000 	C:\Windows\System32\OLEAUT32.dll
0x00007ffc4a240000 - 0x00007ffc4a272000 	C:\Windows\SYSTEM32\dbgcore.DLL
0x00007ffc65f40000 - 0x00007ffc65fb9000 	C:\Windows\System32\bcryptPrimitives.dll
0x00007ffbe9b70000 - 0x00007ffbe9b95000 	D:\atest\IntelliJ IDEA 2023.3.2\jbr\bin\java.dll
0x00007ffbf3fd0000 - 0x00007ffbf3fe8000 	D:\atest\IntelliJ IDEA 2023.3.2\jbr\bin\zip.dll
0x00007ffc664c0000 - 0x00007ffc66d1c000 	C:\Windows\System32\SHELL32.dll
0x00007ffc634c0000 - 0x00007ffc63db9000 	C:\Windows\SYSTEM32\windows.storage.dll
0x00007ffc63380000 - 0x00007ffc634be000 	C:\Windows\SYSTEM32\wintypes.dll
0x00007ffc67730000 - 0x00007ffc67823000 	C:\Windows\System32\SHCORE.dll
0x00007ffc66f80000 - 0x00007ffc66fde000 	C:\Windows\System32\shlwapi.dll
0x00007ffc654e0000 - 0x00007ffc65501000 	C:\Windows\SYSTEM32\profapi.dll
0x00007ffbe9460000 - 0x00007ffbe9479000 	D:\atest\IntelliJ IDEA 2023.3.2\jbr\bin\net.dll
0x00007ffc5c260000 - 0x00007ffc5c396000 	C:\Windows\SYSTEM32\WINHTTP.dll
0x00007ffc64a40000 - 0x00007ffc64aa9000 	C:\Windows\system32\mswsock.dll
0x00007ffbe9440000 - 0x00007ffbe9456000 	D:\atest\IntelliJ IDEA 2023.3.2\jbr\bin\nio.dll
0x00007ffc64060000 - 0x00007ffc6408d000 	C:\Windows\SYSTEM32\IPHLPAPI.DLL
0x00007ffc66eb0000 - 0x00007ffc66eb9000 	C:\Windows\System32\NSI.dll
0x00007ffc5bfe0000 - 0x00007ffc5bff9000 	C:\Windows\SYSTEM32\dhcpcsvc6.DLL
0x00007ffc5bfc0000 - 0x00007ffc5bfdf000 	C:\Windows\SYSTEM32\dhcpcsvc.DLL
0x00007ffc64090000 - 0x00007ffc64189000 	C:\Windows\SYSTEM32\DNSAPI.dll
0x00007ffc64cc0000 - 0x00007ffc64cdb000 	C:\Windows\SYSTEM32\CRYPTSP.dll
0x00007ffc64520000 - 0x00007ffc64555000 	C:\Windows\system32\rsaenh.dll
0x00007ffc64b60000 - 0x00007ffc64b88000 	C:\Windows\SYSTEM32\USERENV.dll
0x00007ffc64ce0000 - 0x00007ffc64cec000 	C:\Windows\SYSTEM32\CRYPTBASE.dll
0x00007ffc52ab0000 - 0x00007ffc52ab7000 	D:\atest\IntelliJ IDEA 2023.3.2\jbr\bin\rmi.dll
0x00007ffc5e080000 - 0x00007ffc5e08a000 	C:\Windows\System32\rasadhlp.dll
0x00007ffc59fa0000 - 0x00007ffc5a023000 	C:\Windows\System32\fwpuclnt.dll
0x00007ffbe9b50000 - 0x00007ffbe9b5e000 	D:\atest\IntelliJ IDEA 2023.3.2\jbr\bin\sunmscapi.dll
0x00007ffc65da0000 - 0x00007ffc65f07000 	C:\Windows\System32\CRYPT32.dll
0x00007ffc64e80000 - 0x00007ffc64eae000 	C:\Windows\SYSTEM32\ncrypt.dll
0x00007ffc64e40000 - 0x00007ffc64e77000 	C:\Windows\SYSTEM32\NTASN1.dll

dbghelp: loaded successfully - version: 4.0.5 - missing functions: none
symbol engine: initialized successfully - sym options: 0x614 - pdb path: .;D:\atest\IntelliJ IDEA 2023.3.2\jbr\bin;C:\Windows\SYSTEM32;C:\Windows\WinSxS\amd64_microsoft.windows.common-controls_6595b64144ccf1df_6.0.22621.3235_none_270f74e173860f98;D:\atest\IntelliJ IDEA 2023.3.2\jbr\bin\server

VM Arguments:
jvm_args: -Djava.rmi.server.hostname=127.0.0.1 -Duser.timezone=UTC -Xmx1024m -Xms128m -Djdbc.classpath=D:\atest\IntelliJ IDEA 2023.3.2\plugins\DatabaseTools\lib\jdbc-console.jar;C:\Users\mihai\AppData\Roaming\JetBrains\IntelliJIdea2023.3\jdbc-drivers\MongoDB\1.18\mongo-jdbc-standalone-1.18.jar --add-exports=java.desktop/sun.awt=ALL-UNNAMED --add-exports=java.desktop/java.awt.peer=ALL-UNNAMED --add-opens=java.desktop/java.awt=ALL-UNNAMED --add-opens=jdk.unsupported/sun.misc=ALL-UNNAMED --add-opens=java.base/java.nio=ALL-UNNAMED --add-opens=java.base/java.util=ALL-UNNAMED -Dfile.encoding=UTF-8 
java_command: com.intellij.database.remote.RemoteJdbcServer com.dbschema.MongoJdbcDriver
java_class_path (initial): D:\atest\IntelliJ IDEA 2023.3.2\lib\util_rt.jar;D:\atest\IntelliJ IDEA 2023.3.2\lib\util-8.jar;D:\atest\IntelliJ IDEA 2023.3.2\lib\groovy.jar;D:\atest\IntelliJ IDEA 2023.3.2\plugins\DatabaseTools\lib\jdbc-console.jar;D:\atest\IntelliJ IDEA 2023.3.2\plugins\grid-core-impl\lib\jdbc-console-types.jar;D:\atest\IntelliJ IDEA 2023.3.2\lib\util.jar
Launcher Type: SUN_STANDARD

[Global flags]
     intx CICompilerCount                          = 4                                         {product} {ergonomic}
     uint ConcGCThreads                            = 2                                         {product} {ergonomic}
     uint G1ConcRefinementThreads                  = 8                                         {product} {ergonomic}
   size_t G1HeapRegionSize                         = 1048576                                   {product} {ergonomic}
    uintx GCDrainStackTargetSize                   = 64                                        {product} {ergonomic}
   size_t InitialHeapSize                          = 134217728                                 {product} {command line}
   size_t MarkStackSize                            = 4194304                                   {product} {ergonomic}
   size_t MaxHeapSize                              = 1073741824                                {product} {command line}
   size_t MaxNewSize                               = 643825664                                 {product} {ergonomic}
   size_t MinHeapDeltaBytes                        = 1048576                                   {product} {ergonomic}
   size_t MinHeapSize                              = 134217728                                 {product} {command line}
    uintx NonNMethodCodeHeapSize                   = 5839372                                {pd product} {ergonomic}
    uintx NonProfiledCodeHeapSize                  = 122909434                              {pd product} {ergonomic}
    uintx ProfiledCodeHeapSize                     = 122909434                              {pd product} {ergonomic}
    uintx ReservedCodeCacheSize                    = 251658240                              {pd product} {ergonomic}
     bool SegmentedCodeCache                       = true                                      {product} {ergonomic}
   size_t SoftMaxHeapSize                          = 1073741824                             {manageable} {ergonomic}
     bool UseCompressedClassPointers               = true                           {product lp64_product} {ergonomic}
     bool UseCompressedOops                        = true                           {product lp64_product} {ergonomic}
     bool UseG1GC                                  = true                                      {product} {ergonomic}
     bool UseLargePagesIndividualAllocation        = false                                  {pd product} {ergonomic}

Logging:
Log output configuration:
 #0: stdout all=warning uptime,level,tags
 #1: stderr all=off uptime,level,tags

Environment Variables:
PATH=C:\ProgramData\Oracle\Java\javapath;C:\Program Files (x86)\Common Files\Oracle\Java\javapath;C:\Program Files (x86)\NVIDIA Corporation\PhysX\Common;C:\Program Files\Eclipse Adoptium\jdk-17.0.6.10-hotspot\bin;C:\Windows\system32;C:\Windows;C:\Windows\System32\Wbem;C:\Windows\System32\WindowsPowerShell\v1.0\;C:\Windows\System32\OpenSSH\;C:\ProgramData\chocolatey\bin;C:\Windows\System32;C:\Program Files\Git\cmd;D:\flutter\flutter\bin;C:\Program Files\Git\usr\bin;C:\Program Files\dotnet\;C:\tools\lxrunoffline;;C:\Program Files\PowerShell\7\;C:\Program Files\Docker\Docker\resources\bin;C:\Program Files\Go\bin;C:\Users\mihai\AppData\Local\Microsoft\WindowsApps;D:\Games\programmmist\Microsoft VS Code\bin;C:\tools\flutter\bin;";C:\Program Files\Git\bin\git.exe;C:\Program Files\Git\cmd";D:\flutter\flutter\bin;D:\atest\IntelliJ IDEA 2023.3.2\bin;;C:\Users\mihai\AppData\Local\Programs\Microsoft VS Code\bin;D:\tmp\PyCharm 2023.1.3\bin;;D:\flutter\andros;C:\Users\mihai\go\bin;D:\trash\archit\bin;
USERNAME=mihai
OS=Windows_NT
PROCESSOR_IDENTIFIER=AMD64 Family 23 Model 24 Stepping 1, AuthenticAMD
TMP=C:\Users\mihai\AppData\Local\Temp
TEMP=C:\Users\mihai\AppData\Local\Temp



Periodic native trim disabled

JNI global refs:
JNI global refs: 21, weak refs: 27

JNI global refs memory usage: 843, weak refs: 841

OOME stack traces (most recent first):
Classloader memory used:
Loader com.intellij.database.remote.jdbc.impl.JdbcClassLoader$JdbcClassLoaderImpl      : 3798K
Loader bootstrap                                                                       : 1988K
Loader jdk.internal.loader.ClassLoaders$AppClassLoader                                 : 140K
Loader jdk.internal.loader.ClassLoaders$PlatformClassLoader                            : 50016B
Loader jdk.internal.reflect.DelegatingClassLoader                                      : 10106B


---------------  S Y S T E M  ---------------

OS:
 Windows 11 , 64 bit Build 22621 (10.0.22621.3374)
OS uptime: 0 days 2:09 hours
Hyper-V role detected

CPU: total 8 (initial active 8) (8 cores per cpu, 2 threads per core) family 23 model 24 stepping 1 microcode 0x0, cx8, cmov, fxsr, ht, mmx, 3dnowpref, sse, sse2, sse3, ssse3, sse4a, sse4.1, sse4.2, popcnt, lzcnt, tsc, tscinvbit, avx, avx2, aes, clmul, bmi1, bmi2, adx, sha, fma, vzeroupper, clflush, clflushopt, hv
Processor Information for all 8 processors :
  Max Mhz: 2300, Current Mhz: 2300, Mhz Limit: 2300

Memory: 4k page, system-wide physical 15295M (417M free)
TotalPageFile size 30281M (AvailPageFile size 49M)
current process WorkingSet (physical memory assigned to process): 737M, peak: 746M
current process commit charge ("private bytes"): 780M, peak: 1104M

vm_info: OpenJDK 64-Bit Server VM (17.0.9+7-b1087.9) for windows-amd64 JRE (17.0.9+7-b1087.9), built on 2023-12-05 by "builduser" with MS VC++ 16.10 / 16.11 (VS2019)

END.
