JvmtiExport can_access_local_variables 0
JvmtiExport can_hotswap_or_post_breakpoint 0
JvmtiExport can_post_on_exceptions 0
# 473 ciObject found
instanceKlass com/oracle/truffle/api/CompilerDirectives$ShouldNotReachHere
ciInstanceKlass java/lang/AssertionError 0 0 79 10 100 12 1 1 1 10 12 1 10 100 12 1 1 1 10 100 1 100 1 10 12 1 1 10 12 1 10 12 1 10 12 1 10 12 1 10 12 1 10 12 1 10 12 1 1 1 1 5 0 1 1 1 1 1 1 1 1 1 1 100 1 1 1 1 1 1 1 1 1 1 1 1 1 1 1 1 1
ciInstanceKlass java/util/LinkedHashMap 1 1 289 9 7 12 1 1 1 9 12 1 9 7 12 1 1 9 12 1 10 7 12 1 1 1 10 12 1 1 10 12 1 1 9 12 1 1 9 12 1 1 9 12 1 10 12 1 1 100 1 10 10 12 1 1 10 12 1 10 12 1 1 9 12 1 1 9 12 1 10 100 12 1 1 1 10 12 1 10 12 1 10 12 10 12 1 1 10 100 12 1 1 1 10 12 1 1 10 12 1 1 9 7 1 10 12 1 9 12 1 1 7 1 10 12 1 9 12 1 1 7 1 10 9 12 1 7 1 10 100 1 10 11 100 12 1 1 1 100 1 10 11 100 12 1 1 1 100 1 1 1 1 5 0 1 1 1 1 1 1 1 1 1 1 1 1 1 1 1 1 1 1 1 1 1 1 1 1 1 1 1 1 1 1 1 1 1 1 1 1 1 1 1 1 1 1 1 1 1 1 1 1 1 1 1 7 1 1 1 1 1 1 1 1 1 1 1 1 1 1 1 1 1 1 1 1 1 1 1 1 1 100 1 1 1 1 1 1 1 1 100 1 1 1 1 1 100 1 1 1 1 1 1 1 1 1 1 1 1 1 1 1 1 1 1 1 1 1 1 100 1 100 1 100 1 100 1 1 1 1 1 100 1 1 1 1 1 1 1 1
ciInstanceKlass java/util/zip/ZipFile$Source$Key 1 1 84 10 7 12 1 1 1 9 7 12 1 1 1 9 12 1 1 10 7 12 1 1 1 9 12 1 1 100 1 5 0 11 7 12 1 1 1 10 7 12 1 1 1 10 7 12 1 1 1 10 12 1 1 11 12 1 1 10 10 1 1 1 1 1 1 1 1 1 1 1 1 1 1 1 1 1 1 100 1 1 100 1 1 1
instanceKlass com/oracle/truffle/js/runtime/doubleconv/DtoaBuffer$1
instanceKlass com/oracle/truffle/js/runtime/doubleconv/CachedPowers$CachedPower
instanceKlass com/oracle/truffle/js/runtime/doubleconv/CachedPowers
instanceKlass com/oracle/truffle/js/runtime/doubleconv/DiyFp
instanceKlass com/oracle/truffle/js/runtime/doubleconv/IeeeDouble
instanceKlass com/oracle/truffle/js/runtime/doubleconv/FastDtoa
instanceKlass com/oracle/truffle/js/runtime/doubleconv/DtoaBuffer
instanceKlass com/oracle/truffle/js/runtime/doubleconv/DoubleConversion
instanceKlass com/oracle/js/parser/JSType
instanceKlass com/oracle/js/parser/Parser$6
instanceKlass com/oracle/truffle/regex/charset/Range
instanceKlass com/oracle/truffle/regex/tregex/buffer/IntRangesBuffer$IntRangesBufferRangesIterator
instanceKlass com/oracle/truffle/regex/tregex/parser/CaseFoldTable$1
instanceKlass com/oracle/truffle/regex/tregex/parser/CaseFoldTable$CaseFoldTableImpl
instanceKlass com/oracle/truffle/regex/tregex/parser/CaseFoldTable
instanceKlass com/oracle/truffle/regex/tregex/parser/JSRegexValidator$1
instanceKlass com/oracle/truffle/regex/tregex/parser/JSRegexValidator
instanceKlass com/oracle/truffle/regex/RegexOptions$Builder
instanceKlass com/oracle/truffle/regex/RegexLanguage$RegexContext
instanceKlass com/oracle/truffle/js/runtime/RegexCompilerInterface
instanceKlass com/oracle/js/parser/Lexer$LexerToken
instanceKlass com/oracle/js/parser/Parser$3
instanceKlass com/oracle/truffle/api/strings/AbstractTruffleString$LazyConcat
instanceKlass com/oracle/truffle/api/strings/AbstractTruffleString$LazyLong
instanceKlass com/oracle/truffle/api/strings/NumberConversion
instanceKlass com/oracle/js/parser/Parser$ForVariableDeclarationListResult
instanceKlass com/oracle/js/parser/ir/BinaryNode$1
instanceKlass kotlin/io/CloseableKt
instanceKlass kotlin/io/ByteStreamsKt
instanceKlass kotlin/io/TextStreamsKt
instanceKlass kotlin/text/Charsets
instanceKlass com/mongodb/mongosh/MongoShellEvaluatorKt
instanceKlass com/mongodb/mongosh/service/JavaServiceProvider
instanceKlass com/mongodb/mongosh/service/AdminServiceProvider
instanceKlass com/mongodb/mongosh/service/WritableServiceProvider
instanceKlass com/mongodb/mongosh/service/ReadableServiceProvider
instanceKlass com/mongodb/mongosh/MongoShellEvaluator
instanceKlass kotlin/UNINITIALIZED_VALUE
instanceKlass kotlin/SynchronizedLazyImpl
instanceKlass kotlin/Lazy
instanceKlass kotlin/LazyKt__LazyJVMKt
instanceKlass kotlin/jvm/internal/Lambda
instanceKlass kotlin/jvm/internal/FunctionBase
instanceKlass kotlin/jvm/functions/Function0
instanceKlass kotlin/Function
instanceKlass com/mongodb/mongosh/BsonTypes
instanceKlass com/mongodb/mongosh/MongoShellConverter
instanceKlass com/oracle/truffle/js/nodes/function/ClassDefinitionNode$ClassElementDefinitionRecordIndexes
instanceKlass com/oracle/truffle/js/nodes/JSGuards
instanceKlass com/oracle/truffle/js/nodes/function/DefineMethodNodeFactory$FunctionCreateNodeGen$CachedData
instanceKlass java/util/AbstractList$SubList$1
instanceKlass com/oracle/truffle/js/nodes/function/DefineMethodNodeFactory
instanceKlass com/oracle/truffle/js/nodes/access/CreateObjectNodeFactory
instanceKlass com/oracle/js/parser/ir/LexicalContext$NodeIterator
instanceKlass com/oracle/js/parser/Parser$PropertyFunction
instanceKlass com/mongodb/mongosh/ValueWrapperKt
instanceKlass com/mongodb/mongosh/ValueWrapper
instanceKlass com/oracle/truffle/js/nodes/JSTypes
instanceKlass com/oracle/truffle/api/impl/DefaultTruffleRuntime$DefaultFrameInstance
instanceKlass com/oracle/truffle/js/nodes/ScriptNode
instanceKlass com/oracle/truffle/api/nodes/RepeatingNode$2
instanceKlass com/oracle/truffle/api/nodes/RepeatingNode$1
instanceKlass com/oracle/truffle/js/nodes/control/ResumableNode$1
instanceKlass com/oracle/truffle/js/parser/GraalJSTranslator$3
instanceKlass com/oracle/truffle/js/nodes/JSFrameSlot$FrameSlotFlags
instanceKlass com/oracle/truffle/js/nodes/JSFrameSlot
instanceKlass com/oracle/truffle/js/nodes/JSFrameDescriptor$ScopedIdentifier
instanceKlass com/oracle/truffle/js/parser/GraalJSTranslator$EnvironmentCloseable
instanceKlass com/oracle/truffle/js/nodes/JSFrameDescriptor
instanceKlass com/oracle/truffle/js/nodes/control/BreakTarget
instanceKlass com/oracle/truffle/js/parser/env/Environment$VarRef
instanceKlass com/oracle/truffle/js/parser/env/Environment$WrapClosure
instanceKlass com/oracle/js/parser/ir/LexicalContext
instanceKlass org/graalvm/collections/EconomicMapImpl$2
instanceKlass com/oracle/js/parser/Parser$ParserState
instanceKlass com/oracle/js/parser/ParserContext$NodeIterator
instanceKlass com/oracle/js/parser/ir/Symbol
instanceKlass com/oracle/js/parser/TokenType$1
instanceKlass com/oracle/js/parser/ir/Scope$UseInfo
instanceKlass com/oracle/js/parser/Lexer$1
instanceKlass com/oracle/js/parser/CoverExpressionError
instanceKlass com/oracle/js/parser/Parser$7
instanceKlass com/oracle/js/parser/ParserContextScopableNode
instanceKlass com/oracle/js/parser/ParserContextBreakableNode
instanceKlass com/oracle/js/parser/ParserContextBaseNode
instanceKlass com/oracle/js/parser/ir/Scope
instanceKlass com/oracle/js/parser/Token$1
instanceKlass com/oracle/js/parser/IdentUtils
instanceKlass com/oracle/js/parser/TokenLookup
instanceKlass com/oracle/js/parser/Scanner$State
instanceKlass com/oracle/js/parser/Scanner
instanceKlass com/oracle/js/parser/TokenStream
instanceKlass com/oracle/js/parser/ParserContext
instanceKlass com/oracle/js/parser/Token
instanceKlass com/oracle/js/parser/Options
instanceKlass com/oracle/js/parser/ParserStrings
instanceKlass com/oracle/js/parser/Lexer$LineInfoReceiver
instanceKlass com/oracle/js/parser/ParserContextNode
instanceKlass com/oracle/js/parser/ScriptEnvironment$Builder
instanceKlass com/oracle/js/parser/ScriptEnvironment
instanceKlass com/oracle/js/parser/Source$RawData
instanceKlass com/oracle/js/parser/Source$Data
instanceKlass com/oracle/js/parser/Source
instanceKlass com/oracle/js/parser/AbstractParser
instanceKlass com/oracle/js/parser/ErrorManager
instanceKlass com/oracle/truffle/js/parser/GraalJSParserHelper
instanceKlass com/oracle/truffle/api/instrumentation/InstrumentableNode$1
instanceKlass com/oracle/truffle/api/instrumentation/InstrumentableNode$WrapperNode
instanceKlass com/oracle/truffle/api/nodes/BlockNode$ElementExecutor
instanceKlass com/oracle/truffle/js/nodes/control/SequenceNode
instanceKlass com/oracle/js/parser/ir/visitor/NodeVisitor
instanceKlass com/oracle/js/parser/ir/Flags
instanceKlass com/oracle/js/parser/ir/PropertyKey
instanceKlass com/oracle/js/parser/ir/BreakableNode
instanceKlass com/oracle/js/parser/ir/FunctionCall
instanceKlass com/oracle/js/parser/ir/Assignment
instanceKlass com/oracle/js/parser/ir/LexicalContextScope
instanceKlass com/oracle/js/parser/ir/LexicalContextNode
instanceKlass com/oracle/js/parser/ir/Terminal
instanceKlass com/oracle/js/parser/ir/Node
instanceKlass com/oracle/js/parser/ir/visitor/TranslatorNodeVisitor
instanceKlass com/oracle/truffle/api/TruffleLanguage$ParsingRequest
instanceKlass com/oracle/truffle/polyglot/PolyglotSourceCache$WeakCacheValue
instanceKlass com/oracle/truffle/polyglot/PolyglotSourceCache$SourceKey
instanceKlass org/graalvm/polyglot/Source$Builder
instanceKlass org/graalvm/polyglot/Source
instanceKlass com/oracle/truffle/polyglot/PolyglotLanguageContext$ToHostValueNode
instanceKlass org/graalvm/polyglot/TypeLiteral
instanceKlass com/oracle/truffle/polyglot/PolyglotLanguageInstance$1
instanceKlass jdk/internal/util/random/RandomSupport$AbstractSpliteratorGenerator
instanceKlass java/util/SplittableRandom
instanceKlass java/util/random/RandomGenerator$SplittableGenerator
instanceKlass java/util/random/RandomGenerator$StreamableGenerator
instanceKlass com/dbschema/mongo/MongoPreparedStatement
instanceKlass com/oracle/truffle/js/builtins/intl/IntlBuiltins$1
instanceKlass com/intellij/util/ThrowableConsumer
instanceKlass com/intellij/openapi/util/Ref
instanceKlass com/oracle/truffle/js/runtime/builtins/intl/JSIntl
instanceKlass com/intellij/openapi/util/text/StringUtilRt
instanceKlass com/mongodb/event/ConnectionCheckedInEvent
instanceKlass com/oracle/truffle/js/runtime/JSRealm$3
instanceKlass org/bson/codecs/NumberCodecHelper$1
instanceKlass org/bson/codecs/NumberCodecHelper
instanceKlass org/bson/codecs/StringCodec$1
instanceKlass org/bson/codecs/ContainerCodecHelper
instanceKlass com/oracle/truffle/js/runtime/builtins/JSON
instanceKlass com/oracle/truffle/js/runtime/JSConsoleUtil
instanceKlass org/bson/codecs/BsonDocumentWrapperCodec
instanceKlass org/bson/internal/UuidHelper$1
instanceKlass org/bson/internal/UuidHelper
instanceKlass com/oracle/truffle/js/nodes/binary/InstanceofNodeGen$IsBoundFunctionCacheNodeGen$CachedShapeData
instanceKlass java/util/UUID$Holder
instanceKlass org/bson/BsonDocumentWriter$1
instanceKlass com/mongodb/internal/session/ServerSessionPool$ServerSessionImpl
instanceKlass com/mongodb/internal/connection/CommandProtocolImpl
instanceKlass com/mongodb/internal/async/function/LoopState$AttachmentValueContainer
instanceKlass com/mongodb/internal/operation/retry/AttachmentKeys$DefaultAttachmentKey
instanceKlass com/mongodb/internal/async/function/LoopState$AttachmentKey
instanceKlass com/mongodb/internal/operation/retry/AttachmentKeys
instanceKlass com/mongodb/internal/connection/DefaultServer$OperationCountTrackingConnection
instanceKlass com/mongodb/internal/connection/CommandProtocol
instanceKlass com/mongodb/internal/connection/LegacyProtocol
instanceKlass com/mongodb/internal/connection/AbstractReferenceCounted
instanceKlass com/mongodb/internal/connection/DefaultServer$DefaultServerProtocolExecutor
instanceKlass com/mongodb/event/ConnectionCheckedOutEvent
instanceKlass com/mongodb/event/ConnectionReadyEvent
instanceKlass com/oracle/truffle/js/runtime/builtins/JSMath
instanceKlass com/ibm/icu/util/TimeZone
instanceKlass com/ibm/icu/util/Freezable
instanceKlass com/oracle/truffle/js/runtime/util/IntlUtil
instanceKlass com/oracle/truffle/js/builtins/intl/DateTimeFormatPrototypeBuiltins$1
instanceKlass com/oracle/truffle/js/builtins/intl/NumberFormatPrototypeBuiltins$1
instanceKlass javax/crypto/MacSpi
instanceKlass javax/crypto/ProviderVerifier
instanceKlass javax/crypto/JceSecurity$2
instanceKlass javax/crypto/JceSecurity$IdentityWrapper
instanceKlass java/net/spi/URLStreamHandlerProvider
instanceKlass java/net/URL$1
instanceKlass java/net/URL$2
instanceKlass java/util/Vector$1
instanceKlass javax/crypto/CryptoPolicyParser$CryptoPermissionEntry
instanceKlass javax/crypto/CryptoPolicyParser$GrantEntry
instanceKlass java/io/StreamTokenizer
instanceKlass javax/crypto/CryptoPolicyParser
instanceKlass java/nio/file/Files$1
instanceKlass sun/nio/fs/WindowsFileSystem$2
instanceKlass java/nio/file/PathMatcher
instanceKlass sun/nio/fs/Globs
instanceKlass sun/nio/fs/WindowsFileSystemProvider$1
instanceKlass javax/crypto/JceSecurity$1
instanceKlass javax/crypto/JceSecurity
instanceKlass com/oracle/truffle/js/runtime/builtins/JSArrayBufferView$ArrayBufferViewGetter
instanceKlass com/oracle/truffle/js/builtins/JSBuiltinsContainer$Switch$1FactoryImpl
instanceKlass java/security/spec/ECFieldF2m
instanceKlass sun/security/util/ObjectIdentifier
instanceKlass sun/security/util/ByteArrayTagOrder
instanceKlass sun/security/util/ByteArrayLexOrder
instanceKlass sun/security/util/DerEncoder
instanceKlass java/security/spec/ECParameterSpec
instanceKlass java/security/spec/AlgorithmParameterSpec
instanceKlass java/security/spec/ECPoint
instanceKlass java/security/spec/EllipticCurve
instanceKlass java/security/spec/ECFieldFp
instanceKlass java/security/spec/ECField
instanceKlass sun/security/util/CurveDB
instanceKlass sun/security/ec/SunEC$1
instanceKlass com/sun/security/sasl/gsskerb/JdkSASL$1
instanceKlass org/jcp/xml/dsig/internal/dom/XMLDSigRI$2
instanceKlass org/jcp/xml/dsig/internal/dom/XMLDSigRI$1
instanceKlass sun/security/pkcs11/SunPKCS11$Descriptor
instanceKlass javax/security/auth/callback/CallbackHandler
instanceKlass sun/security/mscapi/SunMSCAPI$2
instanceKlass sun/security/mscapi/SunMSCAPI$1
instanceKlass sun/security/jgss/SunProvider$1
instanceKlass sun/security/jca/ProviderConfig$ProviderLoader
instanceKlass sun/security/jca/ProviderConfig$3
instanceKlass sun/security/rsa/SunRsaSignEntries
instanceKlass sun/security/jca/ProviderList$ServiceList$1
instanceKlass javax/crypto/Mac
instanceKlass javax/crypto/spec/SecretKeySpec$1
instanceKlass jdk/internal/access/JavaxCryptoSpecAccess
instanceKlass javax/crypto/spec/SecretKeySpec
instanceKlass javax/crypto/SecretKey
instanceKlass javax/security/auth/Destroyable
instanceKlass java/security/spec/KeySpec
instanceKlass java/util/Base64$Decoder
instanceKlass com/mongodb/internal/connection/ScramShaAuthenticator$CacheValue
instanceKlass com/mongodb/internal/connection/ScramShaAuthenticator$CacheKey
instanceKlass jdk/internal/icu/util/CodePointTrie$Data
instanceKlass jdk/internal/icu/util/CodePointTrie$1
instanceKlass org/graalvm/collections/Pair
instanceKlass jdk/internal/icu/util/CodePointMap
instanceKlass jdk/internal/icu/util/VersionInfo
instanceKlass com/oracle/truffle/js/runtime/objects/JSProperty
instanceKlass jdk/internal/icu/impl/ICUBinary$1
instanceKlass jdk/internal/icu/impl/ICUBinary
instanceKlass com/oracle/truffle/js/runtime/util/DefinePropertyUtil
instanceKlass jdk/internal/icu/impl/NormalizerImpl$IsAcceptable
instanceKlass jdk/internal/icu/impl/ICUBinary$Authenticate
instanceKlass jdk/internal/icu/impl/NormalizerImpl
instanceKlass jdk/internal/icu/impl/Norm2AllModes$Norm2AllModesSingleton
instanceKlass jdk/internal/icu/impl/Norm2AllModes$NFKCSingleton
instanceKlass jdk/internal/icu/impl/Norm2AllModes
instanceKlass jdk/internal/icu/text/Normalizer2
instanceKlass jdk/internal/icu/text/NormalizerBase$ModeImpl
instanceKlass jdk/internal/icu/text/NormalizerBase$NFKCModeImpl
instanceKlass jdk/internal/icu/text/NormalizerBase$1
instanceKlass jdk/internal/icu/text/NormalizerBase$Mode
instanceKlass jdk/internal/icu/text/NormalizerBase
instanceKlass java/text/Normalizer
instanceKlass com/oracle/truffle/js/runtime/JSRuntime
instanceKlass com/mongodb/internal/authentication/SaslPrep
instanceKlass java/util/Base64$Encoder
instanceKlass java/util/Base64
instanceKlass sun/invoke/util/VerifyAccess$1
instanceKlass javax/security/auth/Subject
instanceKlass com/mongodb/SubjectProvider
instanceKlass com/mongodb/internal/connection/SaslAuthenticator$1
instanceKlass com/mongodb/internal/operation/ServerVersionHelper
instanceKlass com/oracle/truffle/js/runtime/builtins/JSStringObjectGen
instanceKlass java/security/Key
instanceKlass com/mongodb/internal/connection/ScramShaAuthenticator$ScramShaSaslClient
instanceKlass com/mongodb/internal/connection/ScramShaAuthenticator$DefaultRandomStringGenerator
instanceKlass com/mongodb/internal/connection/ScramShaAuthenticator$2
instanceKlass com/mongodb/internal/connection/ScramShaAuthenticator$1
instanceKlass com/oracle/truffle/js/runtime/builtins/JSNumberObjectGen
instanceKlass com/mongodb/internal/connection/ScramShaAuthenticator$AuthenticationHashGenerator
instanceKlass com/mongodb/internal/connection/ScramShaAuthenticator$RandomStringGenerator
instanceKlass javax/security/sasl/SaslClient
instanceKlass com/mongodb/event/ConnectionCreatedEvent
instanceKlass com/mongodb/event/ConnectionAddedEvent
instanceKlass com/mongodb/internal/connection/DefaultConnectionPool$MutableReference
instanceKlass com/mongodb/internal/connection/DefaultConnectionPool$PooledConnection
instanceKlass com/oracle/truffle/js/runtime/builtins/JSBooleanObjectGen
instanceKlass com/oracle/truffle/js/runtime/builtins/JSConstructor
instanceKlass com/mongodb/internal/connection/UsageTrackingInternalConnection
instanceKlass com/mongodb/internal/Timeout
instanceKlass com/mongodb/event/ConnectionCheckOutStartedEvent
instanceKlass com/mongodb/internal/connection/SdamServerDescriptionManager$SdamIssue$Context
instanceKlass java/util/stream/ReduceOps$2ReducingSink
instanceKlass java/util/function/ToIntFunction
instanceKlass com/mongodb/internal/connection/ServerTuple
instanceKlass com/mongodb/selector/CompositeServerSelector
instanceKlass com/mongodb/internal/selector/LatencyMinimizingServerSelector
instanceKlass com/oracle/truffle/js/runtime/builtins/JSArrayObjectGen
instanceKlass com/mongodb/internal/selector/ReadPreferenceServerSelector
instanceKlass com/oracle/truffle/js/runtime/array/ArrayAllocationSite
instanceKlass com/mongodb/client/internal/ClientSessionBinding$SessionBindingConnectionSource
instanceKlass com/mongodb/internal/operation/BatchCursor
instanceKlass com/mongodb/internal/async/AsyncBatchCursor
instanceKlass com/mongodb/internal/operation/OperationHelper$AsyncCallableWithConnection
instanceKlass com/mongodb/internal/operation/OperationHelper
instanceKlass java/util/function/BiPredicate
instanceKlass com/mongodb/internal/async/function/RetryingSyncSupplier
instanceKlass com/oracle/truffle/js/runtime/objects/JSObjectUtil$1
instanceKlass com/mongodb/internal/async/function/LoopState
instanceKlass com/mongodb/internal/async/function/RetryState
instanceKlass com/mongodb/internal/async/function/AsyncCallbackSupplier
instanceKlass com/mongodb/internal/operation/CommandOperationHelper
instanceKlass com/mongodb/internal/operation/CommandOperationHelper$CommandReadTransformer
instanceKlass com/mongodb/internal/operation/CommandReadOperation$1
instanceKlass com/mongodb/internal/session/ClientSessionContext
instanceKlass com/mongodb/internal/binding/ConnectionSource
instanceKlass com/mongodb/internal/binding/AbstractReferenceCounted
instanceKlass com/mongodb/internal/session/BaseClientSessionImpl
instanceKlass com/oracle/truffle/js/runtime/interop/DynamicScopeWrapper
instanceKlass com/mongodb/TransactionOptions$Builder
instanceKlass com/mongodb/TransactionOptions
instanceKlass com/mongodb/internal/connection/BsonWriterHelper
instanceKlass com/oracle/truffle/js/runtime/interop/TopScopeObject
instanceKlass com/mongodb/ClientSessionOptions$Builder
instanceKlass com/mongodb/internal/connection/BsonWriterDecorator
instanceKlass com/mongodb/ClientSessionOptions
instanceKlass com/mongodb/internal/connection/ClusterClockAdvancingSessionContext
instanceKlass com/mongodb/event/ServerHeartbeatStartedEvent
instanceKlass com/oracle/truffle/js/runtime/objects/Accessor
instanceKlass com/mongodb/DBObject
instanceKlass com/mongodb/DBRef
instanceKlass com/oracle/truffle/object/DynamicObjectLibraryImplFactory
instanceKlass com/mongodb/internal/operation/CommandOperationHelper$CommandCreator
instanceKlass com/mongodb/event/ServerDescriptionChangedEvent
instanceKlass java/util/concurrent/ConcurrentLinkedDeque$AbstractItr
instanceKlass com/mongodb/event/ConnectionPoolReadyEvent
instanceKlass com/mongodb/internal/connection/ServerTypeHelper$1
instanceKlass com/mongodb/internal/connection/ServerTypeHelper
instanceKlass com/mongodb/internal/operation/CommandReadOperation
instanceKlass com/mongodb/internal/operation/AsyncReadOperation
instanceKlass com/mongodb/internal/connection/InternalConnectionInitializationDescription
instanceKlass com/mongodb/TagSet$1
instanceKlass com/mongodb/internal/connection/DescriptionHelper
instanceKlass org/bson/BsonElement
instanceKlass com/oracle/truffle/object/LinkedImmutableMap$LinkedIterator
instanceKlass com/mongodb/internal/connection/ReplyMessage
instanceKlass org/bson/codecs/DecoderContext$Builder
instanceKlass org/bson/codecs/ObjectIdGenerator
instanceKlass org/bson/codecs/DecoderContext
instanceKlass org/bson/codecs/DocumentCodec$1
instanceKlass org/bson/codecs/IterableCodec$1
instanceKlass org/bson/AbstractBsonReader$1
instanceKlass org/bson/codecs/IterableCodec
instanceKlass org/bson/BsonBinaryReader$1
instanceKlass org/bson/codecs/CodeWithScopeCodec
instanceKlass org/bson/codecs/DocumentCodec
instanceKlass org/bson/io/BsonInputMark
instanceKlass com/mongodb/client/ListCollectionsIterable
instanceKlass com/mongodb/client/AggregateIterable
instanceKlass org/bson/io/ByteBufferBsonInput
instanceKlass com/mongodb/internal/operation/ReadOperation
instanceKlass com/mongodb/internal/operation/WriteOperation
instanceKlass org/bson/AbstractBsonReader$Context
instanceKlass com/mongodb/client/MongoCollection
instanceKlass com/mongodb/client/internal/MongoDatabaseImpl
instanceKlass org/bson/BsonReaderMark
instanceKlass com/dbschema/mongo/mongosh/MongoshScriptEngine
instanceKlass org/bson/AbstractBsonReader
instanceKlass com/oracle/truffle/object/DynamicObjectLibraryImpl$CacheData
instanceKlass org/bson/io/BsonInput
instanceKlass org/bson/json/StrictCharacterStreamJsonWriter$StrictJsonContext
instanceKlass org/bson/json/StrictCharacterStreamJsonWriterSettings$Builder
instanceKlass org/bson/json/StrictCharacterStreamJsonWriterSettings
instanceKlass com/mongodb/internal/connection/ProtocolHelper
instanceKlass org/bson/json/StrictCharacterStreamJsonWriter
instanceKlass com/oracle/truffle/object/TransitionMap
instanceKlass org/bson/json/StrictJsonWriter
instanceKlass com/mongodb/internal/connection/ReplyHeader
instanceKlass com/mongodb/internal/connection/ResponseBuffers
instanceKlass com/oracle/truffle/object/DynamicObjectSupport
instanceKlass org/bson/json/JsonJavaScriptConverter
instanceKlass com/oracle/truffle/object/Flags
instanceKlass com/mongodb/internal/connection/MessageHeader
instanceKlass org/bson/json/JsonWriterSettings$Builder
instanceKlass org/bson/json/ShellRegularExpressionConverter
instanceKlass org/bson/json/LegacyExtendedJsonRegularExpressionConverter
instanceKlass org/bson/json/ExtendedJsonRegularExpressionConverter
instanceKlass org/bson/json/ShellTimestampConverter
instanceKlass org/bson/json/ExtendedJsonTimestampConverter
instanceKlass com/mongodb/internal/connection/NoOpCommandEventSender
instanceKlass com/mongodb/internal/connection/RequestMessage$EncodingMetadata
instanceKlass org/bson/json/ShellObjectIdConverter
instanceKlass com/mongodb/internal/connection/ByteBufferBsonOutput$BufferPositionPair
instanceKlass org/bson/json/ExtendedJsonObjectIdConverter
instanceKlass org/bson/json/ShellDecimal128Converter
instanceKlass com/mongodb/internal/connection/PowerOfTwoBufferPool$IdleTrackingByteBuffer
instanceKlass com/oracle/truffle/object/DynamicObjectLibraryImplGen
instanceKlass org/bson/json/ExtendedJsonDecimal128Converter
instanceKlass org/bson/json/ShellInt64Converter
instanceKlass com/oracle/truffle/object/DynamicObjectLibraryImpl
instanceKlass org/bson/ByteBufNIO
instanceKlass org/bson/json/RelaxedExtendedJsonInt64Converter
instanceKlass com/mongodb/internal/IgnorableRequestContext
instanceKlass org/bson/json/ExtendedJsonInt64Converter
instanceKlass com/oracle/truffle/js/runtime/builtins/JSFunctionObjectGen
instanceKlass com/mongodb/internal/connection/MessageSettings$Builder
instanceKlass org/bson/json/ShellBinaryConverter
instanceKlass com/mongodb/internal/connection/MessageSettings
instanceKlass com/mongodb/internal/validator/NoOpFieldNameValidator
instanceKlass org/bson/json/LegacyExtendedJsonBinaryConverter
instanceKlass com/oracle/truffle/js/runtime/objects/JSNonProxyObjectGen
instanceKlass com/mongodb/MongoNamespace
instanceKlass org/bson/json/ExtendedJsonBinaryConverter
instanceKlass org/bson/json/ShellDateTimeConverter
instanceKlass com/oracle/truffle/js/runtime/objects/JSObjectGen
instanceKlass org/bson/json/RelaxedExtendedJsonDateTimeConverter
instanceKlass com/mongodb/internal/connection/RequestMessage
instanceKlass org/bson/json/ExtendedJsonDateTimeConverter
instanceKlass org/bson/json/LegacyExtendedJsonDateTimeConverter
instanceKlass org/bson/json/ShellUndefinedConverter
instanceKlass org/bson/json/ExtendedJsonUndefinedConverter
instanceKlass org/bson/json/ShellMaxKeyConverter
instanceKlass com/mongodb/internal/connection/NoOpSessionContext
instanceKlass com/oracle/truffle/js/runtime/objects/JSDynamicObjectGen
instanceKlass org/bson/json/ExtendedJsonMaxKeyConverter
instanceKlass org/bson/json/ShellMinKeyConverter
instanceKlass org/bson/json/ExtendedJsonMinKeyConverter
instanceKlass com/oracle/truffle/js/runtime/Properties
instanceKlass org/bson/json/JsonSymbolConverter
instanceKlass org/bson/json/ExtendedJsonInt32Converter
instanceKlass java/nio/channels/NetworkChannel
instanceKlass org/bson/json/JsonInt32Converter
instanceKlass java/net/SocketImplFactory
instanceKlass org/bson/json/RelaxedExtendedJsonDoubleConverter
instanceKlass org/bson/json/ExtendedJsonDoubleConverter
instanceKlass org/bson/json/JsonDoubleConverter
instanceKlass org/bson/json/JsonBooleanConverter
instanceKlass org/bson/json/JsonStringConverter
instanceKlass org/bson/json/JsonNullConverter
instanceKlass com/mongodb/internal/connection/SocketStreamHelper
instanceKlass org/bson/json/Converter
instanceKlass java/net/InetAddress$CachedAddresses
instanceKlass com/oracle/truffle/api/impl/FrameWithoutBoxing
instanceKlass sun/net/InetAddressCachePolicy$2
instanceKlass sun/net/InetAddressCachePolicy$1
instanceKlass sun/net/InetAddressCachePolicy
instanceKlass com/oracle/truffle/js/runtime/JSArguments
instanceKlass com/mongodb/internal/binding/ClusterAwareReadWriteBinding
instanceKlass com/mongodb/internal/binding/ReadWriteBinding
instanceKlass com/mongodb/internal/binding/WriteBinding
instanceKlass com/mongodb/internal/binding/ReadBinding
instanceKlass com/oracle/truffle/js/runtime/JSFrameUtil
instanceKlass java/net/InetAddress$NameServiceAddresses
instanceKlass java/net/InetAddress$Addresses
instanceKlass com/mongodb/client/internal/MongoClientDelegate$DelegateOperationExecutor
instanceKlass java/util/concurrent/ConcurrentSkipListMap$Iter
instanceKlass com/oracle/truffle/js/runtime/array/DynamicArray$DynamicArrayCache
instanceKlass com/mongodb/internal/connection/SocketStream
instanceKlass com/mongodb/internal/session/ServerSessionPool$Clock
instanceKlass com/mongodb/connection/ConnectionId
instanceKlass com/oracle/truffle/js/runtime/array/dyn/AbstractConstantArray$1
instanceKlass com/mongodb/session/ServerSession
instanceKlass com/mongodb/connection/ConnectionDescription
instanceKlass com/mongodb/internal/session/ServerSessionPool
instanceKlass com/mongodb/internal/connection/InternalStreamConnectionInitializer
instanceKlass org/bson/internal/OverridableUuidRepresentationCodecRegistry
instanceKlass com/mongodb/client/internal/OperationExecutor
instanceKlass com/mongodb/RequestContext
instanceKlass com/mongodb/client/ClientSession
instanceKlass com/mongodb/session/ClientSession
instanceKlass com/mongodb/client/internal/MongoClientDelegate
instanceKlass com/mongodb/event/ClusterDescriptionChangedEvent
instanceKlass com/mongodb/internal/connection/EventHelper
instanceKlass com/mongodb/internal/connection/CommandHelper
instanceKlass com/mongodb/event/ServerOpeningEvent
instanceKlass com/oracle/truffle/js/runtime/array/dyn/AbstractConstantArray$CreateWritableProfileAccess
instanceKlass com/mongodb/connection/AsyncCompletionHandler
instanceKlass com/mongodb/internal/connection/Connection
instanceKlass com/mongodb/internal/connection/AsyncConnection
instanceKlass com/mongodb/internal/binding/ReferenceCounted
instanceKlass com/mongodb/internal/connection/Compressor
instanceKlass com/mongodb/internal/connection/CommandEventSender
instanceKlass com/mongodb/internal/connection/DefaultConnectionFactory
instanceKlass com/mongodb/internal/connection/ProtocolExecutor
instanceKlass com/mongodb/internal/async/SingleResultCallback
instanceKlass com/mongodb/internal/connection/InternalStreamConnection
instanceKlass com/mongodb/internal/connection/InternalConnectionFactory$1
instanceKlass com/mongodb/internal/connection/DefaultServer
instanceKlass com/mongodb/connection/TopologyVersion
instanceKlass com/mongodb/internal/connection/TopologyVersionHelper
instanceKlass com/mongodb/internal/connection/Time
instanceKlass com/mongodb/TagSet
instanceKlass com/oracle/truffle/api/strings/TruffleStringBuilderFactory
instanceKlass com/mongodb/connection/ServerDescription$Builder
instanceKlass com/mongodb/internal/connection/ServerDescriptionHelper
instanceKlass com/oracle/truffle/api/strings/TruffleStringBuilder
instanceKlass com/mongodb/internal/connection/DefaultSdamServerDescriptionManager
instanceKlass com/oracle/truffle/js/runtime/builtins/JSFunctionData$1
instanceKlass com/mongodb/internal/connection/DefaultConnectionPool$1
instanceKlass java/util/concurrent/locks/StampedLock$ReadWriteLockView
instanceKlass com/mongodb/internal/connection/DefaultConnectionPool$StateAndGeneration
instanceKlass com/oracle/truffle/js/nodes/function/JSBuiltin
instanceKlass com/oracle/truffle/js/runtime/builtins/Builtin
instanceKlass java/util/concurrent/locks/StampedLock$WriteLockView
instanceKlass java/util/concurrent/locks/StampedLock
instanceKlass com/mongodb/internal/connection/DefaultConnectionPool$AsyncWorkManager
instanceKlass com/oracle/truffle/js/builtins/JSBuiltinsContainer$SwitchEnum$1FactoryImpl
instanceKlass com/mongodb/internal/connection/DefaultConnectionPool$OpenConcurrencyLimiter
instanceKlass com/oracle/truffle/js/runtime/builtins/BuiltinEnum
instanceKlass com/mongodb/event/ConnectionPoolOpenedEvent
instanceKlass com/oracle/truffle/js/nodes/function/BuiltinNodeFactory
instanceKlass com/mongodb/event/ConnectionPoolCreatedEvent
instanceKlass com/mongodb/internal/connection/DefaultConnectionPool$BackgroundMaintenanceManager
instanceKlass com/oracle/truffle/js/runtime/util/SimpleArrayList
instanceKlass com/mongodb/internal/connection/ConcurrentPool$StateAndPermits
instanceKlass com/oracle/truffle/js/runtime/objects/Undefined
instanceKlass com/mongodb/internal/connection/ConcurrentPool
instanceKlass com/mongodb/internal/connection/Pool
instanceKlass com/mongodb/internal/connection/DefaultConnectionPool$UsageTrackingInternalConnectionItemFactory
instanceKlass com/mongodb/internal/connection/DefaultConnectionPool$ServiceStateManager
instanceKlass java/util/concurrent/atomic/Striped64$1
instanceKlass com/mongodb/internal/connection/DefaultConnectionPool$PinnedStatsManager
instanceKlass com/mongodb/internal/connection/ConcurrentPool$ItemFactory
instanceKlass com/mongodb/internal/connection/DefaultConnectionPool
instanceKlass com/mongodb/internal/connection/DefaultServerMonitor$RoundTripTimeRunnable
instanceKlass com/mongodb/internal/session/SessionContext
instanceKlass com/mongodb/internal/connection/DefaultServerMonitor$ServerMonitorRunnable
instanceKlass com/mongodb/internal/connection/ExponentiallyWeightedMovingAverage
instanceKlass com/oracle/truffle/js/builtins/JSBuiltinsContainer
instanceKlass org/bson/codecs/EncoderContext$Builder
instanceKlass org/bson/codecs/EncoderContext
instanceKlass org/bson/NoOpFieldNameValidator
instanceKlass org/bson/BsonBinaryWriterSettings
instanceKlass org/bson/BsonWriterSettings
instanceKlass com/oracle/truffle/js/runtime/builtins/temporal/TemporalDay
instanceKlass com/oracle/truffle/js/runtime/builtins/temporal/TemporalYear
instanceKlass com/oracle/truffle/js/runtime/builtins/temporal/TemporalMonth
instanceKlass com/oracle/truffle/js/runtime/builtins/temporal/TemporalTime
instanceKlass com/oracle/truffle/js/runtime/builtins/temporal/TemporalCalendar
instanceKlass org/bson/AbstractBsonWriter$Context
instanceKlass org/bson/FieldNameValidator
instanceKlass org/bson/AbstractBsonWriter
instanceKlass org/bson/codecs/BsonArrayCodec
instanceKlass org/bson/internal/LazyCodec
instanceKlass org/bson/codecs/BsonJavaScriptWithScopeCodec
instanceKlass org/bson/internal/ChildCodecRegistry
instanceKlass org/bson/codecs/BsonTypeCodecMap
instanceKlass org/bson/codecs/BsonDocumentCodec
instanceKlass org/bson/BsonDocument$1
instanceKlass org/bson/BsonReader
instanceKlass org/bson/io/BsonOutput
instanceKlass com/mongodb/internal/connection/ClientMetadataHelper
instanceKlass com/mongodb/internal/connection/InternalConnection
instanceKlass com/mongodb/internal/connection/InternalConnectionInitializer
instanceKlass com/ibm/icu/util/Calendar
instanceKlass com/oracle/truffle/js/runtime/util/LazyValue
instanceKlass com/mongodb/internal/connection/SpeculativeAuthenticator
instanceKlass com/mongodb/internal/connection/Authenticator
instanceKlass com/mongodb/internal/connection/ConnectionGenerationSupplier
instanceKlass com/ibm/icu/text/FormattedValue
instanceKlass com/mongodb/internal/connection/InternalStreamConnectionFactory
instanceKlass com/ibm/icu/util/MeasureUnit
instanceKlass com/mongodb/internal/connection/DefaultServerMonitor
instanceKlass com/mongodb/internal/inject/SameObjectProvider
instanceKlass com/mongodb/connection/ServerId
instanceKlass com/ibm/icu/number/Notation
instanceKlass com/mongodb/internal/connection/ClusterDescriptionHelper
instanceKlass com/mongodb/connection/ServerDescription
instanceKlass com/mongodb/internal/connection/ClusterDescriptionHelper$Predicate
instanceKlass com/mongodb/connection/ClusterDescription
instanceKlass com/mongodb/event/ClusterOpeningEvent
instanceKlass com/mongodb/internal/connection/ClusterClock
instanceKlass java/util/concurrent/CountDownLatch
instanceKlass com/mongodb/selector/ServerSelector
instanceKlass com/mongodb/internal/connection/BaseCluster
instanceKlass com/mongodb/internal/connection/MongoCredentialWithCache$Cache
instanceKlass com/mongodb/internal/connection/MongoCredentialWithCache
instanceKlass com/mongodb/internal/connection/ClusterableServer
instanceKlass com/mongodb/internal/connection/Server
instanceKlass com/mongodb/internal/connection/ConnectionFactory
instanceKlass com/mongodb/internal/connection/SdamServerDescriptionManager
instanceKlass com/mongodb/internal/connection/ServerMonitor
instanceKlass com/mongodb/internal/connection/ConnectionPool
instanceKlass com/mongodb/internal/connection/InternalConnectionFactory
instanceKlass com/mongodb/internal/inject/Provider
instanceKlass com/mongodb/internal/inject/OptionalProvider
instanceKlass com/mongodb/internal/connection/DefaultClusterableServerFactory
instanceKlass com/mongodb/internal/connection/DnsSrvRecordMonitor
instanceKlass com/mongodb/internal/dns/DnsResolver
instanceKlass com/mongodb/internal/connection/DefaultDnsSrvRecordMonitorFactory
instanceKlass sun/util/calendar/CalendarSystem$GregorianHolder
instanceKlass sun/util/calendar/CalendarSystem
instanceKlass com/mongodb/connection/ClusterId
instanceKlass com/mongodb/internal/event/EventListenerHelper$4
instanceKlass com/mongodb/internal/event/EventListenerHelper$3
instanceKlass com/mongodb/internal/event/EventListenerHelper$2
instanceKlass com/mongodb/internal/event/EventListenerHelper$1
instanceKlass com/mongodb/event/ConnectionPoolListener
instanceKlass com/mongodb/event/ServerMonitorListener
instanceKlass com/mongodb/event/ServerListener
instanceKlass com/mongodb/event/ClusterListener
instanceKlass java/util/EventListener
instanceKlass com/mongodb/event/CommandListener
instanceKlass com/mongodb/internal/event/EventListenerHelper
instanceKlass java/util/concurrent/Executors$DelegatedExecutorService
instanceKlass com/mongodb/internal/thread/DaemonThreadFactory
instanceKlass java/util/concurrent/ConcurrentLinkedDeque$Node
instanceKlass com/mongodb/internal/connection/PowerOfTwoBufferPool$BufferPool
instanceKlass org/bson/ByteBuf
instanceKlass com/mongodb/internal/connection/PowerOfTwoBufferPool
instanceKlass javax/net/SocketFactory
instanceKlass com/mongodb/connection/Stream
instanceKlass com/mongodb/connection/BufferProvider
instanceKlass com/mongodb/connection/SocketStreamFactory
instanceKlass com/mongodb/internal/connection/InternalConnectionPoolSettings$Builder
instanceKlass com/mongodb/internal/connection/InternalConnectionPoolSettings
instanceKlass com/mongodb/internal/connection/Cluster
instanceKlass com/mongodb/internal/connection/ClusterableServerFactory
instanceKlass com/mongodb/internal/connection/DnsSrvRecordMonitorFactory
instanceKlass com/mongodb/internal/connection/DefaultClusterFactory
instanceKlass com/mongodb/connection/StreamFactory
instanceKlass com/mongodb/client/ChangeStreamIterable
instanceKlass com/mongodb/Function
instanceKlass com/oracle/truffle/js/runtime/array/ScriptArray$1
instanceKlass com/mongodb/client/ListDatabasesIterable
instanceKlass com/mongodb/client/MongoIterable
instanceKlass com/mongodb/client/MongoDatabase
instanceKlass com/oracle/truffle/js/runtime/array/ScriptArray$SetLengthProfileAccess
instanceKlass com/oracle/truffle/js/runtime/array/ScriptArray$ProfileAccess
instanceKlass com/mongodb/client/internal/MongoClientImpl
instanceKlass com/mongodb/MongoDriverInformation$Builder
instanceKlass com/mongodb/MongoDriverInformation
instanceKlass com/mongodb/client/MongoClient
instanceKlass com/mongodb/client/MongoClients
instanceKlass com/mongodb/Block
instanceKlass com/mongodb/internal/connection/ServerAddressHelper
instanceKlass com/mongodb/connection/SslSettings$Builder
instanceKlass com/mongodb/connection/SslSettings
instanceKlass com/mongodb/connection/ServerSettings$Builder
instanceKlass com/mongodb/connection/ServerSettings
instanceKlass com/mongodb/connection/ConnectionPoolSettings$Builder
instanceKlass com/mongodb/connection/ConnectionPoolSettings
instanceKlass com/oracle/truffle/js/runtime/builtins/JSRegExp$1
instanceKlass com/mongodb/connection/SocketSettings$Builder
instanceKlass com/mongodb/connection/SocketSettings
instanceKlass com/mongodb/ServerAddress
instanceKlass com/mongodb/connection/ClusterSettings$Builder
instanceKlass com/mongodb/connection/ClusterSettings
instanceKlass com/mongodb/ReadConcern
instanceKlass com/mongodb/WriteConcern
instanceKlass com/oracle/truffle/js/runtime/objects/JSObjectUtil
instanceKlass com/mongodb/MongoClientSettings$Builder
instanceKlass org/bson/codecs/record/RecordCodecProvider
instanceKlass com/oracle/truffle/js/runtime/builtins/JSFunctionFactory
instanceKlass com/mongodb/Jep395RecordCodecProvider
instanceKlass org/bson/codecs/EnumCodecProvider
instanceKlass org/bson/codecs/BsonCodecProvider
instanceKlass org/bson/codecs/JsonObjectCodecProvider
instanceKlass com/oracle/truffle/js/runtime/builtins/JSObjectFactory$IntrinsicBuilder
instanceKlass org/bson/codecs/jsr310/DateTimeBasedCodec
instanceKlass org/bson/codecs/jsr310/Jsr310CodecProvider
instanceKlass com/mongodb/client/gridfs/codecs/GridFSFileCodecProvider
instanceKlass com/mongodb/client/model/geojson/codecs/GeoJsonCodecProvider
instanceKlass org/bson/codecs/MapCodecProvider
instanceKlass org/bson/codecs/IterableCodecProvider
instanceKlass com/mongodb/DocumentToDBRefTransformer
instanceKlass org/bson/codecs/DocumentCodecProvider
instanceKlass org/bson/assertions/Assertions
instanceKlass org/bson/internal/CodecCache
instanceKlass org/bson/internal/ProvidersCodecRegistry
instanceKlass org/bson/internal/CycleDetectingCodecRegistry
instanceKlass org/bson/codecs/configuration/CodecRegistry
instanceKlass org/bson/codecs/configuration/CodecRegistries
instanceKlass org/bson/types/BSONTimestamp
instanceKlass org/bson/codecs/IdGenerator
instanceKlass com/mongodb/DBObjectFactory
instanceKlass org/bson/BsonWriter
instanceKlass org/bson/BSONObject
instanceKlass com/mongodb/DBObjectCodec
instanceKlass org/bson/codecs/CollectibleCodec
instanceKlass com/mongodb/DBObjectCodecProvider
instanceKlass com/mongodb/DBRefCodecProvider
instanceKlass org/bson/codecs/BsonUndefinedCodec
instanceKlass com/oracle/truffle/js/nodes/access/GetPrototypeNodeGen$CachedShapeData
instanceKlass org/bson/codecs/BsonTimestampCodec
instanceKlass org/bson/codecs/BsonSymbolCodec
instanceKlass org/bson/codecs/BsonStringCodec
instanceKlass org/bson/codecs/BsonRegularExpressionCodec
instanceKlass org/bson/codecs/BsonObjectIdCodec
instanceKlass com/oracle/truffle/api/nodes/NodeInfo
instanceKlass org/bson/codecs/BsonJavaScriptCodec
instanceKlass org/bson/codecs/BsonMaxKeyCodec
instanceKlass org/bson/codecs/BsonMinKeyCodec
instanceKlass org/bson/codecs/BsonDecimal128Codec
instanceKlass org/bson/codecs/BsonInt64Codec
instanceKlass org/bson/codecs/BsonInt32Codec
instanceKlass org/bson/codecs/BsonDoubleCodec
instanceKlass org/bson/codecs/BsonDBPointerCodec
instanceKlass org/bson/codecs/BsonDateTimeCodec
instanceKlass org/bson/codecs/BsonBooleanCodec
instanceKlass org/bson/codecs/BsonBinaryCodec
instanceKlass org/bson/codecs/BsonNullCodec
instanceKlass org/bson/Document
instanceKlass org/bson/codecs/BsonTypeClassMap
instanceKlass com/oracle/truffle/js/nodes/JSNodeUtil
instanceKlass org/bson/BsonValue
instanceKlass org/bson/codecs/BsonValueCodecProvider
instanceKlass org/bson/codecs/AtomicLongCodec
instanceKlass org/bson/codecs/AtomicIntegerCodec
instanceKlass org/bson/codecs/AtomicBooleanCodec
instanceKlass org/bson/codecs/FloatCodec
instanceKlass org/bson/codecs/ByteArrayCodec
instanceKlass org/bson/codecs/ShortCodec
instanceKlass com/oracle/truffle/js/runtime/objects/JSAttributes
instanceKlass org/bson/codecs/PatternCodec
instanceKlass com/oracle/truffle/js/runtime/Symbol
instanceKlass org/bson/codecs/ByteCodec
instanceKlass java/util/UUID
instanceKlass com/oracle/truffle/js/runtime/builtins/JSObjectFactory
instanceKlass org/bson/codecs/UuidCodec
instanceKlass org/bson/codecs/OverridableUuidRepresentationCodec
instanceKlass org/bson/types/Symbol
instanceKlass org/bson/codecs/SymbolCodec
instanceKlass org/bson/codecs/StringCodec
instanceKlass org/bson/codecs/RepresentationConfigurable
instanceKlass org/bson/codecs/CharacterCodec
instanceKlass org/bson/types/ObjectId
instanceKlass org/bson/codecs/ObjectIdCodec
instanceKlass org/bson/codecs/BigDecimalCodec
instanceKlass org/bson/codecs/Decimal128Codec
instanceKlass org/bson/types/Code
instanceKlass org/bson/codecs/CodeCodec
instanceKlass org/bson/types/MaxKey
instanceKlass com/oracle/truffle/js/runtime/builtins/JSFunctionData$CallTargetInitializer
instanceKlass com/oracle/truffle/js/runtime/builtins/JSFunctionData$Initializer
instanceKlass com/oracle/truffle/js/nodes/FrameDescriptorProvider
instanceKlass org/bson/codecs/MaxKeyCodec
instanceKlass org/bson/types/MinKey
instanceKlass org/bson/codecs/MinKeyCodec
instanceKlass org/bson/codecs/LongCodec
instanceKlass org/bson/codecs/IntegerCodec
instanceKlass org/bson/codecs/DoubleCodec
instanceKlass org/bson/codecs/DateCodec
instanceKlass com/oracle/truffle/js/nodes/control/ResumableNode$WithIntState
instanceKlass org/bson/codecs/BooleanCodec
instanceKlass org/bson/types/Binary
instanceKlass com/oracle/truffle/js/nodes/function/FunctionNameHolder
instanceKlass org/bson/codecs/BinaryCodec
instanceKlass org/bson/codecs/Codec
instanceKlass org/bson/codecs/Decoder
instanceKlass org/bson/codecs/Encoder
instanceKlass org/bson/codecs/ValueCodecProvider
instanceKlass org/bson/codecs/configuration/CodecProvider
instanceKlass org/bson/Transformer
instanceKlass com/oracle/truffle/js/nodes/access/WriteNode
instanceKlass com/oracle/truffle/js/nodes/control/SuspendNode
instanceKlass com/mongodb/MongoClientSettings
instanceKlass com/mongodb/MongoCredential
instanceKlass com/oracle/truffle/api/nodes/RepeatingNode
instanceKlass java/net/URLEncoder
instanceKlass java/net/URLDecoder
instanceKlass com/mongodb/diagnostics/logging/NoOpLogger
instanceKlass com/oracle/truffle/js/runtime/JavaScriptFunctionCallNode
instanceKlass com/mongodb/assertions/Assertions
instanceKlass java/time/LocalTime$1
instanceKlass java/text/DateFormatSymbols
instanceKlass java/time/LocalDate$1
instanceKlass java/time/ZonedDateTime$1
instanceKlass java/util/Calendar
instanceKlass java/util/Formatter$DateTime
instanceKlass java/util/ResourceBundle$3
instanceKlass java/util/ResourceBundle$CacheKeyReference
instanceKlass java/util/ResourceBundle$CacheKey
instanceKlass java/util/logging/Level$RbAccess
instanceKlass java/lang/StackStreamFactory$FrameBuffer
instanceKlass java/lang/StackStreamFactory$1
instanceKlass java/lang/StackStreamFactory
instanceKlass java/util/logging/LogRecord$CallerFinder
instanceKlass java/time/ZonedDateTime
instanceKlass java/time/chrono/ChronoZonedDateTime
instanceKlass java/util/logging/LogManager$CloseOnReset
instanceKlass com/oracle/truffle/js/nodes/ReadNode
instanceKlass com/oracle/truffle/js/nodes/RepeatableNode
instanceKlass com/mongodb/diagnostics/logging/Logger
instanceKlass com/mongodb/diagnostics/logging/Loggers
instanceKlass com/oracle/truffle/js/nodes/NodeFactory
instanceKlass com/mongodb/ReadPreference
instanceKlass com/mongodb/ConnectionString
instanceKlass com/oracle/truffle/object/TriePropertyMap$LinkedPropertyEntry
instanceKlass org/graalvm/collections/EconomicMapImpl$1
instanceKlass com/oracle/truffle/object/CoreLocations$BooleanLocation
instanceKlass com/oracle/truffle/api/object/BooleanLocation
instanceKlass com/oracle/truffle/object/CoreLocations$IntLocation
instanceKlass com/oracle/truffle/api/object/IntLocation
instanceKlass com/oracle/truffle/object/CoreLocations$DoubleLocation
instanceKlass com/oracle/truffle/api/object/DoubleLocation
instanceKlass kotlin/Pair
instanceKlass com/dbschema/mongo/MongoClientWrapper
instanceKlass com/oracle/truffle/object/CoreLocations
instanceKlass org/bson/conversions/Bson
instanceKlass com/oracle/truffle/object/UnsafeAccess
instanceKlass com/dbschema/mongo/MongoService
instanceKlass com/oracle/truffle/api/object/Location
instanceKlass com/dbschema/mongo/MongoDatabaseMetaData
instanceKlass java/sql/PreparedStatement
instanceKlass com/dbschema/mongo/MongoScriptEngine
instanceKlass com/oracle/truffle/polyglot/PolyglotSharingLayer$1
instanceKlass com/dbschema/mongo/MongoConnection
instanceKlass com/oracle/truffle/js/runtime/util/DebugCounter
instanceKlass com/oracle/truffle/js/runtime/objects/JSSharedData
instanceKlass com/oracle/truffle/object/TrieNode
instanceKlass com/oracle/truffle/object/LinkedImmutableMap$LinkedEntry
instanceKlass java/sql/Statement
instanceKlass com/oracle/truffle/object/LinkedImmutableMap
instanceKlass com/intellij/database/remote/jdbc/RemoteResultSet$DataRetrievingOptions
instanceKlass java/sql/ResultSetMetaData
instanceKlass com/intellij/database/remote/jdbc/RemoteCloseable
instanceKlass com/intellij/database/remote/jdbc/ColumnInfo
instanceKlass com/intellij/database/remote/jdbc/RemotePreparedStatement
instanceKlass com/intellij/database/remote/jdbc/RemoteStatement
instanceKlass com/oracle/truffle/object/ObjectStorageOptions
instanceKlass java/sql/DatabaseMetaData
instanceKlass com/oracle/truffle/object/DebugCounter
instanceKlass com/oracle/truffle/object/ShapeImpl$PropertyAssumptions
instanceKlass com/oracle/truffle/object/PropertyMap
instanceKlass com/oracle/truffle/object/ImmutableMap
instanceKlass com/intellij/database/remote/jdbc/helpers/JdbcHelper$Type
instanceKlass com/intellij/database/remote/jdba/jdbc/JdbcConnectionProvider
instanceKlass com/oracle/truffle/api/object/DynamicObject$DynamicField
instanceKlass it/unimi/dsi/fastutil/ints/IntArrays$ArrayHashStrategy
instanceKlass com/oracle/truffle/object/DefaultLayout$LayoutInfo
instanceKlass it/unimi/dsi/fastutil/ints/IntArrays$Segment
instanceKlass it/unimi/dsi/fastutil/ints/IntArrays
instanceKlass com/oracle/truffle/object/Transition
instanceKlass com/oracle/truffle/object/LayoutStrategy
instanceKlass it/unimi/dsi/fastutil/ints/IntListIterator
instanceKlass it/unimi/dsi/fastutil/ints/IntBidirectionalIterator
instanceKlass it/unimi/dsi/fastutil/objects/ObjectBidirectionalIterator
instanceKlass it/unimi/dsi/fastutil/BidirectionalIterator
instanceKlass java/util/function/IntUnaryOperator
instanceKlass com/oracle/truffle/object/DefaultLayout$Key
instanceKlass com/oracle/truffle/object/CoreLocations$LongLocation
instanceKlass com/oracle/truffle/api/object/LongLocation
instanceKlass com/oracle/truffle/object/CoreLocations$ObjectLocation
instanceKlass com/oracle/truffle/api/object/ObjectLocation
instanceKlass it/unimi/dsi/fastutil/ints/IntStack
instanceKlass it/unimi/dsi/fastutil/Stack
instanceKlass com/oracle/truffle/object/CoreLocations$TypedLocation
instanceKlass com/oracle/truffle/api/object/Layout$Access
instanceKlass com/oracle/truffle/object/LocationImpl$LocationVisitor
instanceKlass com/oracle/truffle/api/object/Shape$Allocator
instanceKlass it/unimi/dsi/fastutil/ints/IntSpliterator
instanceKlass it/unimi/dsi/fastutil/ints/IntIterator
instanceKlass com/oracle/truffle/api/object/Property
instanceKlass com/oracle/truffle/object/CoreLayoutFactory
instanceKlass com/intellij/database/remote/jdbc/helpers/JdbcHelperDetection$1
instanceKlass it/unimi/dsi/fastutil/ints/IntSet
instanceKlass it/unimi/dsi/fastutil/ints/IntList
instanceKlass com/oracle/truffle/api/object/LayoutFactory
instanceKlass it/unimi/dsi/fastutil/ints/IntCollection
instanceKlass it/unimi/dsi/fastutil/ints/IntIterable
instanceKlass com/oracle/truffle/api/object/Layout
instanceKlass com/intellij/database/remote/jdbc/helpers/JdbcHelperDetection$CompleteOrderBuilder
instanceKlass com/oracle/truffle/js/runtime/builtins/JSAbstractArray$DefaultJSArrayDoubleComparator
instanceKlass com/oracle/truffle/js/runtime/builtins/JSAbstractArray$DefaultJSArrayIntegerComparator
instanceKlass com/oracle/truffle/js/runtime/builtins/JSAbstractArray$DefaultJSArrayComparator
instanceKlass com/oracle/truffle/js/runtime/util/CompilableBiFunction
instanceKlass it/unimi/dsi/fastutil/objects/ObjectOpenCustomHashSet$SetIterator
instanceKlass java/lang/StrictMath
instanceKlass com/oracle/truffle/api/object/ObjectType
instanceKlass it/unimi/dsi/fastutil/HashCommon
instanceKlass com/oracle/truffle/api/object/Shape$AbstractBuilder
instanceKlass com/intellij/database/remote/jdbc/helpers/PgBaseJdbcHelper$EnglishCaseInsensitiveStringHashingStrategy
instanceKlass it/unimi/dsi/fastutil/objects/ObjectSpliterator
instanceKlass com/oracle/truffle/js/runtime/objects/JSShape
instanceKlass it/unimi/dsi/fastutil/objects/ObjectIterator
instanceKlass com/oracle/truffle/js/runtime/objects/Null
instanceKlass it/unimi/dsi/fastutil/objects/ObjectSet
instanceKlass it/unimi/dsi/fastutil/objects/ObjectCollection
instanceKlass it/unimi/dsi/fastutil/objects/ObjectIterable
instanceKlass com/oracle/truffle/api/source/SourceImpl$SourceId
instanceKlass it/unimi/dsi/fastutil/Hash
instanceKlass com/oracle/truffle/api/source/InternedSources
instanceKlass org/graalvm/polyglot/io/ByteArraySequence
instanceKlass it/unimi/dsi/fastutil/Hash$Strategy
instanceKlass com/oracle/truffle/api/source/SourceImpl$Key
instanceKlass org/graalvm/polyglot/io/ByteSequence
instanceKlass com/oracle/truffle/api/source/Source
instanceKlass com/intellij/openapi/util/Pair
instanceKlass com/intellij/database/remote/jdbc/helpers/JdbcHelperImpl$PropertyReplacement
instanceKlass com/oracle/truffle/api/frame/FrameDescriptor$Builder
instanceKlass com/oracle/truffle/js/runtime/objects/JSPrototypeData
instanceKlass com/oracle/truffle/js/runtime/builtins/JSFunctionData
instanceKlass com/oracle/truffle/js/runtime/PromiseRejectionTracker
instanceKlass com/intellij/database/remote/jdbc/helpers/JdbcHelperImpl$6
instanceKlass java/time/temporal/TemporalQueries$7
instanceKlass java/time/temporal/TemporalQueries$6
instanceKlass java/time/temporal/TemporalQueries$5
instanceKlass java/time/temporal/TemporalQueries$4
instanceKlass java/time/temporal/TemporalQueries$3
instanceKlass java/time/temporal/TemporalQueries$2
instanceKlass java/time/temporal/TemporalQueries$1
instanceKlass java/time/temporal/TemporalQueries
instanceKlass com/intellij/database/remote/jdbc/helpers/JdbcHelperImpl$5
instanceKlass com/intellij/database/remote/jdbc/helpers/JdbcHelperImpl$4
instanceKlass com/intellij/database/remote/jdbc/helpers/JdbcHelperImpl$3
instanceKlass java/time/Period
instanceKlass java/time/chrono/ChronoPeriod
instanceKlass java/time/format/DateTimeFormatterBuilder$TextPrinterParser
instanceKlass java/time/format/DateTimeTextProvider$1
instanceKlass java/time/format/DateTimeTextProvider
instanceKlass java/util/AbstractMap$SimpleImmutableEntry
instanceKlass java/time/format/DateTimeTextProvider$LocaleStore
instanceKlass java/time/format/DateTimeFormatterBuilder$InstantPrinterParser
instanceKlass java/time/format/DateTimeFormatterBuilder$StringLiteralPrinterParser
instanceKlass java/time/format/DateTimeFormatterBuilder$ZoneIdPrinterParser
instanceKlass java/time/format/DateTimeFormatterBuilder$OffsetIdPrinterParser
instanceKlass java/time/format/DecimalStyle
instanceKlass java/time/chrono/AbstractChronology
instanceKlass java/time/chrono/Chronology
instanceKlass java/time/format/DateTimeFormatter
instanceKlass java/time/format/DateTimeFormatterBuilder$CompositePrinterParser
instanceKlass java/time/format/DateTimeFormatterBuilder$CharLiteralPrinterParser
instanceKlass java/time/format/DateTimeFormatterBuilder$NumberPrinterParser
instanceKlass java/time/format/DateTimeFormatterBuilder$DateTimePrinterParser
instanceKlass java/time/temporal/JulianFields
instanceKlass java/time/temporal/IsoFields
instanceKlass java/time/temporal/ValueRange
instanceKlass java/time/temporal/TemporalQuery
instanceKlass java/time/format/DateTimeFormatterBuilder
instanceKlass java/time/temporal/TemporalField
instanceKlass com/intellij/database/remote/jdbc/helpers/JdbcHelperImpl$2
instanceKlass java/util/Date
instanceKlass com/intellij/database/remote/jdba/jdbc/JdbcIntermediateFacade
instanceKlass com/intellij/database/remote/jdba/intermediate/PrimeIntermediateFacade
instanceKlass com/intellij/database/remote/jdba/core/ImplementationAccessibleService
instanceKlass com/oracle/truffle/js/runtime/builtins/JSConstructorFactory$Default$WithSpecies
instanceKlass com/intellij/database/remote/jdba/intermediate/DBExceptionRecognizer
instanceKlass com/intellij/database/remote/jdbc/helpers/JdbcHelperImpl$TemporalGetter
instanceKlass java/sql/Clob
instanceKlass java/sql/Blob
instanceKlass com/intellij/database/remote/jdbc/helpers/JdbcHelperImpl
instanceKlass com/intellij/database/remote/jdbc/helpers/JdbcHelper
instanceKlass com/oracle/truffle/js/runtime/builtins/JSConstructorFactory$Default
instanceKlass com/intellij/database/remote/jdbc/helpers/JdbcHelperDetection
instanceKlass com/intellij/database/remote/jdbc/TypedKey
instanceKlass com/intellij/database/remote/jdbc/helpers/JdbcSettings
instanceKlass java/util/HashMap$UnsafeHolder
instanceKlass com/oracle/truffle/js/runtime/builtins/JSConstructorFactory$WithFunctionsAndSpecies
instanceKlass com/oracle/truffle/js/runtime/builtins/JSConstructorFactory$WithFunctions
instanceKlass com/oracle/truffle/js/runtime/builtins/JSConstructorFactory
instanceKlass com/oracle/truffle/js/runtime/builtins/PrototypeSupplier
instanceKlass com/oracle/truffle/js/runtime/builtins/JSClass
instanceKlass java/awt/Desktop$DesktopActions
instanceKlass java/lang/invoke/DirectMethodHandle$1
instanceKlass com/oracle/truffle/js/runtime/JSAgent
instanceKlass com/intellij/database/remote/toolkit/JbrApiHandler$1
instanceKlass sun/rmi/transport/DGCClient$EndpointEntry$1
instanceKlass sun/rmi/transport/tcp/TCPChannel$1
instanceKlass com/oracle/truffle/js/runtime/JSContext
instanceKlass java/lang/invoke/MethodHandle$1
instanceKlass sun/net/spi/DefaultProxySelector$3
instanceKlass sun/net/spi/DefaultProxySelector$NonProxyInfo
instanceKlass sun/net/spi/DefaultProxySelector$1
instanceKlass java/net/Proxy
instanceKlass java/net/ProxySelector
instanceKlass java/lang/StringUTF16$CharsSpliterator
instanceKlass java/net/SocksSocketImpl$3
instanceKlass java/util/stream/Sink$ChainedInt
instanceKlass java/net/SocksConsts
instanceKlass sun/rmi/transport/DGCClient$EndpointEntry$RefEntry
instanceKlass java/util/OptionalInt
instanceKlass java/util/stream/Sink$OfInt
instanceKlass java/util/function/IntConsumer
instanceKlass sun/rmi/transport/DGCClient$EndpointEntry$RenewCleanThread
instanceKlass sun/rmi/transport/DGCClient$EndpointEntry
instanceKlass java/util/function/IntPredicate
instanceKlass sun/rmi/transport/DGCClient
instanceKlass java/util/stream/IntStream
instanceKlass java/lang/StringLatin1$CharsSpliterator
instanceKlass java/io/ObjectInputStream$Caches
instanceKlass jdk/internal/util/random/RandomSupport
instanceKlass sun/util/resources/Bundles$2
instanceKlass sun/util/resources/Bundles$CacheKeyReference
instanceKlass java/util/ResourceBundle$ResourceBundleProviderHelper
instanceKlass java/io/ObjectStreamClass$5
instanceKlass java/io/ObjectStreamClass$4
instanceKlass java/io/ObjectStreamClass$3
instanceKlass java/io/ObjectStreamClass$MemberSignature
instanceKlass sun/util/resources/LocaleData$LocaleDataResourceBundleProvider
instanceKlass java/util/spi/ResourceBundleProvider
instanceKlass java/io/ObjectStreamClass$1
instanceKlass sun/util/resources/Bundles$CacheKey
instanceKlass sun/rmi/transport/SequenceEntry
instanceKlass java/util/ResourceBundle$1
instanceKlass sun/rmi/transport/DGCImpl$1
instanceKlass jdk/internal/access/JavaUtilResourceBundleAccess
instanceKlass sun/rmi/transport/DGCImpl$LeaseInfo
instanceKlass sun/util/resources/Bundles
instanceKlass java/util/concurrent/locks/AbstractQueuedSynchronizer$Node
instanceKlass java/rmi/dgc/VMID
instanceKlass java/rmi/dgc/Lease
instanceKlass sun/util/resources/LocaleData$LocaleDataStrategy
instanceKlass sun/util/resources/Bundles$Strategy
instanceKlass sun/util/resources/LocaleData$1
instanceKlass java/util/ResourceBundle
instanceKlass java/io/ObjectInputStream$GetField
instanceKlass java/util/ResourceBundle$Control
instanceKlass sun/util/resources/LocaleData
instanceKlass java/io/ObjectStreamClass$ExceptionInfo
instanceKlass sun/util/locale/provider/LocaleResources
instanceKlass java/time/temporal/TemporalUnit
instanceKlass java/io/ObjectInputStream$Logging
instanceKlass java/util/concurrent/TimeUnit$1
instanceKlass java/io/ObjectInputStream$FilterValues
instanceKlass java/util/Locale$Builder
instanceKlass sun/util/locale/provider/CalendarDataUtility
instanceKlass java/util/concurrent/Executors$RunnableAdapter
instanceKlass sun/util/locale/provider/AvailableLanguageTags
instanceKlass sun/rmi/transport/DGCAckHandler$1
instanceKlass sun/util/resources/cldr/provider/CLDRLocaleDataMetaInfo
instanceKlass sun/rmi/transport/DGCAckHandler
instanceKlass java/io/SerialCallbackContext
instanceKlass java/io/ObjectStreamClass$ClassDataSlot
instanceKlass sun/util/locale/InternalLocaleBuilder$CaseInsensitiveChar
instanceKlass sun/util/locale/InternalLocaleBuilder
instanceKlass sun/util/locale/StringTokenIterator
instanceKlass sun/util/locale/ParseStatus
instanceKlass sun/util/locale/LanguageTag
instanceKlass sun/util/cldr/CLDRBaseLocaleDataMetaInfo
instanceKlass sun/util/locale/provider/LocaleDataMetaInfo
instanceKlass sun/rmi/server/LoaderHandler
instanceKlass java/rmi/server/RMIClassLoader$1
instanceKlass java/rmi/server/RMIClassLoaderSpi
instanceKlass java/rmi/server/RMIClassLoader
instanceKlass sun/util/locale/provider/ResourceBundleBasedAdapter
instanceKlass sun/util/locale/provider/LocaleProviderAdapter$1
instanceKlass sun/util/locale/provider/LocaleProviderAdapter
instanceKlass java/io/ObjectStreamClass$FieldReflector
instanceKlass java/io/ObjectStreamClass$FieldReflectorKey
instanceKlass java/util/spi/LocaleServiceProvider
instanceKlass java/text/DecimalFormatSymbols
instanceKlass java/util/stream/ReduceOps$Box
instanceKlass java/util/stream/ReduceOps$AccumulatingSink
instanceKlass java/util/stream/ReduceOps$ReduceOp
instanceKlass java/util/stream/ReduceOps
instanceKlass java/util/stream/Collectors$CollectorImpl
instanceKlass java/util/stream/Collector
instanceKlass com/oracle/truffle/api/utilities/CyclicAssumption
instanceKlass java/util/stream/Collectors
instanceKlass com/oracle/truffle/js/runtime/JSParserOptions
instanceKlass com/oracle/truffle/js/runtime/objects/ScriptOrModule
instanceKlass java/io/ObjectStreamClass$2
instanceKlass java/io/ClassCache
instanceKlass java/io/ObjectStreamClass$Caches
instanceKlass java/io/ObjectStreamClass
instanceKlass com/oracle/truffle/js/parser/env/Environment
instanceKlass sun/rmi/server/MarshalOutputStream$1
instanceKlass java/io/ObjectOutputStream$ReplaceTable
instanceKlass java/io/ObjectOutputStream$HandleTable
instanceKlass java/io/ObjectOutput
instanceKlass com/oracle/truffle/js/parser/GraalJSEvaluator
instanceKlass com/oracle/truffle/js/parser/JSParser
instanceKlass sun/rmi/transport/Transport$1
instanceKlass java/io/Bits
instanceKlass jdk/internal/access/JavaObjectInputFilterAccess
instanceKlass java/io/ObjectInputFilter$Config$BuiltinFilterFactory
instanceKlass java/util/function/BinaryOperator
instanceKlass com/oracle/truffle/js/runtime/Evaluator
instanceKlass com/oracle/truffle/js/runtime/JSEngine
instanceKlass java/util/Collections$UnmodifiableMap$UnmodifiableEntrySet$UnmodifiableEntry
instanceKlass java/util/Collections$UnmodifiableMap$UnmodifiableEntrySet$1
instanceKlass jdk/internal/logger/LoggerFinderLoader
instanceKlass org/graalvm/collections/EconomicMapImpl$SparseMapIterator
instanceKlass jdk/internal/logger/LazyLoggers$LazyLoggerFactories
instanceKlass jdk/internal/logger/LazyLoggers$1
instanceKlass jdk/internal/logger/LazyLoggers
instanceKlass com/oracle/truffle/polyglot/PolyglotEngineImpl$1
instanceKlass java/io/ObjectInputFilter$Config
instanceKlass java/io/ObjectInputStream$ValidationList
instanceKlass com/oracle/truffle/polyglot/PolyglotContextConfig$PreinitConfig
instanceKlass java/io/ObjectInputStream$HandleTable$HandleList
instanceKlass java/io/ObjectInputStream$HandleTable
instanceKlass com/oracle/truffle/polyglot/PolyglotSourceCache$Cache
instanceKlass com/oracle/truffle/polyglot/PolyglotSourceCache
instanceKlass jdk/internal/access/JavaObjectInputStreamReadString
instanceKlass com/oracle/truffle/polyglot/PolyglotSharingLayer$Shared
instanceKlass jdk/internal/access/JavaObjectInputStreamAccess
instanceKlass java/io/ObjectStreamConstants
instanceKlass java/io/ObjectInput
instanceKlass sun/rmi/transport/StreamRemoteCall
instanceKlass java/rmi/server/RemoteCall
instanceKlass sun/rmi/transport/tcp/TCPConnection
instanceKlass sun/rmi/transport/Connection
instanceKlass com/oracle/truffle/regex/charset/Constants
instanceKlass sun/rmi/transport/tcp/TCPChannel
instanceKlass sun/rmi/transport/Channel
instanceKlass com/oracle/truffle/regex/tregex/parser/JSRegexParser$1
instanceKlass sun/nio/ch/ExtendedSocketOption$1
instanceKlass sun/nio/ch/ExtendedSocketOption
instanceKlass sun/nio/ch/OptionKey
instanceKlass sun/nio/ch/SocketOptionRegistry$LazyInitialization
instanceKlass sun/nio/ch/SocketOptionRegistry$RegistryKey
instanceKlass sun/nio/ch/SocketOptionRegistry
instanceKlass java/net/StandardSocketOptions$StdSocketOption
instanceKlass java/net/StandardSocketOptions
instanceKlass sun/rmi/transport/tcp/TCPTransport$ConnectionHandler
instanceKlass com/oracle/truffle/regex/tregex/parser/ast/visitors/RegexASTVisitor
instanceKlass com/oracle/truffle/regex/tregex/automaton/SimpleStateIndex
instanceKlass com/oracle/truffle/regex/tregex/parser/RegexProperties
instanceKlass com/oracle/truffle/regex/tregex/parser/Counter
instanceKlass com/oracle/truffle/regex/tregex/parser/ast/RegexAST
instanceKlass com/oracle/truffle/regex/tregex/automaton/StateIndex
instanceKlass com/oracle/truffle/regex/tregex/parser/RegexASTBuilder
instanceKlass com/oracle/truffle/regex/tregex/buffer/AbstractArrayBuffer
instanceKlass com/oracle/truffle/regex/charset/CodePointSetAccumulator
instanceKlass com/oracle/truffle/regex/charset/UnicodeGeneralCategories
instanceKlass jdk/internal/reflect/ClassDefiner$1
instanceKlass jdk/internal/reflect/ClassDefiner
instanceKlass jdk/internal/reflect/MethodAccessorGenerator$1
instanceKlass jdk/internal/reflect/Label$PatchInfo
instanceKlass jdk/internal/reflect/Label
instanceKlass com/oracle/truffle/regex/charset/UnicodePropertyData
instanceKlass jdk/internal/reflect/UTF8
instanceKlass jdk/internal/reflect/ClassFileAssembler
instanceKlass jdk/internal/reflect/ByteVectorImpl
instanceKlass jdk/internal/reflect/ByteVector
instanceKlass jdk/internal/reflect/ByteVectorFactory
instanceKlass jdk/internal/reflect/AccessorGenerator
instanceKlass jdk/internal/reflect/ClassFileConstants
instanceKlass sun/rmi/transport/GC$Daemon$1
instanceKlass sun/rmi/transport/GC$Daemon
instanceKlass sun/rmi/transport/GC$LatencyRequest
instanceKlass com/oracle/truffle/regex/charset/UnicodeProperties
instanceKlass sun/rmi/transport/GC$1
instanceKlass sun/rmi/transport/GC$LatencyLock
instanceKlass sun/rmi/transport/GC
instanceKlass sun/rmi/transport/ObjectTable$Reaper
instanceKlass java/util/LinkedList$ListItr
instanceKlass com/oracle/truffle/regex/tregex/parser/Token
instanceKlass com/oracle/truffle/regex/tregex/parser/RegexLexer
instanceKlass com/oracle/truffle/regex/tregex/buffer/CompilationBuffer
instanceKlass sun/rmi/server/Util$1
instanceKlass java/sql/DriverPropertyInfo
instanceKlass com/intellij/database/remote/jdbc/RemoteConnection
instanceKlass com/oracle/truffle/regex/tregex/nodes/dfa/Matchers
instanceKlass com/oracle/truffle/regex/tregex/string/AbstractString
instanceKlass com/oracle/truffle/regex/tregex/nodes/dfa/DFAStateNode$IndexOfCall
instanceKlass com/oracle/truffle/regex/tregex/string/AbstractStringBuffer
instanceKlass sun/rmi/server/UnicastServerRef$HashToMethod_Maps$1
instanceKlass com/oracle/truffle/regex/util/EmptyArrays
instanceKlass java/net/Socket
instanceKlass com/oracle/truffle/regex/charset/ImmutableSortedListOfRanges$1
instanceKlass com/oracle/truffle/regex/charset/SortedListOfRanges$1
instanceKlass sun/rmi/server/WeakClassHashMap$ValueCell
instanceKlass com/oracle/truffle/regex/charset/RangesBuffer
instanceKlass com/oracle/truffle/regex/charset/ImmutableSortedListOfIntRanges
instanceKlass com/oracle/truffle/regex/charset/ImmutableSortedListOfRanges
instanceKlass com/oracle/truffle/regex/charset/SortedListOfRanges
instanceKlass com/oracle/truffle/regex/chardata/CharacterSet
instanceKlass sun/rmi/transport/tcp/TCPTransport$AcceptLoop
instanceKlass sun/rmi/runtime/NewThreadAction$2
instanceKlass sun/rmi/runtime/NewThreadAction$1
instanceKlass sun/rmi/runtime/NewThreadAction
instanceKlass sun/net/NetHooks
instanceKlass jdk/net/ExtendedSocketOptions$PlatformSocketOptions$1
instanceKlass jdk/net/ExtendedSocketOptions$PlatformSocketOptions
instanceKlass jdk/net/ExtendedSocketOptions$ExtSocketOption
instanceKlass java/net/SocketOption
instanceKlass jdk/net/ExtendedSocketOptions
instanceKlass sun/net/ext/ExtendedSocketOptions
instanceKlass sun/nio/ch/Net$1
instanceKlass java/net/ProtocolFamily
instanceKlass sun/nio/ch/Net
instanceKlass com/oracle/truffle/regex/tregex/string/Encodings$Encoding
instanceKlass com/oracle/truffle/regex/tregex/string/Encodings
instanceKlass java/net/InetSocketAddress$InetSocketAddressHolder
instanceKlass java/net/SocketAddress
instanceKlass com/oracle/truffle/regex/tregex/parser/RegexValidator
instanceKlass com/oracle/truffle/regex/tregex/parser/flavors/RegexFlavor
instanceKlass sun/net/PlatformSocketImpl
instanceKlass com/oracle/truffle/regex/RegexOptions
instanceKlass com/oracle/truffle/regex/RegexSource
instanceKlass sun/net/NetProperties$1
instanceKlass sun/net/NetProperties
instanceKlass com/oracle/truffle/regex/AbstractRegexObject
instanceKlass java/net/SocketImpl
instanceKlass java/net/SocketOptions
instanceKlass java/net/ServerSocket
instanceKlass com/oracle/truffle/regex/tregex/parser/JSRegexParser
instanceKlass com/oracle/truffle/regex/tregex/parser/RegexParser
instanceKlass sun/rmi/transport/ObjectEndpoint
instanceKlass sun/rmi/transport/DGCImpl$2$1
instanceKlass java/net/SocketPermissionCollection$1
instanceKlass com/oracle/truffle/regex/tregex/parser/RegexParserGlobals
instanceKlass sun/rmi/transport/DGCImpl_Skel
instanceKlass java/util/PrimitiveIterator$OfInt
instanceKlass java/util/PrimitiveIterator
instanceKlass com/oracle/truffle/regex/util/BitSets
instanceKlass sun/rmi/transport/DGCImpl$2
instanceKlass com/oracle/truffle/regex/util/TBitSet
instanceKlass java/util/concurrent/RunnableScheduledFuture
instanceKlass java/util/concurrent/ScheduledFuture
instanceKlass java/util/concurrent/Delayed
instanceKlass com/oracle/truffle/regex/tregex/automaton/AbstractState
instanceKlass sun/rmi/runtime/RuntimeUtil$1
instanceKlass java/util/concurrent/ScheduledExecutorService
instanceKlass com/oracle/truffle/regex/tregex/parser/ast/visitors/RegexASTVisitorIterable
instanceKlass com/oracle/truffle/regex/tregex/parser/ast/RegexASTNode
instanceKlass sun/rmi/runtime/RuntimeUtil
instanceKlass sun/rmi/runtime/RuntimeUtil$GetInstanceAction
instanceKlass com/oracle/truffle/regex/tregex/util/json/JsonValue
instanceKlass com/oracle/truffle/regex/tregex/parser/ast/GroupBoundaries
instanceKlass com/oracle/truffle/regex/tregex/util/json/JsonConvertible
instanceKlass sun/rmi/transport/DGCImpl
instanceKlass java/rmi/dgc/DGC
instanceKlass com/oracle/truffle/api/instrumentation/InstrumentableNode
instanceKlass sun/rmi/transport/ObjectTable
instanceKlass sun/rmi/transport/Target
instanceKlass sun/rmi/registry/RegistryImpl_Skel
instanceKlass java/rmi/server/Skeleton
instanceKlass com/oracle/truffle/js/nodes/control/ResumableNode$WithObjectState
instanceKlass java/rmi/server/Operation
instanceKlass com/oracle/truffle/js/nodes/control/ResumableNode
instanceKlass java/io/ObjectInputFilter$FilterInfo
instanceKlass java/util/LinkedList$Node
instanceKlass com/oracle/truffle/api/dsl/Introspection$Provider
instanceKlass com/oracle/truffle/api/TruffleStackTraceElement
instanceKlass sun/rmi/transport/tcp/TCPTransport$1
instanceKlass java/util/concurrent/SynchronousQueue$TransferStack$SNode
instanceKlass java/util/concurrent/ForkJoinPool$ManagedBlocker
instanceKlass java/util/concurrent/SynchronousQueue$Transferer
instanceKlass com/oracle/truffle/api/ArrayUtils
instanceKlass com/oracle/truffle/api/frame/FrameInstanceVisitor
instanceKlass com/oracle/truffle/js/runtime/Errors
instanceKlass sun/rmi/transport/Transport
instanceKlass sun/rmi/transport/tcp/TCPEndpoint
instanceKlass sun/rmi/transport/Endpoint
instanceKlass sun/rmi/transport/LiveRef
instanceKlass java/io/ObjectInputFilter
instanceKlass com/oracle/truffle/js/runtime/builtins/JSErrorObjectGen
instanceKlass sun/security/provider/AbstractDrbg$NonceProvider
instanceKlass com/oracle/truffle/api/object/HiddenKey
instanceKlass com/oracle/truffle/api/object/Shape
instanceKlass com/oracle/truffle/js/runtime/array/ScriptArray
instanceKlass com/oracle/truffle/api/utilities/FinalBitSet
instanceKlass com/oracle/truffle/api/library/LibraryExport$DelegateExport
instanceKlass com/oracle/truffle/js/runtime/UserScriptExceptionGen
instanceKlass com/oracle/truffle/js/runtime/GraalJSExceptionGen
instanceKlass com/oracle/truffle/js/runtime/JSExceptionGen
instanceKlass com/oracle/truffle/js/runtime/GraalJSException$JSStackTraceElement
instanceKlass com/oracle/truffle/js/runtime/JSConfig
instanceKlass org/graalvm/options/OptionDescriptorsMap
instanceKlass com/oracle/truffle/js/runtime/JSContextOptionsOptionDescriptors
instanceKlass com/oracle/truffle/js/runtime/JSContextOptions$4
instanceKlass org/graalvm/options/OptionType$12
instanceKlass sun/nio/fs/BasicFileAttributesHolder
instanceKlass sun/nio/fs/WindowsDirectoryStream$WindowsDirectoryIterator
instanceKlass java/nio/file/Files$AcceptAllFilter
instanceKlass sun/nio/ch/IOStatus
instanceKlass sun/nio/ch/Util$BufferCache
instanceKlass sun/nio/ch/Util
instanceKlass sun/nio/ch/NativeThread
instanceKlass java/nio/channels/Channels
instanceKlass sun/nio/fs/WindowsChannelFactory$2
instanceKlass sun/nio/fs/WindowsSecurityDescriptor
instanceKlass sun/nio/ch/FileChannelImpl$Closer
instanceKlass sun/nio/ch/NativeDispatcher
instanceKlass sun/nio/ch/NativeThreadSet
instanceKlass sun/nio/ch/IOUtil
instanceKlass sun/nio/fs/WindowsPath$1
instanceKlass sun/nio/fs/WindowsDirectoryStream
instanceKlass sun/nio/fs/WindowsChannelFactory$Flags
instanceKlass sun/nio/fs/WindowsChannelFactory$1
instanceKlass sun/nio/fs/WindowsChannelFactory
instanceKlass java/lang/ProcessEnvironment$CheckedEntry
instanceKlass java/lang/ProcessEnvironment$CheckedEntrySet$1
instanceKlass java/lang/ProcessEnvironment$EntryComparator
instanceKlass java/lang/ProcessEnvironment$NameComparator
instanceKlass org/graalvm/home/HomeFinder
instanceKlass com/oracle/truffle/api/strings/StringAttributes
instanceKlass com/oracle/truffle/api/strings/Encodings
instanceKlass com/oracle/truffle/api/strings/Stride
instanceKlass java/net/NetworkInterface$1
instanceKlass com/oracle/truffle/api/strings/TStringConstants
instanceKlass com/oracle/truffle/api/strings/TStringUnsafe
instanceKlass com/oracle/truffle/js/runtime/Strings
instanceKlass com/oracle/truffle/js/runtime/objects/PropertyProxy
instanceKlass java/lang/constant/DynamicConstantDesc
instanceKlass java/lang/constant/DirectMethodHandleDesc$1
instanceKlass java/lang/constant/DirectMethodHandleDescImpl$1
instanceKlass java/lang/constant/DirectMethodHandleDescImpl
instanceKlass java/lang/constant/DirectMethodHandleDesc
instanceKlass java/lang/constant/MethodHandleDesc$1
instanceKlass java/lang/constant/MethodHandleDesc
instanceKlass java/lang/constant/MethodTypeDescImpl
instanceKlass java/lang/constant/MethodTypeDesc
instanceKlass java/text/Format
instanceKlass java/lang/constant/ReferenceClassDescImpl
instanceKlass java/lang/constant/ConstantUtils
instanceKlass java/lang/constant/ClassDesc
instanceKlass java/lang/constant/ConstantDescs
instanceKlass java/lang/invoke/VarHandle$2
instanceKlass java/lang/invoke/VarHandle$TypesAndInvokers
instanceKlass com/oracle/truffle/js/runtime/objects/JSModuleLoader
instanceKlass java/lang/invoke/VarHandleByteArrayBase
instanceKlass sun/security/provider/ByteArrayAccess$BE
instanceKlass sun/security/provider/ByteArrayAccess
instanceKlass sun/security/provider/SeedGenerator$1
instanceKlass sun/security/util/MessageDigestSpi2
instanceKlass sun/security/jca/GetInstance$Instance
instanceKlass sun/security/jca/GetInstance
instanceKlass com/oracle/truffle/js/runtime/objects/JSCopyableObject
instanceKlass java/security/MessageDigestSpi
instanceKlass com/oracle/truffle/api/object/DynamicObject
instanceKlass sun/security/provider/SeedGenerator
instanceKlass sun/security/provider/AbstractDrbg$SeederHolder
instanceKlass java/security/DrbgParameters$NextBytes
instanceKlass com/oracle/truffle/js/runtime/JSRealm
instanceKlass sun/security/provider/EntropySource
instanceKlass sun/security/provider/AbstractDrbg
instanceKlass java/security/DrbgParameters$Instantiation
instanceKlass java/security/DrbgParameters
instanceKlass sun/security/provider/MoreDrbgParameters
instanceKlass java/security/SecureRandomSpi
instanceKlass com/oracle/truffle/js/runtime/JSContextOptions$3
instanceKlass java/security/SecureRandomParameters
instanceKlass jdk/internal/event/Event
instanceKlass com/oracle/truffle/js/runtime/JSContextOptions$2
instanceKlass com/oracle/truffle/js/runtime/JSContextOptions$1
instanceKlass com/oracle/truffle/js/runtime/JSContextOptions
instanceKlass java/util/Formattable
instanceKlass java/util/Formatter$Flags
instanceKlass java/util/Formatter$FormatSpecifier
instanceKlass java/util/regex/ASCII
instanceKlass java/util/regex/IntHashSet
instanceKlass java/util/regex/Matcher
instanceKlass java/util/regex/MatchResult
instanceKlass java/util/Formatter$Conversion
instanceKlass java/util/Formatter$FixedString
instanceKlass java/util/Formatter$FormatString
instanceKlass com/oracle/truffle/api/instrumentation/ThreadsActivationListener
instanceKlass com/oracle/truffle/api/instrumentation/InstrumentationHandler$StableThreadsActivationListeners
instanceKlass java/util/regex/Pattern$BitClass
instanceKlass com/oracle/truffle/api/nodes/EncapsulatingNodeReference
instanceKlass java/util/Formatter
instanceKlass com/oracle/truffle/polyglot/PolyglotLoggers$1
instanceKlass com/oracle/truffle/api/impl/JDKAccessor
instanceKlass java/time/Clock
instanceKlass java/time/InstantSource
instanceKlass kotlin/jvm/internal/Intrinsics
instanceKlass com/oracle/truffle/api/nodes/DenyReplace
instanceKlass sun/security/util/SecurityProviderConstants
instanceKlass com/oracle/truffle/api/nodes/NodeClassImpl$1
instanceKlass java/security/Provider$UString
instanceKlass java/security/Provider$Service
instanceKlass sun/security/provider/NativePRNG$NonBlocking
instanceKlass sun/security/provider/NativePRNG$Blocking
instanceKlass sun/security/provider/NativePRNG
instanceKlass com/oracle/truffle/api/nodes/Node$Children
instanceKlass sun/security/provider/SunEntries$1
instanceKlass sun/security/provider/SunEntries
instanceKlass com/oracle/truffle/api/CompilerDirectives$CompilationFinal
instanceKlass sun/security/util/SecurityConstants
instanceKlass com/oracle/truffle/api/nodes/Node$Child
instanceKlass sun/security/jca/ProviderList$2
instanceKlass com/oracle/truffle/api/nodes/NodeClassImpl$NodeFieldData
instanceKlass jdk/internal/math/FloatingDecimal$ASCIIToBinaryBuffer
instanceKlass jdk/internal/math/FloatingDecimal$PreparedASCIIToBinaryBuffer
instanceKlass jdk/internal/math/FloatingDecimal$ASCIIToBinaryConverter
instanceKlass jdk/internal/math/FloatingDecimal$BinaryToASCIIBuffer
instanceKlass jdk/internal/math/FloatingDecimal$ExceptionalBinaryToASCIIBuffer
instanceKlass jdk/internal/math/FloatingDecimal$BinaryToASCIIConverter
instanceKlass com/oracle/truffle/api/nodes/NodeClass$1$1
instanceKlass jdk/internal/math/FloatingDecimal
instanceKlass com/oracle/truffle/api/nodes/NodeClass
instanceKlass java/security/Provider$EngineDescription
instanceKlass java/security/Provider$ServiceKey
instanceKlass com/oracle/truffle/api/nodes/NodeUtil
instanceKlass sun/security/jca/ProviderConfig
instanceKlass sun/security/jca/ProviderList
instanceKlass sun/security/jca/Providers
instanceKlass com/oracle/truffle/api/impl/DefaultCallTarget
instanceKlass java/rmi/server/UID
instanceKlass java/rmi/server/ObjID
instanceKlass sun/rmi/server/WeakClassHashMap
instanceKlass com/oracle/truffle/api/TruffleSafepoint
instanceKlass java/util/concurrent/ForkJoinTask
instanceKlass jdk/internal/logger/SimpleConsoleLogger$Formatting
instanceKlass java/util/concurrent/CompletableFuture$AsynchronousCompletionTask
instanceKlass java/util/concurrent/ForkJoinPool$WorkQueue
instanceKlass sun/util/logging/PlatformLogger
instanceKlass java/util/concurrent/ForkJoinPool$DefaultCommonPoolForkJoinWorkerThreadFactory
instanceKlass java/util/concurrent/ForkJoinPool$1
instanceKlass java/util/concurrent/ForkJoinPool$DefaultForkJoinWorkerThreadFactory
instanceKlass java/util/concurrent/ForkJoinPool$ForkJoinWorkerThreadFactory
instanceKlass sun/util/logging/PlatformLogger$ConfigurableBridge$LoggerConfiguration
instanceKlass sun/rmi/runtime/Log$LoggerLog$1
instanceKlass jdk/internal/logger/DefaultLoggerFinder$1
instanceKlass java/util/logging/Logger$SystemLoggerHelper$1
instanceKlass java/util/logging/Logger$SystemLoggerHelper
instanceKlass java/util/concurrent/CompletableFuture$AltResult
instanceKlass sun/rmi/runtime/Log$LoggerLogFactory
instanceKlass sun/rmi/runtime/Log$LogFactory
instanceKlass java/util/concurrent/CompletableFuture
instanceKlass java/util/concurrent/CompletionStage
instanceKlass sun/rmi/runtime/Log
instanceKlass com/oracle/truffle/polyglot/PolyglotThreadLocalActions$AbstractTLHandshake
instanceKlass java/util/TimerTask
instanceKlass sun/rmi/server/Util
instanceKlass sun/rmi/server/UnicastRef
instanceKlass com/oracle/truffle/polyglot/PolyglotThreadLocalActions
instanceKlass sun/rmi/server/Dispatcher
instanceKlass java/rmi/server/ServerRef
instanceKlass java/rmi/server/RemoteRef
instanceKlass java/io/Externalizable
instanceKlass java/rmi/server/RemoteObject
instanceKlass java/rmi/registry/Registry
instanceKlass com/oracle/truffle/host/HostTargetMapping
instanceKlass java/rmi/registry/LocateRegistry
instanceKlass java/util/Random
instanceKlass java/util/random/RandomGenerator
instanceKlass com/oracle/truffle/host/HostClassCache
instanceKlass com/oracle/truffle/host/HostContext$TopScopeObject
instanceKlass com/oracle/truffle/host/HostContext
instanceKlass java/util/WeakHashMap$HashIterator
instanceKlass com/oracle/truffle/api/TruffleFile
instanceKlass com/oracle/truffle/api/TruffleFile$FileSystemContext
instanceKlass com/oracle/truffle/polyglot/PolyglotLanguageContext$PolyglotUncaughtExceptionHandler
instanceKlass com/oracle/truffle/polyglot/PolyglotLanguageContext$Lazy
instanceKlass com/oracle/truffle/api/instrumentation/InstrumentationHandler$AbstractAsyncCollection$1
instanceKlass com/oracle/truffle/api/instrumentation/AllocationReporter
instanceKlass com/oracle/truffle/api/TruffleLanguage$Env
instanceKlass com/oracle/truffle/polyglot/PolyglotLanguageInstance
instanceKlass java/net/DefaultInterface
instanceKlass java/net/Inet6Address$Inet6AddressHolder
instanceKlass java/net/InterfaceAddress
instanceKlass com/oracle/truffle/polyglot/PolyglotContextImpl$4
instanceKlass java/net/NetworkInterface
instanceKlass com/oracle/truffle/polyglot/PolyglotLanguageContext
instanceKlass java/net/InetAddress$PlatformNameService
instanceKlass java/net/InetAddress$NameService
instanceKlass java/net/Inet6AddressImpl
instanceKlass java/net/InetAddressImpl
instanceKlass java/net/InetAddressImplFactory
instanceKlass java/util/concurrent/ConcurrentSkipListMap$Node
instanceKlass java/util/concurrent/ConcurrentSkipListMap$Index
instanceKlass com/oracle/truffle/api/TruffleContext
instanceKlass java/util/concurrent/ConcurrentNavigableMap
instanceKlass com/oracle/truffle/api/frame/FrameDescriptor
instanceKlass java/net/InetAddress$InetAddressHolder
instanceKlass java/net/InetAddress$1
instanceKlass jdk/internal/access/JavaNetInetAddressAccess
instanceKlass java/net/InetAddress
instanceKlass com/oracle/truffle/polyglot/PolyglotSharingLayer
instanceKlass com/intellij/execution/rmi/IdeaWatchdogAware
instanceKlass com/intellij/execution/rmi/IdeaWatchdogImpl
instanceKlass com/oracle/truffle/polyglot/PolyglotBindings
instanceKlass com/jetbrains/desktop/DesktopActions$$JBRApiBridge$1
instanceKlass com/oracle/truffle/polyglot/PolyglotThreadInfo
instanceKlass java/awt/Desktop$DesktopActionsHandler
instanceKlass com/oracle/truffle/api/TruffleLogger$LoggerCache$LoggerNode
instanceKlass java/awt/Desktop
instanceKlass com/jetbrains/DesktopActions
instanceKlass com/jetbrains/JBR$DesktopActions__Holder
instanceKlass com/jetbrains/base/ServiceApi$$JBRApiBridge$0
instanceKlass com/oracle/truffle/polyglot/PolyglotLoggers$LoggerCache
instanceKlass com/jetbrains/internal/ProxyGenerator$MethodMapping$1
instanceKlass com/oracle/truffle/api/TruffleLogger$LoggerCache
instanceKlass com/jetbrains/internal/ASMUtils
instanceKlass com/jetbrains/internal/ProxyGenerator$2
instanceKlass com/oracle/truffle/api/TruffleLogger
instanceKlass com/jetbrains/internal/ProxyGenerator$TypeMappingMetadata
instanceKlass com/jetbrains/internal/ProxyGenerator
instanceKlass java/lang/reflect/WildcardType
instanceKlass sun/reflect/generics/tree/Wildcard
instanceKlass sun/reflect/generics/tree/BottomSignature
instanceKlass sun/reflect/generics/reflectiveObjects/ParameterizedTypeImpl
instanceKlass java/lang/reflect/ParameterizedType
instanceKlass sun/reflect/generics/reflectiveObjects/LazyReflectiveObjectGenerator
instanceKlass java/lang/reflect/TypeVariable
instanceKlass sun/reflect/generics/tree/MethodTypeSignature
instanceKlass sun/reflect/generics/tree/TypeVariableSignature
instanceKlass sun/reflect/generics/tree/ClassSignature
instanceKlass sun/reflect/generics/tree/Signature
instanceKlass sun/reflect/generics/tree/FormalTypeParameter
instanceKlass sun/reflect/generics/repository/AbstractRepository
instanceKlass com/jetbrains/internal/ProxyDependencyManager$ClassUsagesFinder
instanceKlass com/jetbrains/internal/ProxyDependencyManager$Cycle
instanceKlass com/jetbrains/internal/ProxyDependencyManager$Node
instanceKlass com/oracle/truffle/api/TruffleSafepoint$Interruptible
instanceKlass com/jetbrains/internal/ProxyDependencyManager
instanceKlass com/oracle/truffle/api/ThreadLocalAction
instanceKlass com/oracle/truffle/polyglot/PolyglotContextImpl
instanceKlass com/jetbrains/internal/ProxyInfo
instanceKlass com/jetbrains/internal/Proxy
instanceKlass com/oracle/truffle/polyglot/PolyglotContextConfig
instanceKlass com/jetbrains/desktop/JBRApiModule
instanceKlass com/jetbrains/internal/JBRApi$ModuleRegistry
instanceKlass com/oracle/truffle/polyglot/FileSystems$LanguageHomeFileSystem
instanceKlass com/oracle/truffle/polyglot/FileSystems$NIOFileSystem
instanceKlass java/nio/file/FileStore
instanceKlass java/nio/channels/AsynchronousFileChannel
instanceKlass java/nio/channels/AsynchronousChannel
instanceKlass java/nio/channels/spi/AbstractInterruptibleChannel
instanceKlass java/nio/channels/InterruptibleChannel
instanceKlass java/nio/channels/ScatteringByteChannel
instanceKlass java/nio/channels/GatheringByteChannel
instanceKlass java/nio/channels/SeekableByteChannel
instanceKlass java/nio/channels/ByteChannel
instanceKlass java/nio/channels/WritableByteChannel
instanceKlass java/nio/channels/ReadableByteChannel
instanceKlass java/nio/channels/Channel
instanceKlass java/nio/file/DirectoryStream
instanceKlass java/nio/file/DirectoryStream$Filter
instanceKlass java/nio/file/attribute/FileAttribute
instanceKlass java/lang/invoke/MethodHandleImpl$ArrayAccessor
instanceKlass java/lang/invoke/MethodHandleImpl$2
instanceKlass java/lang/invoke/MethodHandleImpl$LoopClauses
instanceKlass java/lang/invoke/MethodHandleImpl$CasesHolder
instanceKlass java/lang/invoke/MethodHandleImpl$BindCaller
instanceKlass com/jetbrains/base/JBRApiModule
instanceKlass jdk/internal/misc/ScopedMemoryAccess$Scope
instanceKlass java/nio/file/spi/FileSystemProvider$1
instanceKlass com/jetbrains/JBR$Metadata
instanceKlass com/oracle/truffle/polyglot/FileSystems$DeniedIOFileSystem
instanceKlass com/jetbrains/internal/JBRApi
instanceKlass com/jetbrains/JBR$ServiceApi
instanceKlass com/jetbrains/bootstrap/JBRApiBootstrap
instanceKlass com/oracle/truffle/polyglot/FileSystems$InvalidFileSystem
instanceKlass com/oracle/truffle/polyglot/FileSystems$PolyglotFileSystem
instanceKlass com/jetbrains/JBR
instanceKlass com/jetbrains/DesktopActions$Handler
instanceKlass com/oracle/truffle/polyglot/FileSystems
instanceKlass com/intellij/database/remote/toolkit/JbrApiHandler
instanceKlass com/intellij/openapi/util/Setter
instanceKlass org/graalvm/polyglot/EnvironmentAccess
instanceKlass org/graalvm/polyglot/PolyglotAccess
instanceKlass com/intellij/database/remote/toolkit/RemoteDesktopActionsHandler
instanceKlass org/graalvm/polyglot/HostAccess$DisableMethodScoping
instanceKlass com/intellij/execution/rmi/RemoteObject$ExceptionProcessor
instanceKlass java/lang/FunctionalInterface
instanceKlass org/graalvm/polyglot/HostAccess$Implementable
instanceKlass org/graalvm/polyglot/HostAccess$Export
instanceKlass org/graalvm/polyglot/HostAccess$Builder
instanceKlass java/util/AbstractList$Itr
instanceKlass org/graalvm/polyglot/HostAccess
instanceKlass org/graalvm/polyglot/Context$Builder
instanceKlass org/graalvm/polyglot/Context$3
instanceKlass org/graalvm/options/OptionDescriptor$Builder
instanceKlass org/graalvm/polyglot/Context$2
instanceKlass org/graalvm/options/OptionDescriptor
instanceKlass org/graalvm/polyglot/Context$1
instanceKlass org/graalvm/polyglot/Context
instanceKlass java/sql/DriverInfo
instanceKlass com/mongodb/mongosh/MongoShellContext
instanceKlass java/sql/DriverManager
instanceKlass java/util/concurrent/FutureTask$WaitNode
instanceKlass java/util/concurrent/FutureTask
instanceKlass java/util/concurrent/RunnableFuture
instanceKlass java/util/concurrent/Future
instanceKlass com/mongodb/mongosh/MongoShell
instanceKlass java/util/concurrent/Callable
instanceKlass com/dbschema/mongo/mongosh/PrecalculatingShellHolder
instanceKlass org/graalvm/polyglot/Engine$EngineShutDownHook
instanceKlass org/graalvm/options/OptionType$2
instanceKlass com/oracle/truffle/polyglot/PolyglotEngineOptions$1
instanceKlass com/oracle/truffle/polyglot/PolyglotEngineOptions
instanceKlass com/oracle/truffle/api/instrumentation/LoadSourceSectionListener
instanceKlass com/oracle/truffle/api/instrumentation/InstrumentationHandler$2
instanceKlass com/oracle/truffle/api/instrumentation/SourceInstrumentationHandler$SourcesNotificationQueue
instanceKlass java/util/concurrent/locks/ReentrantReadWriteLock$WriteLock
instanceKlass java/util/concurrent/locks/ReentrantReadWriteLock$ReadLock
instanceKlass java/util/concurrent/locks/ReentrantReadWriteLock
instanceKlass java/util/concurrent/locks/ReadWriteLock
instanceKlass com/oracle/truffle/api/instrumentation/InstrumentationHandler$1
instanceKlass com/oracle/truffle/api/instrumentation/SourceInstrumentationHandler$SourcesNotification
instanceKlass com/oracle/truffle/api/instrumentation/SourceInstrumentationHandler
instanceKlass java/util/concurrent/atomic/AtomicReferenceArray
instanceKlass org/graalvm/polyglot/Instrument
instanceKlass com/oracle/truffle/api/InstrumentInfo
instanceKlass com/oracle/truffle/polyglot/PolyglotInstrument
instanceKlass com/oracle/truffle/polyglot/InstrumentCache$1
instanceKlass com/oracle/truffle/api/instrumentation/TruffleInstrument$Registration
instanceKlass com/oracle/truffle/api/debug/impl/DebuggerInstrumentProvider
instanceKlass com/oracle/truffle/api/instrumentation/TruffleInstrument$Provider
instanceKlass java/util/function/BiConsumer
instanceKlass com/oracle/truffle/api/instrumentation/EventBinding
instanceKlass com/oracle/truffle/api/instrumentation/Instrumenter
instanceKlass com/oracle/truffle/api/instrumentation/InstrumentationHandler
instanceKlass com/oracle/truffle/api/instrumentation/TruffleInstrument
instanceKlass com/oracle/truffle/polyglot/InstrumentCache
instanceKlass java/util/ComparableTimSort
instanceKlass com/oracle/truffle/regex/RegexLanguageProvider
instanceKlass sun/nio/fs/WindowsUriSupport
instanceKlass java/net/URLClassLoader$2
instanceKlass com/oracle/truffle/api/instrumentation/Tag
instanceKlass com/oracle/truffle/api/instrumentation/ProvidedTags
instanceKlass com/oracle/truffle/api/dsl/GeneratedBy
instanceKlass com/oracle/truffle/api/TruffleLanguage$Registration
instanceKlass com/oracle/truffle/js/lang/JavaScriptLanguageProvider
instanceKlass org/graalvm/polyglot/Language
instanceKlass com/oracle/truffle/api/nodes/LanguageInfo
instanceKlass com/oracle/truffle/polyglot/PolyglotLanguage
instanceKlass com/oracle/truffle/polyglot/LanguageCache$HostLanguageProvider
instanceKlass com/oracle/truffle/api/TruffleLanguage$Provider
instanceKlass com/oracle/truffle/polyglot/LanguageCache
instanceKlass com/oracle/truffle/polyglot/PolyglotEngineImpl$StableLocalLocations
instanceKlass sun/reflect/misc/ReflectUtil
instanceKlass java/util/concurrent/atomic/AtomicReferenceFieldUpdater$AtomicReferenceFieldUpdaterImpl$1
instanceKlass java/util/concurrent/atomic/AtomicReferenceFieldUpdater
instanceKlass com/oracle/truffle/polyglot/WeakAssumedValue$Profile
instanceKlass com/oracle/truffle/polyglot/WeakAssumedValue
instanceKlass com/oracle/truffle/polyglot/PolyglotLoggers$EngineLoggerProvider
instanceKlass java/util/logging/StreamHandler$1
instanceKlass java/util/logging/Handler$1
instanceKlass java/util/logging/ErrorManager
instanceKlass java/util/logging/LogManager$4
instanceKlass jdk/internal/logger/BootstrapLogger$BootstrapExecutors
instanceKlass jdk/internal/logger/BootstrapLogger$RedirectedLoggers
instanceKlass java/util/concurrent/CopyOnWriteArrayList$COWIterator
instanceKlass jdk/internal/logger/BootstrapLogger$DetectBackend$1
instanceKlass jdk/internal/logger/BootstrapLogger$DetectBackend
instanceKlass jdk/internal/logger/BootstrapLogger
instanceKlass sun/util/logging/PlatformLogger$ConfigurableBridge
instanceKlass sun/util/logging/PlatformLogger$Bridge
instanceKlass java/lang/System$Logger
instanceKlass java/util/stream/Streams
instanceKlass java/util/stream/Streams$AbstractStreamBuilderImpl
instanceKlass java/util/stream/Stream$Builder
instanceKlass java/util/stream/Sink$ChainedReference
instanceKlass java/util/stream/FindOps$FindOp
instanceKlass java/util/stream/TerminalOp
instanceKlass java/util/stream/FindOps$FindSink
instanceKlass java/util/stream/TerminalSink
instanceKlass java/util/stream/Sink
instanceKlass java/util/stream/FindOps
instanceKlass java/util/ArrayList$ArrayListSpliterator
instanceKlass java/util/Hashtable$Enumerator
instanceKlass java/util/Properties$EntrySet
instanceKlass java/util/Collections$3
instanceKlass java/util/logging/LogManager$LoggerContext$1
instanceKlass java/util/logging/LogManager$VisitedLoggers
instanceKlass java/util/logging/Logger$ConfigurationData
instanceKlass java/util/logging/Logger$LoggerBundle
instanceKlass java/util/logging/Logger
instanceKlass java/util/logging/LogManager$2
instanceKlass java/lang/System$LoggerFinder
instanceKlass java/util/logging/LogManager$LoggingProviderAccess
instanceKlass sun/util/logging/internal/LoggingProviderImpl$LogManagerAccess
instanceKlass java/lang/Shutdown$Lock
instanceKlass java/lang/Shutdown
instanceKlass java/lang/ApplicationShutdownHooks$1
instanceKlass java/lang/ApplicationShutdownHooks
instanceKlass java/util/logging/LogManager$LogNode
instanceKlass java/util/logging/LogManager$LoggerContext
instanceKlass java/util/logging/LogManager$1
instanceKlass java/util/logging/LogManager
instanceKlass java/util/logging/Formatter
instanceKlass java/util/logging/Level
instanceKlass com/oracle/truffle/polyglot/OptionValuesImpl
instanceKlass com/oracle/truffle/polyglot/PolyglotEngineOptionsOptionDescriptors
instanceKlass org/graalvm/options/OptionDescriptors$1
instanceKlass com/oracle/truffle/polyglot/PolyglotEngineImpl$LogConfig
instanceKlass org/graalvm/options/OptionType$10
instanceKlass org/graalvm/options/OptionType$9
instanceKlass org/graalvm/options/OptionType$8
instanceKlass org/graalvm/options/OptionType$7
instanceKlass org/graalvm/options/OptionType$6
instanceKlass org/graalvm/options/OptionType$5
instanceKlass org/graalvm/options/OptionType$3
instanceKlass org/graalvm/options/OptionType$4
instanceKlass org/graalvm/options/OptionType$1
instanceKlass org/graalvm/options/OptionType$Converter
instanceKlass org/graalvm/options/OptionType
instanceKlass org/graalvm/options/OptionKey
instanceKlass com/oracle/truffle/polyglot/ImageBuildTimeOptions
instanceKlass com/oracle/truffle/polyglot/PolyglotLocals$LocalLocation
instanceKlass org/graalvm/polyglot/io/FileSystem
instanceKlass com/oracle/truffle/polyglot/PolyglotEngineImpl
instanceKlass com/oracle/truffle/polyglot/PolyglotImpl$VMObject
instanceKlass java/util/logging/Handler
instanceKlass java/util/logging/LogRecord
instanceKlass com/oracle/truffle/polyglot/PolyglotLoggers
instanceKlass com/oracle/truffle/api/impl/DefaultAssumption$Lazy$1
instanceKlass com/oracle/truffle/api/impl/DefaultAssumption$Lazy
instanceKlass com/oracle/truffle/api/impl/AbstractAssumption
instanceKlass com/oracle/truffle/polyglot/PolyglotFastThreadLocals$CachedReferences
instanceKlass com/oracle/truffle/polyglot/FinalIntMap
instanceKlass com/oracle/truffle/api/TruffleLanguage$ContextReference
instanceKlass com/oracle/truffle/polyglot/PolyglotFastThreadLocals
instanceKlass com/oracle/truffle/api/TruffleLanguage$LanguageReference
instanceKlass org/graalvm/options/OptionDescriptors
instanceKlass org/graalvm/polyglot/impl/AbstractPolyglotImpl$ManagementAccess
instanceKlass org/graalvm/polyglot/management/Management
instanceKlass com/oracle/truffle/api/interop/DefaultDoubleExportsGen
instanceKlass com/oracle/truffle/api/interop/DefaultDoubleExports
instanceKlass com/oracle/truffle/api/interop/DefaultFloatExportsGen
instanceKlass com/oracle/truffle/api/interop/DefaultFloatExports
instanceKlass com/oracle/truffle/api/interop/DefaultLongExportsGen
instanceKlass com/oracle/truffle/api/interop/DefaultLongExports
instanceKlass com/oracle/truffle/api/interop/DefaultIntegerExportsGen
instanceKlass com/oracle/truffle/api/interop/DefaultIntegerExports
instanceKlass com/oracle/truffle/api/interop/DefaultShortExportsGen
instanceKlass com/oracle/truffle/api/interop/DefaultShortExports
instanceKlass java/lang/Short$ShortCache
instanceKlass com/oracle/truffle/api/interop/DefaultByteExportsGen
instanceKlass com/oracle/truffle/api/interop/DefaultByteExports
instanceKlass java/lang/Byte$ByteCache
instanceKlass com/oracle/truffle/api/interop/DefaultCharacterExportsGen
instanceKlass com/oracle/truffle/api/interop/DefaultCharacterExports
instanceKlass java/lang/Character$CharacterCache
instanceKlass com/oracle/truffle/api/interop/DefaultTStringExportsGen
instanceKlass com/oracle/truffle/api/interop/DefaultTStringExports
instanceKlass com/oracle/truffle/api/strings/TStringInternalNodesFactory
instanceKlass com/oracle/truffle/api/strings/TStringInternalNodes
instanceKlass java/lang/invoke/VarHandle$AccessDescriptor
instanceKlass com/oracle/truffle/api/strings/AbstractTruffleString$NativePointer
instanceKlass com/oracle/truffle/api/strings/TStringOpsNodesFactory
instanceKlass com/oracle/truffle/api/nodes/NodeCloneable
instanceKlass com/oracle/truffle/api/strings/TruffleStringFactory
instanceKlass com/oracle/truffle/api/strings/TStringOps
instanceKlass com/oracle/truffle/api/strings/TSCodeRange
instanceKlass org/graalvm/collections/EconomicMapImpl$CollisionLink
instanceKlass com/oracle/truffle/api/strings/JCodingsImpl$EncodingWrapper
instanceKlass com/oracle/truffle/api/strings/JCodings$Encoding
instanceKlass org/graalvm/shadowed/org/jcodings/util/Hash$HashIterator
instanceKlass org/graalvm/collections/MapCursor
instanceKlass org/graalvm/collections/EconomicMapImpl
instanceKlass org/graalvm/collections/EconomicSet
instanceKlass org/graalvm/collections/UnmodifiableEconomicSet
instanceKlass org/graalvm/collections/Equivalence
instanceKlass org/graalvm/collections/UnmodifiableMapCursor
instanceKlass org/graalvm/collections/EconomicMap
instanceKlass org/graalvm/collections/UnmodifiableEconomicMap
instanceKlass org/graalvm/shadowed/org/jcodings/EncodingDB$Entry
instanceKlass org/graalvm/shadowed/org/jcodings/ascii/AsciiTables
instanceKlass org/graalvm/shadowed/org/jcodings/Encoding
instanceKlass org/graalvm/shadowed/org/jcodings/EncodingList
instanceKlass org/graalvm/shadowed/org/jcodings/util/Hash$HashEntry
instanceKlass org/graalvm/shadowed/org/jcodings/util/Hash$HashEntryIterator
instanceKlass org/graalvm/shadowed/org/jcodings/util/Hash
instanceKlass org/graalvm/shadowed/org/jcodings/EncodingDB
instanceKlass com/oracle/truffle/api/strings/JCodingsImpl
instanceKlass com/oracle/truffle/api/strings/JCodings
instanceKlass com/oracle/truffle/api/strings/TStringGuards
instanceKlass com/oracle/truffle/api/interop/DefaultStringExportsGen
instanceKlass com/oracle/truffle/api/interop/DefaultStringExports
instanceKlass com/oracle/truffle/api/interop/DefaultBooleanExportsGen
instanceKlass com/oracle/truffle/api/interop/DefaultBooleanExports
instanceKlass jdk/internal/ValueBased
instanceKlass com/oracle/truffle/api/library/ExportLibrary$Repeat
instanceKlass java/lang/annotation/Documented
instanceKlass java/lang/annotation/Repeatable
instanceKlass sun/reflect/annotation/AnnotationSupport
instanceKlass com/oracle/truffle/api/library/ExportLibrary
instanceKlass org/graalvm/polyglot/AbstractValue
instanceKlass java/time/LocalDateTime
instanceKlass java/time/chrono/ChronoLocalDateTime
instanceKlass java/time/zone/ZoneOffsetTransitionRule
instanceKlass java/time/zone/ZoneRules
instanceKlass java/nio/DirectByteBuffer$Deallocator
instanceKlass com/oracle/truffle/host/HostObject
instanceKlass jdk/internal/reflect/UnsafeFieldAccessorFactory
instanceKlass sun/misc/Unsafe
instanceKlass com/oracle/truffle/api/library/LibraryFactory$Lazy
instanceKlass com/oracle/truffle/api/CompilerAsserts
instanceKlass com/oracle/truffle/api/CompilerDirectives
instanceKlass com/oracle/truffle/api/TruffleOptions$1GetOptions
instanceKlass com/oracle/truffle/api/TruffleOptions
instanceKlass java/util/Collections$SynchronizedCollection
instanceKlass com/oracle/truffle/api/library/LibraryFactory$ResolvedDispatch
instanceKlass com/oracle/truffle/api/library/LibraryFactory$1
instanceKlass com/oracle/truffle/polyglot/ModuleUtils
instanceKlass com/oracle/truffle/polyglot/EngineAccessor$AbstractClassLoaderSupplier
instanceKlass com/oracle/truffle/api/impl/DefaultTruffleRuntime$Loader
instanceKlass java/util/concurrent/atomic/AtomicBoolean
instanceKlass com/oracle/truffle/api/impl/TruffleLocator
instanceKlass com/oracle/truffle/object/DynamicObjectLibraryImplGen$DynamicObjectLibraryProvider
instanceKlass com/oracle/truffle/api/RootCallTarget
instanceKlass com/oracle/truffle/api/impl/AbstractFastThreadLocal
instanceKlass com/oracle/truffle/api/impl/ThreadLocalHandshake
instanceKlass com/oracle/truffle/api/impl/Accessor$RuntimeSupport
instanceKlass com/oracle/truffle/api/impl/TVMCI
instanceKlass com/oracle/truffle/api/Assumption
instanceKlass com/oracle/truffle/api/impl/TVMCI$Test
instanceKlass com/oracle/truffle/api/frame/FrameInstance
instanceKlass com/oracle/truffle/api/frame/MaterializedFrame
instanceKlass com/oracle/truffle/api/impl/DefaultTruffleRuntime
instanceKlass java/util/Spliterators$ArraySpliterator
instanceKlass com/oracle/truffle/api/TruffleRuntimeAccess
instanceKlass com/oracle/truffle/api/TruffleRuntime
instanceKlass com/oracle/truffle/api/Truffle$1
instanceKlass com/oracle/truffle/api/Truffle
instanceKlass org/graalvm/nativeimage/ImageInfo
instanceKlass com/oracle/truffle/api/TruffleLanguage
instanceKlass com/oracle/truffle/api/frame/VirtualFrame
instanceKlass com/oracle/truffle/api/frame/Frame
instanceKlass com/oracle/truffle/api/impl/Accessor$Support
instanceKlass com/oracle/truffle/api/impl/Accessor$Constants
instanceKlass com/oracle/truffle/api/impl/Accessor
instanceKlass java/lang/Class$AnnotationData
instanceKlass com/oracle/truffle/api/interop/TruffleObject
instanceKlass java/lang/annotation/Target
instanceKlass java/lang/reflect/Proxy$ProxyBuilder$1
instanceKlass jdk/internal/org/objectweb/asm/Edge
instanceKlass java/lang/reflect/ProxyGenerator$PrimitiveTypeInfo
instanceKlass java/util/StringJoiner
instanceKlass java/lang/reflect/ProxyGenerator$ProxyMethod
instanceKlass jdk/internal/module/Checks
instanceKlass java/lang/module/ModuleDescriptor$Builder
instanceKlass java/lang/PublicMethods
instanceKlass java/util/Collections$1
instanceKlass java/lang/reflect/Proxy$ProxyBuilder
instanceKlass java/lang/reflect/Proxy
instanceKlass sun/reflect/annotation/AnnotationInvocationHandler
instanceKlass java/lang/reflect/InvocationHandler
instanceKlass sun/reflect/annotation/AnnotationParser$1
instanceKlass java/lang/annotation/Inherited
instanceKlass java/lang/annotation/Retention
instanceKlass sun/reflect/annotation/ExceptionProxy
instanceKlass sun/reflect/annotation/AnnotationType$1
instanceKlass sun/reflect/annotation/AnnotationType
instanceKlass java/lang/reflect/GenericArrayType
instanceKlass sun/reflect/generics/visitor/Reifier
instanceKlass sun/reflect/generics/visitor/TypeTreeVisitor
instanceKlass sun/reflect/generics/factory/CoreReflectionFactory
instanceKlass sun/reflect/generics/factory/GenericsFactory
instanceKlass sun/reflect/generics/scope/AbstractScope
instanceKlass sun/reflect/generics/scope/Scope
instanceKlass sun/reflect/generics/tree/ClassTypeSignature
instanceKlass sun/reflect/generics/tree/SimpleClassTypeSignature
instanceKlass sun/reflect/generics/tree/FieldTypeSignature
instanceKlass sun/reflect/generics/tree/BaseType
instanceKlass sun/reflect/generics/tree/TypeSignature
instanceKlass sun/reflect/generics/tree/ReturnType
instanceKlass sun/reflect/generics/tree/TypeArgument
instanceKlass sun/reflect/generics/tree/TypeTree
instanceKlass sun/reflect/generics/tree/Tree
instanceKlass sun/reflect/generics/parser/SignatureParser
instanceKlass com/oracle/truffle/api/library/GenerateLibrary
instanceKlass java/util/Collections$UnmodifiableCollection$1
instanceKlass com/oracle/truffle/api/source/SourceSection
instanceKlass java/time/Duration
instanceKlass java/time/temporal/TemporalAmount
instanceKlass java/time/LocalTime
instanceKlass java/time/LocalDate
instanceKlass java/time/chrono/ChronoLocalDate
instanceKlass java/time/ZoneId
instanceKlass java/time/Instant
instanceKlass java/time/temporal/TemporalAdjuster
instanceKlass java/time/temporal/Temporal
instanceKlass java/time/temporal/TemporalAccessor
instanceKlass com/oracle/truffle/api/strings/AbstractTruffleString
instanceKlass com/oracle/truffle/api/library/Message
instanceKlass java/lang/invoke/LambdaFormEditor$1
instanceKlass java/lang/invoke/MethodHandles$1
instanceKlass java/lang/Long$LongCache
instanceKlass com/oracle/truffle/api/library/DefaultExportProvider
instanceKlass com/oracle/truffle/api/library/LibraryExport
instanceKlass com/oracle/truffle/api/library/LibraryFactory
instanceKlass com/oracle/truffle/api/nodes/NodeVisitor
instanceKlass com/oracle/truffle/api/nodes/Node
instanceKlass com/oracle/truffle/api/nodes/NodeInterface
instanceKlass com/oracle/truffle/api/CallTarget
instanceKlass java/lang/invoke/VarForm
instanceKlass java/lang/invoke/VarHandleGuards
instanceKlass jdk/internal/util/Preconditions$1
instanceKlass java/lang/invoke/VarHandle$1
instanceKlass java/lang/ClassValue$Version
instanceKlass java/lang/ClassValue$Identity
instanceKlass java/lang/ClassValue
instanceKlass java/lang/invoke/VarHandles
instanceKlass java/util/concurrent/atomic/AtomicReference
instanceKlass com/oracle/truffle/api/instrumentation/ExecutionEventNodeFactory
instanceKlass com/oracle/truffle/api/instrumentation/SourceSectionFilter$SourcePredicate
instanceKlass java/util/function/Predicate
instanceKlass java/util/ServiceLoader$ProviderImpl
instanceKlass java/util/ServiceLoader$Provider
instanceKlass org/graalvm/options/OptionValues
instanceKlass org/graalvm/polyglot/impl/AbstractPolyglotImpl$AbstractDispatchClass
instanceKlass com/oracle/truffle/api/source/Source$SourceBuilder
instanceKlass java/util/ServiceLoader$1
instanceKlass java/util/LinkedHashMap$LinkedHashIterator
instanceKlass java/io/Reader
instanceKlass sun/net/www/protocol/jar/JarFileFactory
instanceKlass sun/net/www/protocol/jar/URLJarFile$URLJarFileCloseController
instanceKlass java/net/URLClassLoader$3$1
instanceKlass java/net/URLClassLoader$3
instanceKlass jdk/internal/loader/URLClassPath$1
instanceKlass java/lang/CompoundEnumeration
instanceKlass jdk/internal/loader/BuiltinClassLoader$1
instanceKlass java/util/Collections$EmptyEnumeration
instanceKlass java/util/Collections$EmptyIterator
instanceKlass jdk/internal/loader/BuiltinClassLoader$2
instanceKlass jdk/internal/module/Resources
instanceKlass java/util/ServiceLoader$3
instanceKlass java/util/ServiceLoader$2
instanceKlass java/util/ServiceLoader$LazyClassPathLookupIterator
instanceKlass java/util/Spliterators$1Adapter
instanceKlass java/util/function/Consumer
instanceKlass sun/reflect/annotation/AnnotationParser
instanceKlass java/lang/Class$3
instanceKlass java/util/EnumMap$1
instanceKlass java/util/stream/StreamOpFlag$MaskBuilder
instanceKlass java/util/stream/PipelineHelper
instanceKlass java/util/stream/StreamSupport
instanceKlass java/util/Spliterator$OfDouble
instanceKlass java/util/Spliterator$OfLong
instanceKlass java/util/Spliterator$OfInt
instanceKlass java/util/Spliterator$OfPrimitive
instanceKlass java/util/Spliterators$EmptySpliterator
instanceKlass java/util/Spliterator
instanceKlass java/util/Spliterators
instanceKlass java/util/stream/Stream
instanceKlass java/util/stream/BaseStream
instanceKlass java/util/ServiceLoader$ModuleServicesLookupIterator
instanceKlass java/util/ServiceLoader
instanceKlass org/graalvm/polyglot/impl/AbstractPolyglotImpl
instanceKlass org/graalvm/polyglot/impl/AbstractPolyglotImpl$APIAccess
instanceKlass org/graalvm/polyglot/Engine$1
instanceKlass org/graalvm/polyglot/Engine$ImplHolder
instanceKlass org/graalvm/polyglot/Engine$Builder
instanceKlass java/util/Collections$SynchronizedMap
instanceKlass org/graalvm/polyglot/Engine
instanceKlass java/util/concurrent/LinkedBlockingQueue$Node
instanceKlass java/util/concurrent/locks/AbstractQueuedSynchronizer$ConditionObject
instanceKlass java/util/concurrent/locks/Condition
instanceKlass java/util/concurrent/BlockingQueue
instanceKlass java/util/concurrent/ThreadPoolExecutor$AbortPolicy
instanceKlass java/util/concurrent/RejectedExecutionHandler
instanceKlass java/util/concurrent/AbstractExecutorService
instanceKlass java/util/concurrent/ExecutorService
instanceKlass java/util/concurrent/Executor
instanceKlass java/util/concurrent/Executors
instanceKlass java/util/BitSet
instanceKlass java/sql/ResultSet
instanceKlass com/dbschema/mongo/Util
instanceKlass com/dbschema/mongo/DriverPropertyInfoHelper
instanceKlass com/dbschema/mongo/mongosh/ShellHolder
instanceKlass java/sql/Connection
instanceKlass java/sql/Wrapper
instanceKlass com/dbschema/MongoJdbcDriver
instanceKlass java/sql/Driver
instanceKlass java/io/FilePermissionCollection$1
instanceKlass java/security/Security$2
instanceKlass jdk/internal/access/JavaSecurityPropertiesAccess
instanceKlass java/util/concurrent/ConcurrentHashMap$MapEntry
instanceKlass java/util/Properties$LineReader
instanceKlass java/security/Security$1
instanceKlass java/security/Security
instanceKlass sun/security/util/SecurityProperties
instanceKlass sun/security/util/FilePermCompat
instanceKlass java/io/FilePermission$1
instanceKlass jdk/internal/access/JavaIOFilePermissionAccess
instanceKlass sun/net/www/MessageHeader
instanceKlass java/net/URLConnection
instanceKlass java/util/zip/ZipFile$InflaterCleanupAction
instanceKlass java/net/URLClassLoader$1
instanceKlass com/intellij/database/remote/jdbc/impl/ReflectionHelper
instanceKlass java/util/StringTokenizer
instanceKlass java/util/regex/Pattern$TreeInfo
instanceKlass sun/util/calendar/ZoneInfoFile$ZoneOffsetTransitionRule
instanceKlass java/io/FileInputStream$1
instanceKlass sun/util/calendar/ZoneInfoFile$1
instanceKlass sun/util/calendar/ZoneInfoFile
instanceKlass java/util/TimeZone
instanceKlass java/util/zip/Inflater$InflaterZStreamRef
instanceKlass java/util/zip/Inflater
instanceKlass jdk/internal/jimage/decompressor/ZipDecompressor
instanceKlass jdk/internal/jimage/decompressor/ResourceDecompressor
instanceKlass jdk/internal/jimage/decompressor/ResourceDecompressorFactory
instanceKlass jdk/internal/jimage/decompressor/ResourceDecompressorRepository
instanceKlass jdk/internal/jimage/decompressor/CompressedResourceHeader
instanceKlass jdk/internal/jimage/decompressor/ResourceDecompressor$StringsProvider
instanceKlass java/util/TimSort
instanceKlass java/util/Arrays$LegacyMergeSort
instanceKlass java/util/AbstractMap$SimpleEntry
instanceKlass jdk/internal/jimage/ImageBufferCache$2
instanceKlass jdk/internal/jimage/ImageBufferCache
instanceKlass jdk/internal/jimage/ImageLocation
instanceKlass jdk/internal/jimage/decompressor/Decompressor
instanceKlass jdk/internal/jimage/ImageStringsReader
instanceKlass jdk/internal/jimage/ImageStrings
instanceKlass jdk/internal/jimage/ImageHeader
instanceKlass jdk/internal/jimage/NativeImageBuffer$1
instanceKlass jdk/internal/jimage/NativeImageBuffer
instanceKlass jdk/internal/jimage/BasicImageReader$1
instanceKlass jdk/internal/jimage/BasicImageReader
instanceKlass jdk/internal/jimage/ImageReader
instanceKlass jdk/internal/jimage/ImageReaderFactory$1
instanceKlass java/net/URI$Parser
instanceKlass java/nio/file/FileSystems$DefaultFileSystemHolder$1
instanceKlass java/nio/file/FileSystems$DefaultFileSystemHolder
instanceKlass java/nio/file/FileSystems
instanceKlass java/nio/file/Paths
instanceKlass jdk/internal/jimage/ImageReaderFactory
instanceKlass jdk/internal/module/SystemModuleFinders$SystemImage
instanceKlass jdk/internal/module/ModulePatcher$PatchedModuleReader
instanceKlass jdk/internal/module/SystemModuleFinders$SystemModuleReader
instanceKlass java/lang/module/ModuleReader
instanceKlass jdk/internal/loader/BuiltinClassLoader$5
instanceKlass com/intellij/database/remote/jdbc/helpers/JdbcNativeUtil
instanceKlass com/intellij/database/remote/jdbc/impl/JdbcClassLoader
instanceKlass java/util/regex/CharPredicates
instanceKlass java/util/regex/Pattern$BmpCharPredicate
instanceKlass java/util/regex/Pattern$CharPredicate
instanceKlass java/util/regex/Pattern$Node
instanceKlass java/util/regex/Pattern
instanceKlass java/lang/PublicMethods$Key
instanceKlass java/lang/PublicMethods$MethodList
instanceKlass com/intellij/execution/rmi/RemoteObject
instanceKlass java/rmi/server/Unreferenced
instanceKlass com/intellij/database/remote/jdbc/RemoteDriver
instanceKlass com/intellij/execution/rmi/RemoteCastable
instanceKlass java/rmi/server/RMISocketFactory
instanceKlass java/rmi/server/RMIClientSocketFactory
instanceKlass java/rmi/server/RMIServerSocketFactory
instanceKlass com/intellij/execution/rmi/IdeaWatchdog
instanceKlass java/rmi/Remote
instanceKlass com/intellij/execution/rmi/RemoteServer
instanceKlass java/security/SecureClassLoader$DebugHolder
instanceKlass java/security/PermissionCollection
instanceKlass java/security/SecureClassLoader$1
instanceKlass java/security/SecureClassLoader$CodeSourceKey
instanceKlass java/util/zip/Checksum$1
instanceKlass java/util/zip/CRC32
instanceKlass java/util/zip/Checksum
instanceKlass sun/nio/ByteBuffered
instanceKlass java/lang/Package$VersionInfo
instanceKlass java/lang/NamedPackage
instanceKlass java/util/jar/Attributes$Name
instanceKlass java/util/jar/Attributes
instanceKlass jdk/internal/loader/Resource
instanceKlass sun/security/action/GetIntegerAction
instanceKlass sun/security/util/Debug
instanceKlass sun/security/util/SignatureFileVerifier
instanceKlass java/util/zip/ZipEntry
instanceKlass java/util/TreeMap$PrivateEntryIterator
instanceKlass java/util/TreeMap$Entry
instanceKlass java/util/NavigableMap
instanceKlass java/util/SortedMap
instanceKlass java/util/NavigableSet
instanceKlass java/util/SortedSet
instanceKlass jdk/internal/util/jar/JarIndex
instanceKlass java/nio/Bits$1
instanceKlass jdk/internal/misc/VM$BufferPool
instanceKlass java/nio/Bits
instanceKlass sun/nio/ch/DirectBuffer
instanceKlass jdk/internal/perf/PerfCounter$CoreCounters
instanceKlass jdk/internal/perf/Perf
instanceKlass jdk/internal/perf/Perf$GetPerfAction
instanceKlass jdk/internal/perf/PerfCounter
instanceKlass java/nio/file/attribute/FileTime
instanceKlass java/util/zip/ZipUtils
instanceKlass java/util/zip/ZipFile$Source$End
instanceKlass java/io/RandomAccessFile$2
instanceKlass jdk/internal/access/JavaIORandomAccessFileAccess
instanceKlass java/io/RandomAccessFile
instanceKlass java/io/DataInput
instanceKlass java/io/DataOutput
instanceKlass sun/nio/fs/WindowsNativeDispatcher$CompletionStatus
instanceKlass sun/nio/fs/WindowsNativeDispatcher$AclInformation
instanceKlass sun/nio/fs/WindowsNativeDispatcher$Account
instanceKlass sun/nio/fs/WindowsNativeDispatcher$DiskFreeSpace
instanceKlass sun/nio/fs/WindowsNativeDispatcher$VolumeInformation
instanceKlass sun/nio/fs/WindowsNativeDispatcher$FirstStream
instanceKlass sun/nio/fs/WindowsNativeDispatcher$FirstFile
instanceKlass java/util/concurrent/ConcurrentHashMap$Traverser
instanceKlass java/util/Enumeration
instanceKlass java/util/concurrent/ConcurrentHashMap$CollectionView
instanceKlass jdk/internal/loader/NativeLibraries$NativeLibraryImpl
instanceKlass jdk/internal/loader/NativeLibrary
instanceKlass java/util/ArrayDeque$DeqIterator
instanceKlass jdk/internal/loader/NativeLibraries$1
instanceKlass sun/nio/cs/ArrayEncoder
instanceKlass jdk/internal/loader/NativeLibraries$LibraryPaths
instanceKlass sun/nio/fs/WindowsNativeDispatcher
instanceKlass sun/nio/fs/NativeBuffer$Deallocator
instanceKlass sun/nio/fs/NativeBuffer
instanceKlass java/lang/ThreadLocal$ThreadLocalMap
instanceKlass sun/nio/fs/NativeBuffers
instanceKlass sun/nio/fs/WindowsFileAttributes
instanceKlass java/nio/file/attribute/DosFileAttributes
instanceKlass sun/nio/fs/AbstractBasicFileAttributeView
instanceKlass sun/nio/fs/DynamicFileAttributeView
instanceKlass sun/nio/fs/WindowsFileAttributeViews
instanceKlass sun/nio/fs/Util
instanceKlass java/nio/file/attribute/BasicFileAttributeView
instanceKlass java/nio/file/attribute/FileAttributeView
instanceKlass java/nio/file/attribute/AttributeView
instanceKlass java/nio/file/Files
instanceKlass java/nio/file/CopyOption
instanceKlass java/nio/file/attribute/BasicFileAttributes
instanceKlass sun/nio/fs/WindowsPath
instanceKlass java/nio/file/Path
instanceKlass java/nio/file/Watchable
instanceKlass java/util/zip/ZipFile$Source$Key
instanceKlass sun/nio/fs/WindowsPathParser$Result
instanceKlass sun/nio/fs/WindowsPathParser
instanceKlass java/util/Collections$UnmodifiableCollection
instanceKlass java/util/Arrays$ArrayItr
instanceKlass java/nio/file/FileSystem
instanceKlass java/nio/file/OpenOption
instanceKlass java/nio/file/spi/FileSystemProvider
instanceKlass sun/nio/fs/DefaultFileSystemProvider
instanceKlass java/util/zip/ZipFile$Source
instanceKlass java/util/zip/ZipCoder
instanceKlass java/util/zip/ZipFile$CleanableResource
instanceKlass java/lang/Runtime$Version
instanceKlass java/util/jar/JavaUtilJarAccessImpl
instanceKlass jdk/internal/access/JavaUtilJarAccess
instanceKlass java/nio/charset/CoderResult
instanceKlass java/lang/Readable
instanceKlass jdk/internal/loader/FileURLMapper
instanceKlass jdk/internal/loader/URLClassPath$JarLoader$1
instanceKlass java/util/zip/ZipFile$1
instanceKlass jdk/internal/access/JavaUtilZipFileAccess
instanceKlass java/util/zip/ZipFile
instanceKlass java/util/zip/ZipConstants
instanceKlass jdk/internal/loader/URLClassPath$Loader
instanceKlass jdk/internal/loader/URLClassPath$3
instanceKlass java/security/PrivilegedExceptionAction
instanceKlass sun/util/locale/LocaleObjectCache
instanceKlass sun/util/locale/BaseLocale$Key
instanceKlass sun/util/locale/LocaleUtils
instanceKlass sun/util/locale/BaseLocale
instanceKlass java/util/Locale
instanceKlass sun/net/util/URLUtil
instanceKlass sun/launcher/LauncherHelper
instanceKlass java/lang/invoke/StringConcatFactory$3
instanceKlass java/lang/invoke/StringConcatFactory$2
instanceKlass java/lang/invoke/StringConcatFactory$1
instanceKlass java/lang/invoke/StringConcatFactory
instanceKlass java/util/function/BiFunction
instanceKlass java/lang/WeakPairMap$Pair$Lookup
instanceKlass java/lang/WeakPairMap$Pair
instanceKlass java/lang/WeakPairMap
instanceKlass java/lang/Module$ReflectionData
instanceKlass java/lang/ref/Cleaner$Cleanable
instanceKlass jdk/internal/ref/CleanerImpl
instanceKlass java/lang/ref/Cleaner$1
instanceKlass java/lang/ref/Cleaner
instanceKlass jdk/internal/ref/CleanerFactory$1
instanceKlass java/util/concurrent/ThreadFactory
instanceKlass jdk/internal/ref/CleanerFactory
instanceKlass jdk/internal/org/objectweb/asm/FieldVisitor
instanceKlass java/util/ArrayList$Itr
instanceKlass java/lang/invoke/InvokerBytecodeGenerator$ClassData
instanceKlass jdk/internal/org/objectweb/asm/Frame
instanceKlass java/lang/invoke/LambdaFormBuffer
instanceKlass java/lang/invoke/LambdaFormEditor$TransformKey
instanceKlass java/lang/invoke/LambdaFormEditor
instanceKlass sun/invoke/util/Wrapper$1
instanceKlass java/lang/invoke/DelegatingMethodHandle$Holder
instanceKlass java/lang/invoke/DirectMethodHandle$2
instanceKlass sun/invoke/empty/Empty
instanceKlass sun/invoke/util/VerifyType
instanceKlass java/lang/invoke/ClassSpecializer$Factory
instanceKlass java/lang/invoke/ClassSpecializer$SpeciesData
instanceKlass java/lang/invoke/ClassSpecializer$1
instanceKlass java/lang/invoke/ClassSpecializer
instanceKlass java/lang/invoke/InnerClassLambdaMetafactory$1
instanceKlass java/lang/invoke/MethodHandles$Lookup$ClassDefiner
instanceKlass jdk/internal/org/objectweb/asm/ClassReader
instanceKlass java/lang/invoke/MethodHandles$Lookup$ClassFile
instanceKlass jdk/internal/org/objectweb/asm/AnnotationVisitor
instanceKlass jdk/internal/org/objectweb/asm/Attribute
instanceKlass jdk/internal/org/objectweb/asm/Handler
instanceKlass jdk/internal/org/objectweb/asm/Label
instanceKlass jdk/internal/org/objectweb/asm/MethodVisitor
instanceKlass java/lang/invoke/LambdaProxyClassArchive
instanceKlass jdk/internal/org/objectweb/asm/ByteVector
instanceKlass jdk/internal/org/objectweb/asm/Symbol
instanceKlass jdk/internal/org/objectweb/asm/SymbolTable
instanceKlass jdk/internal/org/objectweb/asm/ClassVisitor
instanceKlass java/lang/invoke/InfoFromMemberName
instanceKlass java/lang/invoke/MethodHandleInfo
instanceKlass jdk/internal/org/objectweb/asm/ConstantDynamic
instanceKlass sun/invoke/util/BytecodeDescriptor
instanceKlass jdk/internal/org/objectweb/asm/Handle
instanceKlass sun/security/action/GetBooleanAction
instanceKlass jdk/internal/org/objectweb/asm/Type
instanceKlass java/lang/invoke/AbstractValidatingLambdaMetafactory
instanceKlass java/lang/invoke/MethodHandleImpl$1
instanceKlass jdk/internal/access/JavaLangInvokeAccess
instanceKlass java/lang/invoke/Invokers$Holder
instanceKlass java/lang/invoke/BootstrapMethodInvoker
instanceKlass java/lang/invoke/InvokerBytecodeGenerator$2
instanceKlass java/lang/invoke/InvokerBytecodeGenerator
instanceKlass java/lang/invoke/LambdaForm$Holder
instanceKlass java/lang/invoke/LambdaForm$Name
instanceKlass java/lang/reflect/Array
instanceKlass java/lang/invoke/Invokers
instanceKlass java/lang/invoke/MethodHandleImpl
instanceKlass sun/invoke/util/ValueConversions
instanceKlass java/lang/invoke/DirectMethodHandle$Holder
instanceKlass java/lang/invoke/LambdaForm$NamedFunction
instanceKlass sun/invoke/util/Wrapper$Format
instanceKlass java/lang/invoke/MethodTypeForm
instanceKlass java/lang/Void
instanceKlass java/lang/invoke/MethodType$ConcurrentWeakInternSet
instanceKlass java/lang/invoke/LambdaMetafactory
instanceKlass java/lang/ModuleLayer$Controller
instanceKlass java/util/concurrent/CopyOnWriteArrayList
instanceKlass jdk/internal/module/ServicesCatalog$ServiceProvider
instanceKlass jdk/internal/loader/AbstractClassLoaderValue$Memoizer
instanceKlass java/util/ImmutableCollections$ListItr
instanceKlass java/util/ListIterator
instanceKlass java/lang/ModuleLayer
instanceKlass jdk/internal/module/ModuleLoaderMap$Modules
instanceKlass jdk/internal/module/ModuleLoaderMap$Mapper
instanceKlass java/util/function/Function
instanceKlass jdk/internal/module/ModuleLoaderMap
instanceKlass java/util/AbstractMap$1$1
instanceKlass java/lang/module/ResolvedModule
instanceKlass java/lang/module/Configuration
instanceKlass jdk/internal/loader/BuiltinClassLoader$LoadedModule
instanceKlass jdk/internal/loader/AbstractClassLoaderValue
instanceKlass jdk/internal/module/ServicesCatalog
instanceKlass jdk/internal/util/Preconditions
instanceKlass sun/net/util/IPAddressUtil
instanceKlass java/net/URLStreamHandler
instanceKlass java/util/HexFormat
instanceKlass sun/net/www/ParseUtil
instanceKlass java/net/URL$3
instanceKlass jdk/internal/access/JavaNetURLAccess
instanceKlass java/net/URL$DefaultFactory
instanceKlass java/net/URLStreamHandlerFactory
instanceKlass jdk/internal/loader/URLClassPath
instanceKlass java/security/Principal
instanceKlass java/security/ProtectionDomain$Key
instanceKlass java/security/ProtectionDomain$JavaSecurityAccessImpl
instanceKlass jdk/internal/access/JavaSecurityAccess
instanceKlass java/lang/ClassLoader$ParallelLoaders
instanceKlass java/security/cert/Certificate
instanceKlass jdk/internal/loader/ArchivedClassLoaders
instanceKlass java/util/Deque
instanceKlass java/util/Queue
instanceKlass jdk/internal/loader/ClassLoaderHelper
instanceKlass jdk/internal/loader/NativeLibraries
instanceKlass jdk/internal/loader/BootLoader
instanceKlass java/util/Optional
instanceKlass jdk/internal/module/SystemModuleFinders$SystemModuleFinder
instanceKlass java/lang/module/ModuleFinder
instanceKlass jdk/internal/module/SystemModuleFinders$3
instanceKlass jdk/internal/module/ModuleHashes$HashSupplier
instanceKlass jdk/internal/module/SystemModuleFinders$2
instanceKlass java/util/function/Supplier
instanceKlass java/lang/module/ModuleReference
instanceKlass jdk/internal/module/ModuleResolution
instanceKlass java/util/Collections$UnmodifiableMap
instanceKlass jdk/internal/module/ModuleHashes$Builder
instanceKlass jdk/internal/module/ModuleHashes
instanceKlass jdk/internal/module/ModuleTarget
instanceKlass java/util/ImmutableCollections$Set12$1
instanceKlass java/lang/Enum
instanceKlass java/lang/module/ModuleDescriptor$Version
instanceKlass java/lang/module/ModuleDescriptor$Provides
instanceKlass java/lang/module/ModuleDescriptor$Opens
instanceKlass java/util/ImmutableCollections$SetN$SetNIterator
instanceKlass java/lang/module/ModuleDescriptor$Exports
instanceKlass java/lang/module/ModuleDescriptor$Requires
instanceKlass jdk/internal/module/Builder
instanceKlass jdk/internal/module/SystemModules$default
instanceKlass jdk/internal/module/SystemModules
instanceKlass jdk/internal/module/SystemModulesMap
instanceKlass java/net/URI$1
instanceKlass jdk/internal/access/JavaNetUriAccess
instanceKlass java/net/URI
instanceKlass jdk/internal/module/SystemModuleFinders
instanceKlass jdk/internal/module/ArchivedModuleGraph
instanceKlass jdk/internal/module/ArchivedBootLayer
instanceKlass jdk/internal/module/ModuleBootstrap$Counters
instanceKlass jdk/internal/module/ModulePatcher
instanceKlass java/io/FileSystem
instanceKlass java/io/DefaultFileSystem
instanceKlass java/io/File
instanceKlass java/lang/module/ModuleDescriptor$1
instanceKlass jdk/internal/access/JavaLangModuleAccess
instanceKlass sun/invoke/util/VerifyAccess
instanceKlass java/lang/module/ModuleDescriptor
instanceKlass jdk/internal/module/ModuleBootstrap
instanceKlass java/lang/invoke/MethodHandleStatics
instanceKlass java/util/Collections
instanceKlass sun/io/Win32ErrorMode
instanceKlass jdk/internal/misc/OSEnvironment
instanceKlass jdk/internal/misc/Signal$NativeHandler
instanceKlass java/util/Hashtable$Entry
instanceKlass jdk/internal/misc/Signal
instanceKlass java/lang/Terminator$1
instanceKlass jdk/internal/misc/Signal$Handler
instanceKlass java/lang/Terminator
instanceKlass java/nio/ByteOrder
instanceKlass java/nio/Buffer$1
instanceKlass jdk/internal/access/JavaNioAccess
instanceKlass jdk/internal/misc/ScopedMemoryAccess
instanceKlass java/nio/charset/CharsetEncoder
instanceKlass sun/security/action/GetPropertyAction
instanceKlass java/io/Writer
instanceKlass java/io/OutputStream
instanceKlass java/io/Flushable
instanceKlass java/io/FileDescriptor$1
instanceKlass jdk/internal/access/JavaIOFileDescriptorAccess
instanceKlass java/io/FileDescriptor
instanceKlass jdk/internal/util/StaticProperty
instanceKlass java/util/HashMap$HashIterator
instanceKlass java/lang/Integer$IntegerCache
instanceKlass java/lang/CharacterData
instanceKlass java/lang/VersionProps
instanceKlass java/lang/StringConcatHelper
instanceKlass java/lang/StringCoding
instanceKlass java/nio/charset/CodingErrorAction
instanceKlass sun/nio/cs/SingleByte
instanceKlass java/lang/StringUTF16
instanceKlass sun/nio/cs/MS1251$Holder
instanceKlass java/nio/charset/CharsetDecoder
instanceKlass sun/nio/cs/ArrayDecoder
instanceKlass java/lang/reflect/Modifier
instanceKlass java/lang/Class$1
instanceKlass java/lang/Class$Atomic
instanceKlass java/lang/Class$ReflectionData
instanceKlass jdk/internal/util/ArraysSupport
instanceKlass java/nio/charset/StandardCharsets
instanceKlass sun/nio/cs/HistoricallyNamedCharset
instanceKlass java/util/Arrays
instanceKlass java/lang/ThreadLocal
instanceKlass java/nio/charset/spi/CharsetProvider
instanceKlass java/nio/charset/Charset
instanceKlass jdk/internal/util/SystemProps$Raw
instanceKlass jdk/internal/util/SystemProps
instanceKlass java/lang/System$2
instanceKlass jdk/internal/misc/VM
instanceKlass jdk/internal/access/JavaLangAccess
instanceKlass java/lang/ref/Reference$1
instanceKlass jdk/internal/access/JavaLangRefAccess
instanceKlass java/lang/ref/ReferenceQueue$Lock
instanceKlass java/lang/ref/ReferenceQueue
instanceKlass jdk/internal/reflect/ReflectionFactory
instanceKlass jdk/internal/reflect/ReflectionFactory$GetReflectionFactoryAction
instanceKlass java/security/PrivilegedAction
instanceKlass java/util/concurrent/locks/LockSupport
instanceKlass java/util/concurrent/ConcurrentHashMap$Node
instanceKlass java/util/concurrent/ConcurrentHashMap$CounterCell
instanceKlass java/util/concurrent/locks/ReentrantLock
instanceKlass java/util/concurrent/locks/Lock
instanceKlass java/lang/Runtime
instanceKlass java/util/HashMap$Node
instanceKlass java/util/KeyValueHolder
instanceKlass java/util/Map$Entry
instanceKlass java/util/ImmutableCollections$MapN$MapNIterator
instanceKlass java/lang/Math
instanceKlass jdk/internal/reflect/Reflection
instanceKlass java/lang/invoke/MethodHandles$Lookup
instanceKlass java/lang/StringLatin1
instanceKlass java/security/Permission
instanceKlass java/security/Guard
instanceKlass java/lang/invoke/MemberName$Factory
instanceKlass java/lang/invoke/MethodHandles
instanceKlass jdk/internal/access/SharedSecrets
instanceKlass java/lang/reflect/ReflectAccess
instanceKlass jdk/internal/access/JavaLangReflectAccess
instanceKlass java/util/ImmutableCollections
instanceKlass java/util/Objects
instanceKlass java/util/Set
instanceKlass jdk/internal/misc/CDS
instanceKlass java/lang/Module$ArchivedData
instanceKlass java/lang/String$CaseInsensitiveComparator
instanceKlass java/util/Comparator
instanceKlass java/io/ObjectStreamField
instanceKlass jdk/internal/vm/vector/VectorSupport$VectorPayload
instanceKlass jdk/internal/vm/vector/VectorSupport
instanceKlass java/lang/reflect/RecordComponent
instanceKlass java/util/Iterator
instanceKlass java/lang/Number
instanceKlass java/lang/Character
instanceKlass java/lang/Boolean
instanceKlass java/util/concurrent/locks/AbstractOwnableSynchronizer
instanceKlass java/lang/LiveStackFrame
instanceKlass java/lang/StackFrameInfo
instanceKlass java/lang/StackWalker$StackFrame
instanceKlass java/lang/StackStreamFactory$AbstractStackWalker
instanceKlass java/lang/StackWalker
instanceKlass java/nio/Buffer
instanceKlass java/lang/StackTraceElement
instanceKlass java/util/AbstractCollection
instanceKlass java/util/RandomAccess
instanceKlass java/util/List
instanceKlass java/util/Collection
instanceKlass java/lang/Iterable
instanceKlass java/util/AbstractMap
instanceKlass java/util/concurrent/ConcurrentMap
instanceKlass java/security/CodeSource
instanceKlass jdk/internal/loader/ClassLoaders
instanceKlass java/util/jar/Manifest
instanceKlass java/net/URL
instanceKlass java/io/InputStream
instanceKlass java/io/Closeable
instanceKlass java/lang/AutoCloseable
instanceKlass jdk/internal/module/Modules
instanceKlass jdk/internal/misc/Unsafe
instanceKlass jdk/internal/misc/UnsafeConstants
instanceKlass java/lang/AbstractStringBuilder
instanceKlass java/lang/Appendable
instanceKlass java/lang/AssertionStatusDirectives
instanceKlass java/lang/invoke/MethodHandleNatives$CallSiteContext
instanceKlass jdk/internal/invoke/NativeEntryPoint
instanceKlass java/lang/invoke/CallSite
instanceKlass java/lang/invoke/MethodType
instanceKlass java/lang/invoke/TypeDescriptor$OfMethod
instanceKlass java/lang/invoke/LambdaForm
instanceKlass java/lang/invoke/MethodHandleNatives
instanceKlass java/lang/invoke/ResolvedMethodName
instanceKlass java/lang/invoke/MemberName
instanceKlass java/lang/invoke/VarHandle
instanceKlass java/lang/invoke/MethodHandle
instanceKlass jdk/internal/reflect/CallerSensitive
instanceKlass java/lang/annotation/Annotation
instanceKlass jdk/internal/reflect/FieldAccessor
instanceKlass jdk/internal/reflect/ConstantPool
instanceKlass jdk/internal/reflect/ConstructorAccessor
instanceKlass jdk/internal/reflect/MethodAccessor
instanceKlass jdk/internal/reflect/MagicAccessorImpl
instanceKlass java/lang/reflect/Parameter
instanceKlass java/lang/reflect/Member
instanceKlass java/lang/reflect/AccessibleObject
instanceKlass java/lang/Module
instanceKlass java/util/Dictionary
instanceKlass java/util/Map
instanceKlass java/lang/ThreadGroup
instanceKlass java/lang/Thread$UncaughtExceptionHandler
instanceKlass java/lang/Thread
instanceKlass java/lang/Runnable
instanceKlass java/lang/ref/Reference
instanceKlass java/lang/Record
instanceKlass java/security/AccessController
instanceKlass java/security/AccessControlContext
instanceKlass java/security/ProtectionDomain
instanceKlass java/lang/SecurityManager
instanceKlass java/lang/Throwable
instanceKlass java/lang/System
instanceKlass java/lang/ClassLoader
instanceKlass java/lang/Cloneable
instanceKlass java/lang/Class
instanceKlass java/lang/invoke/TypeDescriptor$OfField
instanceKlass java/lang/invoke/TypeDescriptor
instanceKlass java/lang/reflect/Type
instanceKlass java/lang/reflect/GenericDeclaration
instanceKlass java/lang/reflect/AnnotatedElement
instanceKlass java/lang/String
instanceKlass java/lang/constant/ConstantDesc
instanceKlass java/lang/constant/Constable
instanceKlass java/lang/CharSequence
instanceKlass java/lang/Comparable
instanceKlass java/io/Serializable
ciInstanceKlass java/lang/Object 1 1 92 7 1 10 12 1 1 10 7 12 1 1 1 10 7 12 1 1 1 10 12 1 1 8 1 10 12 1 1 10 7 12 1 1 1 10 12 1 10 12 1 1 100 1 8 1 10 12 1 3 8 1 100 1 5 0 1 1 1 1 1 1 1 1 1 1 1 1 1 1 1 1 7 1 1 1 7 1 1 1 1 1 1 1 7 1 1 1 1 1 1 1
ciInstanceKlass java/io/Serializable 1 0 7 100 1 100 1 1 1
ciInstanceKlass java/lang/CharSequence 1 1 130 11 100 12 1 1 1 18 12 1 1 100 1 10 100 12 1 1 1 18 10 100 12 1 1 1 10 100 12 1 1 1 100 1 11 12 1 1 10 100 12 1 1 1 11 12 1 1 100 1 10 12 1 1 10 100 12 1 1 1 100 1 10 10 12 1 1 1 1 1 1 1 1 1 1 1 1 1 1 1 1 1 1 1 1 1 1 1 1 1 1 1 1 1 1 1 1 1 1 15 10 100 12 1 1 1 16 1 15 11 12 16 15 11 12 1 1 100 1 100 1 1 100 1 1 100 1 100 1 1
ciInstanceKlass java/lang/String 1 1 1396 10 7 12 1 1 1 8 1 9 7 12 1 1 1 9 12 1 1 9 12 1 1 10 12 1 10 12 1 1 10 12 1 1 9 12 1 1 10 7 12 1 1 1 10 7 1 10 7 12 1 1 1 10 12 1 1 10 12 1 1 10 12 1 10 12 1 1 10 12 1 10 7 12 1 1 1 9 7 12 1 1 1 10 7 12 1 1 1 10 12 1 1 10 12 1 1 10 12 1 1 10 12 1 1 10 12 1 1 9 7 12 1 1 10 12 9 7 12 1 1 3 10 7 12 1 1 1 7 1 11 12 1 1 11 12 1 11 12 1 1 10 100 12 1 1 1 10 12 1 1 9 100 12 1 1 1 10 12 1 1 10 12 1 11 12 1 1 10 12 1 1 10 12 10 12 1 1 10 100 12 1 1 1 10 7 12 1 1 1 10 12 1 1 100 1 100 1 10 12 1 10 12 1 10 12 1 1 100 1 10 12 1 1 100 1 10 12 1 1 10 12 1 1 10 10 12 1 100 1 100 1 100 1 10 12 1 10 12 1 1 10 12 1 1 10 12 1 10 12 1 1 10 12 1 1 10 7 12 1 1 7 1 11 11 12 1 11 12 1 10 12 1 1 10 12 1 10 12 10 12 1 1 10 10 100 12 1 1 1 10 100 12 1 1 10 12 1 1 10 100 12 1 1 10 12 1 10 12 1 1 10 12 1 1 10 12 1 10 12 1 10 12 1 1 100 1 10 12 1 1 10 12 10 12 1 10 12 1 1 10 7 12 1 1 1 10 12 1 10 12 1 1 10 12 1 10 12 1 3 3 10 12 1 10 12 1 1 10 12 1 1 10 12 1 1 10 12 1 10 12 1 1 10 12 1 1 10 12 1 10 12 1 10 12 1 10 12 1 1 10 12 1 10 12 1 10 12 1 10 12 1 10 12 1 10 12 1 10 100 1 10 8 1 10 12 1 1 10 12 1 8 1 10 12 1 1 10 12 10 12 1 8 1 10 10 12 1 1 10 12 1 1 10 12 1 10 12 1 1 10 12 10 100 1 10 10 12 1 10 12 1 10 12 1 10 10 12 1 10 12 1 1 10 12 1 100 1 10 10 12 1 100 1 10 10 12 1 10 12 1 1 10 12 1 10 12 1 1 10 10 12 1 1 10 100 1 10 10 12 1 10 12 1 1 10 12 1 1 10 100 1 10 12 1 10 12 1 10 12 1 10 12 1 1 10 12 1 11 7 1 11 12 10 12 1 10 12 1 1 10 12 1 1 10 10 12 1 10 12 1 9 12 1 1 11 7 12 1 1 1 10 10 12 1 10 12 1 1 10 10 12 1 10 12 1 10 12 1 1 9 12 1 10 12 1 1 10 10 12 1 1 10 12 10 10 12 1 10 12 10 10 12 10 10 12 1 10 12 1 10 12 10 10 12 10 12 1 10 12 10 12 10 10 12 1 10 12 1 1 10 12 1 10 10 12 1 10 7 12 1 1 1 10 12 1 1 10 10 100 12 1 1 1 11 10 12 1 10 12 1 1 10 12 1 1 10 100 12 1 1 1 10 12 1 10 10 12 1 10 12 1 10 12 1 10 100 12 1 1 10 12 1 100 1 100 1 8 1 10 10 10 12 1 8 1 10 12 1 3 3 7 1 10 10 12 1 10 12 1 10 12 1 1 10 12 1 1 11 7 12 1 1 1 7 1 10 12 1 1 10 12 1 10 12 1 1 10 12 1 1 8 1 10 12 1 1 10 12 1 11 100 12 1 1 1 11 100 12 1 1 11 12 1 1 10 12 1 10 12 1 1 10 10 7 12 1 1 1 10 12 1 10 12 1 10 10 12 10 12 1 1 10 10 12 1 10 10 12 1 10 10 12 1 10 10 12 1 10 12 1 1 10 10 12 1 8 1 10 12 1 1 18 12 1 1 11 100 12 1 1 1 100 1 3 18 12 1 18 12 1 8 1 10 100 12 1 1 1 11 12 1 1 10 12 10 10 12 1 10 11 12 1 1 10 12 1 1 11 12 1 18 3 11 10 12 1 11 11 10 12 1 10 12 1 1 8 1 10 12 1 10 12 1 10 12 1 1 10 10 12 1 11 100 12 1 7 1 100 1 10 12 1 7 1 10 10 7 12 1 1 1 100 1 10 7 1 10 10 12 1 10 10 12 1 8 1 10 10 12 1 8 1 8 1 10 12 1 10 12 1 10 10 12 10 100 12 1 1 10 100 12 1 1 10 100 12 1 1 8 1 10 12 1 10 12 1 1 10 10 12 8 1 8 1 10 8 1 8 1 8 1 8 1 10 12 1 10 12 1 8 1 10 100 12 1 1 1 10 12 10 12 1 1 10 12 10 10 12 10 12 7 1 9 12 1 1 7 1 10 100 1 100 1 100 1 100 1 1 1 1 1 1 5 0 1 1 1 1 1 3 1 3 1 1 1 1 1 1 1 1 1 1 1 1 1 1 1 100 1 1 1 100 1 1 1 1 1 1 1 1 1 1 1 1 1 1 1 1 1 1 1 1 1 1 1 1 1 1 1 100 1 1 1 1 1 1 1 1 1 100 1 1 1 1 1 1 1 1 1 1 1 1 1 1 1 1 1 1 1 1 1 1 1 1 1 1 1 1 1 1 1 1 1 1 1 1 1 1 1 1 1 1 1 1 1 1 1 1 1 1 1 1 1 1 1 1 1 1 1 1 1 1 1 1 1 1 1 1 1 1 1 1 1 1 1 1 1 1 1 1 1 1 1 1 1 1 1 1 1 1 1 1 1 1 1 1 1 1 1 1 1 1 1 1 1 1 1 1 1 1 1 1 1 1 1 1 1 1 1 1 1 1 1 1 1 1 1 1 1 1 1 1 1 1 1 1 1 1 1 1 1 1 1 1 1 1 1 1 1 1 1 1 1 1 1 1 1 1 1 1 1 1 1 1 1 1 1 1 1 100 1 1 1 1 1 1 1 1 1 1 1 1 1 1 1 1 1 1 1 1 1 1 1 1 100 1 1 1 1 1 1 1 1 1 1 1 1 1 100 1 1 1 1 1 1 1 1 1 1 1 1 1 1 1 15 10 100 12 1 1 1 16 15 10 12 16 15 10 12 15 10 12 15 10 12 1 1 1 1 100 1 100 1 1 1
staticfield java/lang/String COMPACT_STRINGS Z 1
staticfield java/lang/String serialPersistentFields [Ljava/io/ObjectStreamField; 0 [Ljava/io/ObjectStreamField;
staticfield java/lang/String CASE_INSENSITIVE_ORDER Ljava/util/Comparator; java/lang/String$CaseInsensitiveComparator
ciInstanceKlass java/lang/Class 1 1 1611 10 7 12 1 1 1 9 7 12 1 1 1 9 12 1 1 7 1 10 10 12 1 1 8 1 10 12 1 8 1 8 1 10 12 1 1 10 12 1 1 10 12 1 10 10 12 1 10 12 1 1 10 12 1 1 10 7 12 1 1 10 12 1 10 12 1 10 12 1 8 1 10 12 1 8 1 10 12 1 8 1 8 1 10 12 1 1 10 7 12 1 1 1 18 12 1 1 11 7 12 1 1 1 8 1 8 1 8 1 10 7 12 1 1 1 11 12 1 1 7 1 8 1 10 12 1 11 100 12 1 1 1 10 12 1 1 11 8 1 18 8 1 10 12 1 10 7 12 1 1 10 7 12 1 1 1 10 12 1 1 10 7 12 1 1 1 9 7 12 1 1 1 10 100 12 1 1 1 10 7 12 1 1 1 10 12 1 1 18 12 1 1 10 7 12 1 1 1 10 7 12 1 1 10 12 1 1 10 7 1 100 1 10 12 1 1 9 12 1 1 100 1 8 1 10 12 1 10 12 1 1 10 12 1 1 10 7 12 1 1 1 7 1 10 12 1 7 1 100 1 10 10 12 1 1 10 12 1 1 100 1 10 100 12 1 1 1 10 12 1 1 10 12 1 1 9 12 1 1 10 12 1 10 12 1 10 12 1 1 9 12 1 1 9 12 1 1 10 12 1 1 10 7 1 10 12 1 10 12 1 10 12 1 1 10 9 12 1 10 12 1 8 1 10 12 1 1 10 12 1 1 10 12 1 10 12 1 1 10 12 1 1 10 12 1 1 9 7 12 1 1 1 10 7 12 1 1 10 12 10 12 1 10 12 1 1 10 100 12 1 1 10 12 1 10 12 1 1 10 100 12 1 1 1 10 12 1 10 12 1 1 10 12 1 10 12 1 10 12 1 1 10 7 1 10 10 10 12 1 1 10 12 1 1 10 12 10 12 1 1 100 1 8 1 10 10 12 1 1 10 12 1 100 1 11 12 1 10 100 12 1 1 10 12 1 10 12 1 10 100 12 1 1 10 10 12 1 1 8 1 10 12 1 10 12 1 1 8 1 9 12 1 10 12 1 10 12 1 10 12 1 10 12 100 1 9 12 1 10 12 1 9 12 1 10 12 1 10 12 1 10 12 1 10 10 12 1 10 12 1 10 12 1 10 12 1 10 12 1 10 12 1 100 1 10 12 1 10 12 1 1 10 12 1 1 10 12 1 1 10 12 1 1 10 12 1 1 10 12 1 1 7 1 10 10 12 1 1 10 12 1 1 10 12 1 1 10 10 12 1 10 12 1 1 10 12 1 1 10 12 1 1 10 12 1 1 7 1 10 10 12 11 100 12 1 1 10 12 1 1 10 12 1 10 7 12 1 1 1 10 12 1 1 10 10 12 1 1 100 1 10 10 12 1 1 10 100 12 1 1 1 100 1 100 1 10 12 1 1 10 12 1 10 10 12 1 1 10 12 1 10 12 1 10 12 1 10 100 12 1 1 1 11 7 12 1 1 10 12 1 10 12 1 9 12 1 10 12 1 1 10 12 1 9 12 1 1 7 1 10 9 12 1 1 10 12 7 1 10 12 1 9 12 1 10 100 12 1 1 1 10 12 1 10 12 1 10 100 12 1 1 1 10 12 1 10 12 10 12 1 1 100 1 10 8 1 10 12 1 11 11 12 1 1 11 7 12 1 1 11 12 1 8 1 10 12 1 10 12 1 1 9 12 1 9 12 1 1 10 7 12 1 1 9 12 1 10 12 1 1 10 10 12 1 10 7 12 1 1 1 10 7 12 1 1 10 7 12 1 1 9 12 1 1 10 12 1 9 12 1 10 12 1 10 12 1 1 9 12 1 1 9 12 1 10 12 1 10 12 1 1 9 12 1 7 1 10 10 12 1 1 7 1 10 12 1 1 7 11 7 1 9 12 1 1 9 12 1 100 1 10 12 1 9 12 1 1 9 12 1 10 12 1 10 12 1 1 9 12 1 7 1 10 10 12 1 1 10 10 12 1 1 10 12 10 10 12 1 9 12 1 10 12 1 1 10 7 12 1 1 1 10 12 1 1 10 12 1 8 10 7 8 1 18 8 1 8 1 10 12 1 9 12 1 9 12 1 1 10 12 1 7 1 7 1 10 12 1 9 12 1 1 7 1 10 10 12 1 10 7 1 9 12 1 8 1 10 12 1 7 1 10 12 1 10 12 1 1 9 12 1 100 1 8 1 10 7 1 4 10 10 12 11 7 12 1 1 1 10 12 1 100 1 10 12 1 1 10 8 1 8 1 10 12 1 1 9 7 12 1 1 11 12 7 1 11 100 12 1 1 9 12 1 10 7 12 1 1 1 10 7 12 1 1 10 12 1 1 9 12 1 9 10 12 1 1 10 12 1 1 10 12 1 1 10 12 1 1 10 12 1 1 11 12 1 7 1 11 12 1 10 7 12 1 1 1 10 12 1 7 1 11 12 1 10 7 12 1 1 1 10 12 1 10 11 12 1 11 12 1 1 10 12 1 10 12 1 1 9 12 1 1 9 100 12 1 1 10 12 1 10 100 12 1 1 1 10 12 1 1 10 12 1 10 12 1 10 12 1 10 7 12 1 1 1 10 12 1 8 1 10 12 1 10 12 1 10 12 1 10 100 12 1 1 1 11 100 12 1 1 1 10 12 1 1 10 12 1 18 12 1 1 11 12 1 1 18 11 12 1 18 12 1 11 12 1 10 12 1 1 10 12 1 10 12 1 10 12 10 12 1 8 1 10 12 1 7 1 9 12 1 1 100 1 100 1 100 1 100 1 100 1 1 1 3 1 3 1 3 1 1 1 1 1 1 1 5 0 1 1 1 1 1 1 1 1 1 1 1 1 1 1 1 1 1 1 1 1 1 1 1 100 1 1 1 1 1 1 1 100 1 1 1 1 1 1 100 1 1 1 1 1 1 1 1 1 1 1 1 1 1 1 1 1 1 1 1 1 1 1 1 1 1 1 1 1 1 1 1 1 1 1 1 1 1 100 1 1 1 1 1 1 1 1 1 1 1 1 1 1 1 1 1 1 1 1 1 1 1 1 1 1 1 1 100 1 1 1 1 1 1 1 1 1 1 1 1 1 1 1 1 1 1 1 1 1 1 1 1 1 1 1 1 1 1 1 1 1 1 1 1 1 1 1 1 1 1 1 1 1 1 1 1 1 1 1 1 1 100 1 100 1 1 1 1 1 1 1 1 1 1 1 1 1 1 1 1 1 1 1 1 1 1 1 1 1 1 1 1 1 1 1 1 1 1 1 1 1 1 1 1 1 1 1 1 1 1 1 1 1 1 1 1 1 1 1 1 1 1 1 1 1 1 1 100 1 1 1 1 1 1 1 1 1 1 1 1 1 1 1 1 1 1 1 1 1 1 1 1 1 1 1 1 1 1 1 1 1 1 1 1 1 1 1 1 1 1 1 1 1 1 1 1 1 1 1 1 1 1 1 1 1 1 1 1 1 1 1 1 1 1 1 1 15 10 7 12 1 1 1 16 15 10 12 16 15 11 12 16 1 16 15 16 15 10 12 16 16 15 10 12 16 15 16 1 15 10 12 16 1 1 1 1 1 1 1 1 100 1 1 100 1 100 1 1 100 1 100 1 1
staticfield java/lang/Class EMPTY_CLASS_ARRAY [Ljava/lang/Class; 0 [Ljava/lang/Class;
staticfield java/lang/Class serialPersistentFields [Ljava/io/ObjectStreamField; 0 [Ljava/io/ObjectStreamField;
ciInstanceKlass java/lang/Cloneable 1 0 7 100 1 100 1 1 1
instanceKlass com/oracle/truffle/host/HostClassLoader
instanceKlass jdk/internal/reflect/DelegatingClassLoader
instanceKlass java/security/SecureClassLoader
ciInstanceKlass java/lang/ClassLoader 1 1 1098 9 7 12 1 1 1 10 7 12 1 1 1 9 12 1 1 10 7 12 1 1 1 7 1 10 12 1 1 10 12 1 1 9 12 1 1 10 12 1 1 100 1 10 12 1 10 12 1 1 10 7 12 1 1 1 100 1 8 1 10 12 1 10 7 12 1 1 1 10 100 12 1 10 7 1 10 7 1 7 1 7 1 10 12 1 10 12 1 9 12 1 1 10 10 7 12 1 1 1 9 12 1 1 9 12 1 9 12 1 1 9 12 1 9 12 1 1 9 12 1 1 7 1 10 12 1 9 12 1 1 10 12 1 1 10 7 12 1 1 1 9 12 1 9 12 1 1 9 12 1 10 12 1 1 9 12 10 12 1 1 7 1 10 8 1 10 12 1 1 10 12 1 10 7 1 7 1 10 12 1 1 10 7 12 1 1 1 8 1 10 12 1 10 12 1 10 12 1 1 10 12 1 1 10 12 1 1 10 12 1 1 10 12 1 1 10 12 1 7 1 10 12 1 10 7 12 1 1 1 10 12 1 1 10 12 1 10 12 1 10 12 1 10 12 1 10 12 1 1 10 10 12 1 10 12 1 10 100 12 1 1 10 12 1 1 10 12 1 1 10 12 1 100 1 10 12 1 100 1 10 12 1 10 100 12 1 1 1 10 10 12 1 1 10 12 1 1 100 1 8 1 10 8 1 10 12 1 10 12 1 100 1 8 1 10 12 1 1 10 12 1 1 10 10 12 1 1 10 12 1 1 10 12 1 1 10 7 1 10 12 1 1 10 12 1 1 10 12 1 1 10 12 1 1 10 12 1 1 10 12 1 1 10 12 1 10 7 12 1 1 1 10 12 1 10 12 1 10 12 1 1 10 12 1 10 12 1 10 12 1 10 12 1 1 10 12 1 10 12 1 1 8 1 9 12 1 10 12 1 1 8 1 8 1 10 7 12 1 1 100 1 10 10 12 10 12 1 10 12 1 10 12 1 10 12 1 1 10 7 12 1 1 10 12 1 10 7 1 7 1 10 12 1 1 10 12 1 10 7 1 10 12 1 100 1 18 12 1 10 100 12 1 1 1 10 100 12 1 1 1 10 7 12 1 1 10 12 1 1 10 12 1 10 12 1 1 100 1 10 12 1 10 12 1 1 10 7 12 1 1 10 12 1 8 1 100 1 10 10 12 1 9 12 1 10 7 12 1 1 10 12 1 100 1 8 1 10 12 1 10 8 1 8 1 10 12 1 1 10 12 1 1 10 12 1 1 10 100 12 1 1 1 100 1 100 1 10 12 1 1 100 1 100 1 10 100 12 1 1 10 12 1 10 12 1 1 10 12 1 10 12 1 1 10 12 1 1 9 100 12 1 1 1 10 12 1 1 10 12 1 10 12 1 10 12 1 1 10 12 1 8 1 10 12 1 7 1 18 12 1 1 10 12 1 1 10 12 1 10 12 1 10 12 1 8 1 10 12 1 10 12 1 18 12 1 11 100 12 1 1 1 100 1 10 12 1 1 10 12 1 10 11 12 1 1 10 18 10 12 1 1 11 100 12 1 18 12 1 11 12 1 1 10 12 10 12 1 1 10 12 1 1 100 1 8 1 10 10 12 1 8 1 8 1 10 100 12 1 1 10 12 1 100 1 10 10 12 1 8 1 8 1 8 1 10 12 1 10 12 1 1 10 12 1 10 100 12 1 1 1 11 100 12 1 1 100 1 10 11 10 12 1 10 12 1 10 12 1 1 9 100 12 1 1 9 12 1 1 9 12 9 12 1 9 12 1 9 12 1 8 10 12 1 1 10 7 12 1 1 1 10 12 1 1 10 12 1 1 10 12 1 10 10 12 1 11 12 1 1 10 100 12 1 1 1 100 1 10 12 1 10 12 1 10 12 1 1 1 1 1 1 1 1 1 1 1 1 1 1 1 1 1 1 1 1 1 1 1 1 1 1 1 1 100 1 1 1 1 1 1 1 1 1 1 1 1 1 1 1 1 1 1 1 1 1 100 1 1 1 1 1 1 1 1 1 1 100 1 1 1 1 1 1 1 1 1 1 1 1 1 1 1 1 1 1 1 1 1 1 1 1 1 1 1 1 1 1 1 1 1 1 1 1 1 1 1 1 1 100 1 1 1 1 1 1 1 1 1 1 1 1 1 1 1 1 1 1 100 1 1 1 1 1 1 1 1 1 1 1 1 1 1 1 1 1 1 1 1 1 1 1 1 1 1 1 1 1 1 1 1 1 1 1 1 1 1 1 1 1 1 1 1 1 1 1 1 1 1 1 100 1 1 1 1 1 1 1 1 1 1 1 1 1 1 1 1 1 1 1 1 1 1 1 1 1 1 1 1 1 1 1 1 1 1 1 1 1 1 1 1 1 1 1 1 1 1 15 10 100 12 1 1 1 16 1 15 10 12 16 1 16 15 10 12 16 1 16 1 15 10 12 16 15 10 12 16 15 10 12 16 1 1 100 1 100 1 1
staticfield java/lang/ClassLoader nocerts [Ljava/security/cert/Certificate; 0 [Ljava/security/cert/Certificate;
staticfield java/lang/ClassLoader $assertionsDisabled Z 1
ciInstanceKlass java/lang/System 1 1 803 10 100 12 1 1 1 9 7 12 1 1 1 10 12 1 10 12 1 1 10 12 1 1 10 12 1 9 12 1 1 10 7 12 1 1 1 11 100 12 1 1 1 10 100 12 1 1 1 10 12 1 1 10 12 1 1 100 1 8 1 10 12 1 10 100 12 1 1 1 10 7 12 1 1 1 18 12 1 1 10 100 12 1 1 1 100 1 10 12 1 1 10 100 12 1 1 1 10 12 1 10 7 12 1 1 1 9 100 12 1 1 1 10 100 12 1 1 1 11 7 12 1 1 1 10 12 1 1 10 7 12 1 1 1 100 1 10 10 12 1 1 8 1 10 12 1 8 1 10 12 1 9 12 1 1 8 1 10 7 12 1 1 1 10 12 1 1 100 1 8 1 10 9 12 1 1 8 1 10 12 1 1 10 100 12 1 1 1 8 1 10 12 1 100 1 10 12 1 8 1 10 12 1 10 12 1 1 100 1 10 12 10 12 1 9 12 1 1 9 12 1 1 10 7 12 1 1 1 10 7 12 1 1 1 10 12 1 1 10 12 1 10 12 1 10 7 12 1 1 1 10 12 1 100 1 100 1 8 1 10 12 1 10 12 1 1 7 1 10 12 1 100 1 8 1 10 10 12 1 100 1 8 1 10 8 1 10 7 12 1 1 8 1 10 12 100 1 8 1 10 10 12 1 1 10 7 12 1 1 1 100 1 18 12 1 100 1 9 100 12 1 1 1 10 12 1 100 1 10 12 1 1 10 12 1 1 10 7 12 1 1 1 10 12 1 1 10 12 1 10 12 1 10 12 1 1 10 12 1 7 1 10 12 1 10 12 1 100 1 10 12 1 10 7 12 1 1 1 100 1 8 1 10 9 12 1 9 12 1 10 12 1 10 100 12 1 1 10 12 1 10 12 1 1 8 1 10 12 1 1 8 1 11 12 1 10 12 11 12 1 1 11 7 12 1 1 1 11 7 12 1 1 11 12 1 1 7 1 11 12 1 10 12 1 8 1 10 12 1 1 8 1 8 1 8 1 8 1 11 12 1 10 12 1 10 12 1 10 12 1 10 7 12 1 1 8 1 7 1 9 7 12 1 1 1 10 12 1 7 1 9 12 10 9 12 7 1 10 12 8 1 10 12 1 1 8 1 10 7 12 1 1 10 12 1 10 7 12 1 1 1 10 12 1 1 10 7 12 1 1 1 10 12 10 7 12 1 1 1 9 12 1 1 100 1 8 1 10 12 1 1 10 7 12 1 1 1 7 1 10 12 1 1 8 1 10 8 1 8 1 8 1 8 1 10 10 7 12 1 1 10 12 1 1 10 12 1 1 10 12 1 1 10 12 1 10 100 12 1 1 1 10 100 1 8 1 10 10 10 12 1 1 10 12 1 1 8 1 10 12 1 8 1 10 12 1 10 12 1 1 7 1 10 10 12 1 10 12 1 9 12 1 1 1 3 1 3 1 1 1 1 1 1 1 1 1 1 1 1 100 1 1 100 1 1 1 1 1 1 1 1 1 1 1 100 1 100 1 1 1 1 1 1 1 1 1 1 1 1 1 1 1 1 1 1 1 1 1 1 1 1 1 1 1 1 1 1 1 1 1 1 1 1 1 1 1 1 1 1 1 1 1 1 1 1 1 1 1 1 1 1 1 1 1 1 100 1 1 1 1 1 1 1 1 1 1 1 1 1 1 1 1 1 1 1 1 1 1 1 1 1 1 1 1 1 1 1 1 1 100 1 1 15 10 100 12 1 1 1 16 15 10 12 1 1 16 15 10 12 16 1 1 1 1 1 1 1 100 1 100 1 1
staticfield java/lang/System in Ljava/io/InputStream; java/io/BufferedInputStream
staticfield java/lang/System out Ljava/io/PrintStream; java/io/PrintStream
staticfield java/lang/System err Ljava/io/PrintStream; java/io/PrintStream
instanceKlass com/oracle/truffle/api/TruffleStackTrace$LazyStackTrace
instanceKlass java/lang/Exception
instanceKlass java/lang/Error
ciInstanceKlass java/lang/Throwable 1 1 408 10 7 12 1 1 1 9 7 12 1 1 1 9 12 1 1 9 12 1 9 12 1 1 9 12 1 10 12 1 1 9 12 1 1 10 12 1 1 10 12 1 100 1 100 1 10 8 1 10 12 1 1 8 1 10 100 12 1 1 10 10 12 1 100 1 8 1 10 10 12 1 1 10 7 12 1 1 10 12 1 8 1 9 100 12 1 1 1 10 12 1 1 100 1 10 12 10 12 1 100 1 10 10 7 12 1 1 1 11 100 12 1 1 1 10 100 12 1 1 1 10 12 1 1 10 12 1 1 8 1 10 12 1 10 12 1 1 8 1 8 1 10 12 1 1 10 12 1 8 1 8 1 9 12 1 1 10 100 12 1 1 100 1 10 11 12 1 8 1 8 1 10 7 12 1 1 8 1 10 12 1 8 1 100 1 10 12 1 9 12 1 1 10 12 1 10 100 12 1 9 12 1 1 10 12 1 1 100 1 8 1 10 12 1 10 100 12 1 1 10 12 1 1 100 1 10 100 12 1 1 1 10 12 1 11 100 12 1 1 1 11 100 12 1 1 1 11 12 1 8 1 10 12 1 1 8 1 10 10 9 100 12 1 1 1 8 1 10 12 1 1 10 100 1 8 1 10 11 12 1 1 8 1 9 12 1 10 100 12 1 1 11 9 12 1 1 11 12 1 1 100 9 12 1 1 11 100 12 1 1 100 1 10 12 1 10 12 1 1 100 1 1 1 1 5 0 1 1 1 1 1 1 1 1 1 1 1 1 1 1 1 1 1 1 1 1 1 1 1 1 1 1 1 1 1 1 1 1 1 1 1 1 1 1 1 1 1 1 1 1 1 1 1 1 1 1 1 1 1 1 1 100 1 100 1 1 1 1 1 1 1 1 1 1 1 1 1 1 1 1 1 1 1 1 1 1 1
staticfield java/lang/Throwable UNASSIGNED_STACK [Ljava/lang/StackTraceElement; 0 [Ljava/lang/StackTraceElement;
staticfield java/lang/Throwable SUPPRESSED_SENTINEL Ljava/util/List; java/util/Collections$EmptyList
staticfield java/lang/Throwable EMPTY_THROWABLE_ARRAY [Ljava/lang/Throwable; 0 [Ljava/lang/Throwable;
staticfield java/lang/Throwable $assertionsDisabled Z 1
instanceKlass java/util/ServiceConfigurationError
instanceKlass java/lang/AssertionError
instanceKlass java/lang/VirtualMachineError
instanceKlass java/lang/LinkageError
instanceKlass java/lang/ThreadDeath
ciInstanceKlass java/lang/Error 1 1 40 10 7 12 1 1 1 10 12 1 10 12 1 10 12 1 10 12 1 100 1 1 1 1 5 0 1 1 1 1 1 1 1 1 1 1 1 1 1 1
instanceKlass com/oracle/truffle/polyglot/PolyglotEngineImpl$CancelExecution
instanceKlass com/oracle/truffle/polyglot/PolyglotContextImpl$ExitException
ciInstanceKlass java/lang/ThreadDeath 0 0 21 10 100 12 1 1 1 100 1 1 1 1 5 0 1 1 1 1 1 1 1
instanceKlass sun/security/pkcs11/wrapper/PKCS11Exception
instanceKlass com/oracle/truffle/api/strings/TruffleString$NumberFormatException
instanceKlass java/security/GeneralSecurityException
instanceKlass java/rmi/AlreadyBoundException
instanceKlass java/rmi/NotBoundException
instanceKlass com/oracle/truffle/api/TruffleStackTrace
instanceKlass sun/nio/fs/WindowsException
instanceKlass java/security/PrivilegedActionException
instanceKlass java/net/URISyntaxException
instanceKlass java/util/concurrent/ExecutionException
instanceKlass java/util/concurrent/TimeoutException
instanceKlass com/oracle/truffle/api/nodes/SlowPathException
instanceKlass java/lang/InterruptedException
instanceKlass java/lang/CloneNotSupportedException
instanceKlass com/oracle/truffle/api/interop/InteropException
instanceKlass java/sql/SQLException
instanceKlass java/io/IOException
instanceKlass java/lang/ReflectiveOperationException
instanceKlass java/lang/RuntimeException
ciInstanceKlass java/lang/Exception 1 1 40 10 7 12 1 1 1 10 12 1 10 12 1 10 12 1 10 12 1 100 1 1 1 1 5 0 1 1 1 1 1 1 1 1 1 1 1 1 1 1
instanceKlass kotlin/NoWhenBranchMatchedException
instanceKlass com/oracle/truffle/api/nodes/ControlFlowException
instanceKlass java/util/MissingResourceException
instanceKlass java/util/IllformedLocaleException
instanceKlass java/security/ProviderException
instanceKlass com/mongodb/internal/operation/OperationHelper$ResourceSupplierInternalException
instanceKlass java/util/concurrent/RejectedExecutionException
instanceKlass com/mongodb/internal/connection/DefaultConnectionPool$MongoOpenConnectionInternalException
instanceKlass org/bson/codecs/configuration/CodecConfigurationException
instanceKlass org/bson/BSONException
instanceKlass com/mongodb/MongoException
instanceKlass com/oracle/js/parser/ParserException
instanceKlass java/time/DateTimeException
instanceKlass kotlin/UninitializedPropertyAccessException
instanceKlass java/util/NoSuchElementException
instanceKlass java/nio/file/FileSystemAlreadyExistsException
instanceKlass java/nio/file/FileSystemNotFoundException
instanceKlass com/oracle/truffle/api/dsl/UnsupportedSpecializationException
instanceKlass org/graalvm/shadowed/org/jcodings/exception/JCodingsException
instanceKlass java/lang/IndexOutOfBoundsException
instanceKlass java/lang/UnsupportedOperationException
instanceKlass java/lang/SecurityException
instanceKlass com/oracle/truffle/api/exception/AbstractTruffleException
instanceKlass java/lang/reflect/UndeclaredThrowableException
instanceKlass com/oracle/truffle/polyglot/PolyglotEngineException
instanceKlass org/graalvm/polyglot/PolyglotException
instanceKlass java/lang/IllegalStateException
instanceKlass java/lang/IllegalArgumentException
instanceKlass java/lang/ArithmeticException
instanceKlass java/lang/NullPointerException
instanceKlass java/lang/IllegalMonitorStateException
instanceKlass java/lang/ArrayStoreException
instanceKlass java/lang/ClassCastException
ciInstanceKlass java/lang/RuntimeException 1 1 40 10 7 12 1 1 1 10 12 1 10 12 1 10 12 1 10 12 1 100 1 1 1 1 5 0 1 1 1 1 1 1 1 1 1 1 1 1 1 1
ciInstanceKlass java/lang/SecurityManager 0 0 576 10 100 12 1 1 1 9 100 12 1 1 1 10 100 12 1 1 1 100 1 8 1 10 12 1 10 12 1 1 10 100 12 1 1 1 10 100 1 10 100 1 10 9 100 12 1 1 1 10 100 12 1 1 1 10 12 1 1 10 100 12 1 1 100 1 8 1 10 9 12 1 1 9 12 1 8 1 9 12 1 100 1 10 8 1 10 12 1 1 10 12 1 10 12 1 1 100 1 10 10 12 1 1 100 1 8 1 10 12 1 8 1 8 1 8 1 8 1 8 1 8 1 10 12 1 8 1 8 1 8 1 8 1 8 1 10 100 12 1 1 1 10 12 1 1 8 1 100 1 8 1 10 8 1 8 1 8 1 8 1 8 1 10 100 12 1 1 8 1 100 1 8 1 8 1 10 8 1 10 12 1 100 1 8 1 10 10 12 1 1 10 12 1 10 12 1 10 12 1 10 100 12 1 1 1 10 12 1 10 100 12 1 1 11 100 12 1 1 1 18 12 1 1 11 100 12 1 1 1 18 12 1 1 11 12 1 1 18 18 11 12 1 18 12 1 11 12 1 1 9 12 1 1 9 12 1 9 12 1 9 12 1 100 1 10 100 12 1 1 10 12 1 10 12 1 18 12 1 18 10 100 12 1 1 1 18 12 1 10 12 1 18 18 8 1 10 12 1 9 12 1 1 11 100 12 1 1 1 8 1 100 1 10 12 1 10 12 1 1 10 12 1 1 9 12 1 1 10 12 1 10 12 1 1 8 1 100 1 10 9 12 1 8 1 10 12 1 8 1 100 1 10 10 100 12 1 1 10 100 1 9 100 12 1 1 1 11 12 1 1 10 12 1 11 12 1 10 12 1 100 1 10 10 12 1 1 10 12 1 1 1 1 1 1 1 1 1 1 1 100 1 1 1 1 1 1 1 1 1 1 1 1 1 1 1 1 1 1 1 1 1 1 1 1 1 1 1 1 1 1 1 1 1 1 1 1 1 1 1 1 1 1 1 1 1 1 1 1 1 1 1 1 1 1 1 1 3 1 1 1 1 1 1 1 1 1 1 100 1 1 1 1 1 1 1 1 1 1 1 1 1 1 1 1 1 1 1 1 1 1 1 1 1 1 1 1 1 1 1 1 1 1 1 1 1 1 15 10 100 12 1 1 1 16 15 10 100 12 1 1 1 16 1 16 15 10 12 16 1 15 10 12 16 15 11 100 1 16 1 16 1 15 10 12 16 15 10 12 16 15 10 12 1 16 1 15 11 12 1 15 10 12 16 15 10 16 1 1 1 1 100 1 100 1 1
ciInstanceKlass java/security/ProtectionDomain 1 1 324 10 7 12 1 1 1 9 7 12 1 1 1 7 1 10 9 12 1 1 9 12 1 1 9 12 1 1 10 7 12 1 1 7 1 9 12 1 9 12 1 1 7 1 9 12 1 1 9 12 1 10 100 12 1 1 10 100 12 1 1 1 10 12 1 1 10 12 1 9 12 1 9 100 12 1 1 10 12 1 1 10 100 1 10 12 1 1 8 1 100 1 8 1 10 12 1 10 10 100 12 1 1 1 10 12 1 1 8 1 11 8 1 10 12 1 8 1 8 1 10 12 1 1 10 12 1 10 12 1 1 10 12 1 8 1 10 12 1 8 1 8 1 10 100 12 1 1 1 9 100 12 1 1 1 10 12 1 1 9 100 12 1 1 1 10 100 12 1 1 1 100 1 100 1 10 12 1 10 100 12 1 1 1 10 100 1 10 12 1 10 12 1 1 11 100 12 1 1 11 12 1 100 1 11 100 12 1 1 1 10 12 1 10 11 12 1 1 11 12 1 1 10 12 1 10 7 12 1 1 10 100 12 1 1 11 12 1 10 12 8 1 8 1 10 7 12 1 1 1 7 1 10 10 7 12 1 1 1 1 1 1 1 1 1 1 100 1 1 100 1 1 1 1 1 1 1 1 1 1 1 1 1 1 1 1 1 1 1 1 1 1 1 1 1 1 1 1 1 1 1 1 1 1 1 1 1 1 1 1 1 1 100 1 1 1 1 1 100 1 1 1 1 1
staticfield java/security/ProtectionDomain filePermCompatInPD Z 0
ciInstanceKlass java/security/AccessControlContext 1 1 373 9 7 12 1 1 1 9 12 1 1 10 100 12 1 1 1 8 1 10 100 12 1 1 1 10 7 12 1 1 1 9 12 1 9 12 1 1 9 12 1 1 10 7 12 1 1 100 1 10 12 1 11 100 12 1 1 1 11 12 1 11 12 1 11 12 1 1 7 1 11 12 1 1 10 12 1 10 7 12 1 1 1 9 100 12 1 1 1 10 100 12 1 1 1 11 100 12 1 1 1 10 7 1 100 1 8 1 10 12 1 10 12 1 1 7 1 10 7 12 1 1 1 9 12 1 9 12 1 9 12 1 9 12 1 1 9 12 1 1 9 12 1 9 12 1 10 7 12 1 1 1 9 12 1 10 12 1 1 10 12 1 1 8 1 10 12 1 1 10 12 1 1 10 100 12 1 1 1 100 1 10 10 12 1 1 10 100 12 1 1 1 10 8 1 10 100 12 1 1 8 1 10 100 12 1 1 8 1 8 1 10 12 1 8 1 10 12 1 8 1 10 12 1 10 12 1 10 12 1 1 8 1 8 1 100 1 10 12 1 10 12 1 1 100 1 10 12 1 8 1 10 12 1 10 12 1 10 8 1 10 12 1 1 10 12 1 1 10 12 1 1 10 12 1 1 10 12 1 10 12 1 10 12 1 10 12 1 1 10 10 10 12 1 1 1 1 1 1 1 1 1 1 1 1 1 1 1 1 1 1 1 1 1 1 1 1 100 1 1 1 1 1 1 1 1 1 1 1 1 1 1 1 1 1 1 1 1 1 1 1 1 1 1 1 1 1 1 1 1 1 1 1 1 1 1 1 1 1 1 1 1 1 1 1 1 1 1 1 1 3 1 1
ciInstanceKlass java/security/AccessController 1 1 295 10 100 12 1 1 1 10 7 12 1 1 1 10 7 12 1 1 1 10 12 1 1 10 12 1 1 10 7 12 1 1 1 10 12 1 1 10 12 1 10 12 1 1 10 12 1 100 1 8 1 10 12 1 10 12 1 10 12 1 1 10 12 1 100 1 100 1 10 12 1 1 10 12 1 10 12 1 10 12 1 1 10 7 12 1 1 1 10 12 1 1 9 100 12 1 1 1 10 100 12 1 1 1 10 12 1 10 12 1 9 100 12 1 1 1 10 12 1 10 12 1 1 9 12 1 1 10 100 1 10 11 7 12 1 1 1 10 7 12 1 1 11 7 1 100 1 10 12 1 10 12 1 10 12 1 8 1 10 12 1 1 8 1 10 100 12 1 1 1 8 1 100 1 10 10 12 1 1 10 12 1 10 7 12 1 1 1 10 12 1 8 1 10 100 12 1 1 8 1 8 1 10 12 1 8 1 10 12 1 10 12 1 1 10 12 1 1 1 1 1 1 1 1 1 1 1 1 1 1 1 1 1 1 1 1 1 1 1 1 1 1 1 1 100 1 1 1 1 1 1 1 1 1 1 1 1 1 1 1 1 1 1 1 1 1 1 1 1 1 1 1 1 1 1 1 1 1 1 100 1 100 1 1 1 1 1 1 1 1 1 3 1 1 1
staticfield java/security/AccessController $assertionsDisabled Z 1
instanceKlass java/net/URLClassLoader
instanceKlass jdk/internal/loader/BuiltinClassLoader
ciInstanceKlass java/security/SecureClassLoader 1 1 102 10 7 12 1 1 1 7 1 10 12 1 9 7 12 1 1 1 10 12 1 10 12 1 10 12 1 1 10 12 1 1 10 12 1 7 1 10 7 1 10 12 1 7 1 10 12 1 11 7 12 1 1 1 7 1 11 12 1 10 12 1 1 1 1 1 1 1 1 1 1 1 1 1 1 1 1 1 1 1 1 1 1 1 1 1 1 1 1 1 1 1 1 1 1 1 1 100 1 1 1 1
instanceKlass java/lang/InstantiationException
instanceKlass java/lang/reflect/InvocationTargetException
instanceKlass java/lang/IllegalAccessException
instanceKlass java/lang/NoSuchFieldException
instanceKlass java/lang/NoSuchMethodException
instanceKlass java/lang/ClassNotFoundException
ciInstanceKlass java/lang/ReflectiveOperationException 1 1 34 10 7 12 1 1 1 10 12 1 10 12 1 10 12 1 100 1 1 1 1 5 0 1 1 1 1 1 1 1 1 1 1 1
ciInstanceKlass java/lang/ClassNotFoundException 1 1 96 7 1 10 7 12 1 1 1 10 12 1 10 12 1 1 10 100 12 1 1 1 8 1 10 100 12 1 1 1 10 7 12 1 1 10 100 12 1 1 1 10 100 12 1 1 1 10 12 1 1 7 1 10 12 1 9 12 1 1 1 1 1 5 0 1 1 1 1 1 1 1 1 1 1 1 1 1 1 1 1 1 1 100 1 1 1 1 1 1 1 1 1 1 1 1
staticfield java/lang/ClassNotFoundException serialPersistentFields [Ljava/io/ObjectStreamField; 1 [Ljava/io/ObjectStreamField;
instanceKlass jdk/net/UnixDomainPrincipal
instanceKlass com/jetbrains/internal/ASMUtils$InternalMethodInfo
instanceKlass com/jetbrains/internal/ProxyGenerator$MethodMapping
instanceKlass com/jetbrains/internal/ProxyGenerator$TypeMapping
instanceKlass com/jetbrains/internal/ProxyInfo$StaticMethodMapping
instanceKlass com/jetbrains/internal/RegisteredProxyInfo$StaticMethodMapping
instanceKlass com/jetbrains/internal/RegisteredProxyInfo
ciInstanceKlass java/lang/Record 1 1 22 10 7 12 1 1 1 100 1 1 1 1 1 1 1 1 1 1 1 1 1 1
instanceKlass java/lang/ClassFormatError
instanceKlass java/lang/IncompatibleClassChangeError
instanceKlass java/lang/BootstrapMethodError
instanceKlass java/lang/NoClassDefFoundError
ciInstanceKlass java/lang/LinkageError 1 1 31 10 7 12 1 1 1 10 12 1 10 12 1 100 1 1 1 1 5 0 1 1 1 1 1 1 1 1 1 1 1
ciInstanceKlass java/lang/NoClassDefFoundError 0 0 26 10 100 12 1 1 1 10 12 1 100 1 1 1 1 5 0 1 1 1 1 1 1 1 1 1
ciInstanceKlass java/lang/ClassCastException 1 1 26 10 100 12 1 1 1 10 12 1 100 1 1 1 1 5 0 1 1 1 1 1 1 1 1 1
ciInstanceKlass java/lang/ArrayStoreException 1 1 26 10 100 12 1 1 1 10 12 1 100 1 1 1 1 5 0 1 1 1 1 1 1 1 1 1
instanceKlass java/lang/StackOverflowError
instanceKlass java/lang/OutOfMemoryError
instanceKlass java/lang/InternalError
ciInstanceKlass java/lang/VirtualMachineError 1 1 34 10 7 12 1 1 1 10 12 1 10 12 1 10 12 1 100 1 1 1 1 5 0 1 1 1 1 1 1 1 1 1 1 1
ciInstanceKlass java/lang/InternalError 0 0 34 10 100 12 1 1 1 10 12 1 10 12 1 10 12 1 100 1 1 1 1 5 0 1 1 1 1 1 1 1 1 1 1 1
ciInstanceKlass java/lang/OutOfMemoryError 1 1 26 10 100 12 1 1 1 10 12 1 100 1 1 1 1 5 0 1 1 1 1 1 1 1 1 1
instanceKlass com/oracle/truffle/host/HostContext$1
ciInstanceKlass java/lang/StackOverflowError 1 1 26 10 7 12 1 1 1 10 12 1 100 1 1 1 1 5 0 1 1 1 1 1 1 1 1 1
ciInstanceKlass java/lang/IllegalMonitorStateException 1 1 26 10 100 12 1 1 1 10 12 1 100 1 1 1 1 5 0 1 1 1 1 1 1 1 1 1
instanceKlass java/lang/ref/PhantomReference
instanceKlass java/lang/ref/FinalReference
instanceKlass java/lang/ref/WeakReference
instanceKlass java/lang/ref/SoftReference
ciInstanceKlass java/lang/ref/Reference 1 1 195 9 7 12 1 1 1 9 7 12 1 1 10 12 1 1 10 12 1 1 9 12 1 1 10 12 1 1 9 12 1 1 9 12 1 1 7 1 10 12 1 10 7 12 1 1 10 12 1 10 12 1 1 10 12 1 9 12 1 10 12 1 1 10 12 1 10 12 1 9 12 1 100 1 100 1 10 12 1 9 12 1 9 12 1 100 1 10 10 12 1 10 10 7 12 1 1 10 7 12 1 1 1 10 12 1 1 10 7 12 1 1 7 1 8 1 10 12 1 10 12 1 1 10 12 1 1 10 12 1 7 1 10 10 7 12 1 1 1 1 1 1 1 1 1 1 1 1 1 1 1 1 1 1 1 100 1 1 1 100 1 1 1 1 1 1 1 1 1 1 1 1 1 1 1 1 1 1 1 1 1 1 1 1 1 1 1 1 1 1 1 1 1 1 1
staticfield java/lang/ref/Reference processPendingLock Ljava/lang/Object; java/lang/Object
staticfield java/lang/ref/Reference $assertionsDisabled Z 1
instanceKlass java/util/ResourceBundle$BundleReference
instanceKlass sun/util/locale/provider/LocaleResources$ResourceReference
instanceKlass sun/util/resources/Bundles$BundleReference
instanceKlass java/io/ClassCache$CacheRef
instanceKlass sun/util/locale/LocaleObjectCache$CacheEntry
instanceKlass java/lang/invoke/LambdaFormEditor$Transform
ciInstanceKlass java/lang/ref/SoftReference 1 1 47 10 7 12 1 1 1 9 7 12 1 1 1 9 12 1 10 12 1 10 12 1 1 1 1 1 1 1 1 1 1 1 1 1 1 1 1 1 1 1 1 100 1 1 1 1 1
instanceKlass com/oracle/truffle/polyglot/PolyglotSourceCache$WeakSourceKey
instanceKlass java/util/ResourceBundle$KeyElementReference
instanceKlass com/oracle/truffle/object/StrongKeyWeakValueEntry
instanceKlass com/oracle/truffle/object/WeakKey
instanceKlass com/oracle/truffle/api/source/InternedSources$WeakSourceRef
instanceKlass sun/rmi/transport/WeakRef
instanceKlass com/oracle/truffle/polyglot/PolyglotContextImpl$ContextWeakReference
instanceKlass com/oracle/truffle/api/utilities/TruffleWeakReference
instanceKlass com/oracle/truffle/api/TruffleLogger$AbstractLoggerRef
instanceKlass java/util/logging/LogManager$LoggerWeakRef
instanceKlass java/util/logging/Level$KnownLevel
instanceKlass java/lang/ClassValue$Entry
instanceKlass java/lang/ThreadLocal$ThreadLocalMap$Entry
instanceKlass java/lang/WeakPairMap$WeakRefPeer
instanceKlass java/lang/invoke/MethodType$ConcurrentWeakInternSet$WeakEntry
instanceKlass java/util/WeakHashMap$Entry
ciInstanceKlass java/lang/ref/WeakReference 1 1 31 10 7 12 1 1 1 10 12 1 100 1 1 1 1 1 1 1 1 1 1 1 1 1 1 1 1 1 1 1 1
instanceKlass java/lang/ref/Finalizer
ciInstanceKlass java/lang/ref/FinalReference 1 1 47 10 100 12 1 1 1 10 100 12 1 1 1 10 12 1 1 100 1 8 1 10 12 1 1 1 1 1 1 1 1 1 1 1 1 1 1 1 1 1 1 1 1 1 1 1 1
instanceKlass sun/rmi/transport/DGCClient$EndpointEntry$RefEntry$PhantomLiveRef
instanceKlass jdk/internal/ref/PhantomCleanable
instanceKlass jdk/internal/ref/Cleaner
ciInstanceKlass java/lang/ref/PhantomReference 1 1 39 10 100 12 1 1 1 10 7 12 1 1 1 1 1 1 1 1 1 1 1 1 1 1 1 1 1 1 1 1 1 1 1 1 1 1 1 1 1
ciInstanceKlass java/lang/ref/Finalizer 1 1 152 9 7 12 1 1 1 10 100 12 1 1 1 9 12 1 1 9 12 1 1 9 12 1 9 12 1 10 12 1 10 12 1 1 9 12 1 1 100 1 10 12 1 100 1 11 100 12 1 1 100 1 10 12 1 100 1 10 12 1 10 100 12 1 1 1 10 100 12 1 1 1 100 1 10 10 12 1 10 7 12 1 1 1 7 1 10 7 1 10 10 7 12 1 1 1 10 12 1 1 10 7 12 1 1 7 1 10 12 1 10 12 1 1 10 12 1 1 10 12 1 1 1 1 1 1 1 1 1 1 1 1 1 1 1 1 1 1 1 1 1 1 1 1 1 1 1 1 1 1 1 1
staticfield java/lang/ref/Finalizer lock Ljava/lang/Object; java/lang/Object
staticfield java/lang/ref/Finalizer $assertionsDisabled Z 1
instanceKlass java/util/logging/LogManager$Cleaner
instanceKlass com/oracle/truffle/polyglot/PolyglotThread
instanceKlass com/oracle/truffle/polyglot/SystemThread
instanceKlass jdk/internal/misc/InnocuousThread
instanceKlass java/lang/ref/Finalizer$FinalizerThread
instanceKlass java/lang/ref/Reference$ReferenceHandler
ciInstanceKlass java/lang/Thread 1 1 612 9 7 12 1 1 1 9 12 1 1 10 12 1 1 9 12 1 1 9 12 1 1 100 1 8 1 10 12 1 1 3 8 1 100 1 5 0 10 12 1 1 10 7 12 1 1 9 12 1 1 9 12 1 9 12 1 1 9 12 1 100 1 8 1 10 9 12 1 1 10 7 12 1 1 1 10 100 12 1 1 1 10 10 7 12 1 1 10 12 1 1 10 12 1 1 9 100 12 1 1 1 10 12 1 1 10 12 1 9 12 1 1 10 12 1 1 10 12 1 1 9 12 1 10 12 1 1 9 12 1 1 10 7 12 1 1 1 9 12 1 1 9 12 1 1 10 12 1 1 10 100 12 1 1 1 9 12 1 10 12 1 1 9 12 1 100 1 10 7 1 10 8 1 10 12 1 1 10 12 1 10 12 1 10 12 1 1 10 12 1 10 12 1 9 12 1 100 1 10 10 12 1 1 10 12 1 10 12 1 100 1 11 7 12 1 1 9 100 12 1 1 1 10 12 1 10 12 1 10 12 9 12 1 1 10 9 12 1 10 12 1 100 1 10 10 12 1 1 9 12 1 10 12 1 11 100 12 1 1 10 12 1 9 12 1 10 12 1 10 12 1 10 10 12 1 10 12 1 10 12 1 10 12 1 10 12 1 1 100 1 10 10 12 1 10 12 1 10 12 1 9 100 12 1 1 1 10 12 1 1 10 12 1 100 1 8 1 10 10 12 1 10 12 8 1 10 12 1 8 1 10 8 1 8 1 10 100 12 1 1 10 100 12 1 1 1 100 1 8 1 10 9 12 1 9 12 1 1 10 12 1 1 10 10 12 1 1 9 12 1 10 12 1 1 100 1 10 12 11 100 12 1 1 1 9 100 12 1 1 1 9 12 1 1 10 12 1 1 100 1 10 12 1 11 100 12 1 1 1 100 1 10 12 1 10 12 1 1 11 12 1 10 12 1 100 1 10 12 1 10 12 1 1 10 7 12 1 1 1 8 1 9 12 1 10 12 1 1 11 100 12 1 1 1 10 100 12 1 1 1 11 12 1 10 12 1 7 1 1 1 1 3 1 3 1 3 1 1 1 1 1 1 1 1 1 1 1 1 1 1 1 1 1 1 1 100 1 1 1 1 1 1 1 1 1 1 1 1 100 1 100 1 1 1 1 1 1 1 1 1 1 1 1 1 1 1 1 1 1 1 1 1 1 1 1 1 1 1 1 1 1 1 1 1 1 1 1 1 1 1 1 1 1 1 100 100 1 1 1 1 1 1 1 1 1 100 1 1 1 1 1 1 1 1 1 1 1 1 1 1 1 1 1 1 1 1 1 1 1 1 1 1 1 1 100 1 1 1 1 1 1 100 1 1 100 1 1 1 1 1 1
staticfield java/lang/Thread EMPTY_STACK_TRACE [Ljava/lang/StackTraceElement; 0 [Ljava/lang/StackTraceElement;
ciInstanceKlass java/lang/ThreadGroup 1 1 293 10 7 12 1 1 1 9 7 12 1 1 1 8 1 9 12 1 1 7 1 9 12 1 9 12 1 1 10 12 1 1 10 12 1 1 10 12 1 10 12 1 1 10 12 1 9 12 1 1 10 12 1 1 10 12 1 9 12 1 10 100 12 1 1 1 9 12 1 9 12 1 1 10 7 12 1 1 1 100 10 12 1 1 10 7 12 1 1 1 10 100 12 1 9 12 1 10 12 1 1 10 12 1 1 9 12 1 1 10 12 1 1 10 12 1 10 12 1 10 12 1 1 10 12 1 1 10 12 1 10 12 1 10 10 12 1 10 12 1 10 100 1 10 10 12 1 10 12 1 10 12 1 7 10 12 1 9 12 1 1 10 12 1 1 8 1 10 100 12 1 1 1 10 12 1 1 10 12 1 1 10 12 1 1 11 100 1 100 1 9 12 1 100 1 10 8 1 10 12 1 1 10 12 1 1 8 1 10 12 1 10 100 12 1 1 1 10 12 1 1 10 100 1 8 1 10 8 1 10 12 1 8 1 1 1 1 1 1 1 1 1 1 1 1 1 1 1 1 1 3 1 1 1 1 1 1 1 1 1 1 1 1 1 1 1 1 1 1 1 1 1 1 1 1 1 1 1 1 1 1 1 1 1 1 1 1 1 1 1 1 1 1
ciInstanceKlass java/util/Map 1 1 259 11 7 12 1 1 1 11 12 1 1 10 100 12 1 1 11 12 1 1 11 7 12 1 1 1 11 100 12 1 1 1 11 12 1 1 7 1 11 12 1 11 12 1 100 1 100 1 10 12 1 1 11 100 12 1 1 1 11 100 12 1 1 1 11 12 1 11 12 1 10 12 1 1 11 12 1 11 100 12 1 9 7 12 1 1 1 100 1 10 12 7 1 7 1 10 12 1 7 1 10 7 1 11 12 1 1 7 1 11 12 1 1 1 1 1 1 1 1 1 1 1 1 1 1 1 1 1 1 1 1 1 1 1 1 1 1 1 1 1 1 1 1 1 1 1 1 1 1 1 1 1 1 1 1 1 1 1 1 1 1 1 1 1 1 1 1 1 1 1 1 1 1 1 1 1 1 1 1 1 1 1 1 1 1 1 1 1 1 1 1 1 1 1 1 1 1 1 1 1 1 1 1 1 1 1 1 1 1 1 1 1 1 1 1 1 1 1 1 1 1 1 1 1 1 1 1 1 1 1 1 1 1 1 1 1 1 1 1 1 100 1 1 1 1 1 1 1 1 1 1 1 1 1 1 1 1 1 1
instanceKlass java/util/Hashtable
ciInstanceKlass java/util/Dictionary 1 1 36 10 7 12 1 1 1 100 1 1 1 1 1 1 1 1 1 1 1 1 1 1 1 1 1 1 1 1 1 1 1 1 1 1 1 1
instanceKlass java/util/Properties
ciInstanceKlass java/util/Hashtable 1 1 512 100 1 10 7 12 1 1 1 9 7 12 1 1 1 100 1 100 1 10 8 1 10 12 1 1 10 12 1 10 12 1 1 10 12 1 10 7 12 1 1 1 8 1 10 12 1 9 12 1 1 7 1 9 12 1 1 4 10 7 12 1 1 1 9 12 1 4 10 12 1 11 100 12 1 1 1 10 12 1 1 10 12 1 1 9 12 1 10 12 1 1 100 1 10 9 12 1 1 10 7 12 1 1 1 9 12 1 1 10 12 1 10 12 1 3 9 12 1 9 12 1 3 10 12 1 10 12 1 10 12 1 1 11 12 1 1 11 100 12 1 1 1 11 100 12 1 1 1 11 12 1 100 1 11 12 1 11 12 1 10 12 1 1 10 12 1 1 10 12 1 9 12 1 1 9 12 9 12 1 1 10 100 1 100 1 10 12 1 10 8 1 10 10 12 1 8 1 10 8 1 10 100 12 1 1 1 7 1 10 12 1 10 12 1 100 1 10 12 1 10 12 1 1 100 1 10 100 1 10 10 12 1 1 11 12 1 1 11 12 1 100 1 10 10 10 100 12 1 1 11 100 12 1 1 1 100 1 10 11 100 12 1 1 11 100 12 1 10 12 1 10 12 1 1 10 100 12 1 1 10 12 1 1 10 12 1 1 10 12 1 1 10 100 12 1 1 1 8 10 100 12 1 1 7 1 8 1 10 4 10 12 4 10 12 1 8 1 10 12 10 100 12 1 1 1 100 1 11 100 12 1 1 1 10 100 12 1 1 1 10 12 1 10 12 1 1 10 100 1 100 1 1 1 1 1 1 5 0 1 1 1 1 1 3 1 3 1 3 1 1 1 1 1 1 1 1 1 1 1 1 1 1 1 1 1 1 1 1 1 1 1 1 1 100 1 1 1 1 1 1 1 1 1 1 1 1 1 1 1 1 1 1 1 1 1 1 1 1 1 1 1 1 1 100 1 1 1 1 1 1 1 1 1 1 1 1 1 1 1 1 1 1 1 1 1 1 1 1 1 1 1 1 1 1 1 1 1 1 1 1 1 1 1 1 1 1 1 1 1 1 1 1 1 1 1 1 1 1 1 1 1 1 7 1 1 1 100 1 1 1 1 1 7 1 1 1 1 1 1 1 1 1 1 1 1 1 1 1 1 1 1
instanceKlass java/security/Provider
ciInstanceKlass java/util/Properties 1 1 690 10 7 12 1 1 1 100 1 10 7 12 1 1 7 1 10 12 1 9 12 1 1 9 12 1 1 9 12 1 1 10 7 12 1 1 1 10 12 1 1 8 1 10 7 12 1 1 1 7 1 10 12 1 10 12 1 1 8 1 10 12 1 7 1 10 12 10 12 1 1 9 12 1 1 10 12 1 1 7 1 10 12 1 10 12 1 10 12 1 1 100 1 8 1 10 12 1 10 12 1 10 12 1 1 10 12 1 100 1 3 10 10 100 12 1 1 1 10 12 1 10 12 1 1 8 1 10 12 1 10 12 1 1 8 1 10 100 12 1 1 10 12 1 1 10 12 1 10 12 1 1 7 1 10 12 1 10 12 1 1 100 1 9 100 12 1 1 1 10 12 1 10 12 1 1 10 12 1 1 10 12 1 1 100 1 9 12 1 1 7 1 100 1 10 12 1 100 1 11 7 12 1 1 1 11 12 1 1 11 100 12 1 1 1 11 7 12 1 1 1 11 12 1 1 11 12 1 11 12 1 10 12 1 1 8 1 10 12 1 10 100 12 1 1 10 12 1 100 1 10 10 12 1 10 12 1 100 1 10 10 12 1 1 10 100 12 1 1 9 100 12 1 1 10 12 1 1 10 100 12 1 1 1 100 1 100 1 100 1 10 8 1 8 1 10 12 1 10 12 1 10 12 1 1 10 10 12 1 1 10 12 1 1 7 1 10 10 12 1 11 7 12 1 1 10 7 12 1 1 1 8 1 10 100 12 1 1 11 11 7 1 8 1 10 100 1 11 10 12 1 10 10 12 1 10 12 1 1 10 12 1 1 10 12 1 1 10 12 1 10 12 1 10 10 12 1 10 12 1 10 12 1 10 10 12 1 1 10 12 1 1 10 10 12 1 10 12 1 10 12 1 10 12 1 10 12 1 1 10 12 1 1 10 12 1 10 12 1 10 12 1 1 10 12 10 12 1 1 10 12 1 1 10 12 1 10 12 1 1 10 12 1 1 10 12 10 11 12 1 4 11 10 12 1 1 10 100 12 1 1 11 12 1 10 12 1 1 10 7 12 1 1 10 12 1 100 1 8 1 10 12 1 10 10 7 12 1 1 1 7 1 6 0 10 12 1 1 11 7 12 1 1 1 10 12 1 10 12 1 1 1 1 1 5 0 1 1 1 1 1 1 1 1 1 1 1 1 1 1 1 1 1 1 1 1 1 1 1 1 1 1 1 1 1 1 1 1 1 1 1 1 1 1 1 100 1 1 1 1 1 1 1 1 1 1 1 1 1 1 1 1 1 1 1 1 100 1 1 1 1 1 1 1 1 1 1 1 1 100 1 100 1 1 1 1 1 7 1 1 1 1 1 1 1 1 1 1 1 1 1 1 1 1 1 1 1 1 1 1 1 1 1 1 1 1 1 1 1 1 1 1 1 1 1 1 1 1 1 1 1 1 1 1 1 1 1 1 1 1 1 1 1 1 1 1 1 1 1 1 1 1 1 1 1 1 1 1 1 1 1 1 1 1 1 7 1 1 1 1 1 1 1 1 1 1 1 100 1 1
staticfield java/util/Properties UNSAFE Ljdk/internal/misc/Unsafe; jdk/internal/misc/Unsafe
ciInstanceKlass java/lang/Module 1 1 959 10 7 12 1 1 1 9 7 12 1 1 1 10 7 12 1 1 1 9 12 1 9 12 1 1 9 12 1 1 10 12 1 1 10 12 1 10 12 1 1 10 7 12 1 1 1 7 1 10 7 12 1 1 1 10 12 1 1 11 7 12 1 1 1 10 12 1 1 10 7 12 1 1 1 10 12 1 1 10 7 12 1 1 1 9 100 12 1 1 1 10 100 12 1 1 1 10 12 1 8 1 10 7 12 1 1 1 10 7 12 1 1 1 9 12 1 1 9 12 1 1 10 12 1 9 12 1 1 11 12 1 9 7 12 1 1 10 7 12 1 1 1 10 7 12 1 1 1 10 12 1 1 100 1 100 1 10 10 12 1 1 8 1 10 12 1 10 12 10 12 1 10 12 1 1 10 12 1 1 10 12 1 1 9 7 12 1 1 1 10 12 1 1 10 12 1 1 9 12 1 10 12 1 10 12 1 9 12 1 1 11 7 12 1 1 10 12 1 1 9 12 1 9 12 1 10 12 1 10 12 1 100 1 8 1 10 10 12 1 1 10 12 1 8 1 10 12 1 1 8 1 8 1 10 12 1 1 10 12 1 10 12 1 1 18 12 1 1 10 12 1 1 11 12 1 9 12 1 11 12 10 100 12 1 1 100 1 8 1 10 7 1 11 12 1 1 10 12 1 10 12 1 10 12 1 1 11 12 1 1 11 7 12 1 1 11 12 1 1 9 12 1 11 12 1 10 12 1 1 10 12 1 1 9 12 1 10 12 10 7 12 1 1 10 7 12 1 1 10 7 1 18 12 1 1 11 100 12 1 1 1 18 12 1 11 12 1 1 10 100 12 1 1 1 11 12 1 1 10 7 12 1 1 4 7 1 11 12 1 7 1 7 1 10 10 7 12 1 1 1 10 11 7 12 1 8 1 10 10 12 1 1 10 7 12 1 1 10 12 1 10 12 1 7 1 10 12 1 10 11 12 1 1 10 12 10 12 1 1 9 12 1 100 1 10 10 12 1 1 11 7 1 10 12 1 1 11 12 1 10 10 12 1 11 10 12 1 1 10 12 1 1 10 12 1 1 10 7 12 1 1 10 12 1 10 12 1 1 10 10 12 1 1 10 12 1 18 12 1 11 12 1 18 12 1 10 12 1 10 12 1 10 12 7 1 10 12 1 10 12 1 10 12 1 9 12 1 7 1 10 10 10 10 12 1 10 12 1 10 12 1 10 12 1 1 10 12 1 1 10 12 1 9 12 1 18 12 1 1 10 100 12 1 1 1 100 1 8 1 10 12 1 1 10 12 1 1 10 100 12 1 1 100 1 10 12 1 1 100 1 8 1 100 1 10 100 1 100 1 3 10 12 1 100 1 10 12 1 10 12 1 1 10 12 1 1 100 1 10 12 1 10 12 1 1 100 1 100 1 10 12 8 1 10 12 1 1 10 12 1 1 10 7 12 1 1 10 12 1 1 10 12 1 10 12 10 12 1 1 100 1 10 10 12 1 1 10 100 12 1 1 1 100 1 8 1 10 12 1 1 10 100 12 1 1 8 1 10 12 1 8 1 10 12 1 10 12 10 12 1 8 1 10 10 100 12 1 1 7 1 10 10 12 1 10 7 12 1 1 9 12 1 9 12 1 9 12 1 9 12 1 10 12 11 12 1 10 12 1 100 1 1 1 1 1 1 1 1 1 1 1 1 1 1 1 1 100 1 1 1 1 1 1 1 1 1 1 1 1 1 1 1 1 1 1 1 1 1 1 1 1 1 1 1 1 1 1 1 1 1 1 1 1 1 1 1 1 1 1 1 1 1 1 1 1 1 1 1 1 1 1 1 1 1 1 1 1 1 1 1 1 1 1 1 1 1 1 1 1 1 1 1 1 1 1 1 1 1 1 1 100 100 1 1 1 1 1 1 1 1 1 1 1 1 1 1 1 1 1 1 1 1 1 1 1 1 1 1 1 1 1 1 1 1 1 1 100 1 100 1 100 1 1 1 1 1 1 1 1 1 1 1 1 1 1 1 1 1 1 1 1 1 1 1 1 1 1 1 1 15 10 7 12 1 1 1 16 15 10 12 16 16 15 10 12 16 16 15 10 16 1 15 10 12 16 1 15 10 12 16 1 16 15 10 12 16 1 1 1 1 1 1 1 100 1 100 1 1
staticfield java/lang/Module ALL_UNNAMED_MODULE Ljava/lang/Module; java/lang/Module
staticfield java/lang/Module ALL_UNNAMED_MODULE_SET Ljava/util/Set; java/util/ImmutableCollections$Set12
staticfield java/lang/Module EVERYONE_MODULE Ljava/lang/Module; java/lang/Module
staticfield java/lang/Module EVERYONE_SET Ljava/util/Set; java/util/ImmutableCollections$Set12
staticfield java/lang/Module $assertionsDisabled Z 1
instanceKlass java/lang/reflect/Executable
instanceKlass java/lang/reflect/Field
ciInstanceKlass java/lang/reflect/AccessibleObject 1 1 398 10 7 12 1 1 1 9 100 12 1 1 1 10 100 12 1 1 1 10 7 12 1 1 10 7 12 1 1 1 10 100 12 1 1 1 10 12 1 1 10 12 1 1 9 12 1 1 100 1 10 7 12 1 1 1 11 12 1 100 1 10 12 1 7 1 100 1 10 12 1 10 12 1 1 7 1 10 7 12 1 1 1 10 12 1 1 7 1 10 12 1 1 7 1 10 10 10 7 12 1 1 1 10 12 1 1 10 12 1 10 12 1 10 12 1 1 10 12 1 8 1 100 1 10 10 12 1 1 8 1 10 12 1 10 12 1 8 1 8 1 8 1 8 1 8 1 8 1 100 1 10 12 1 10 12 1 9 12 1 1 10 12 1 1 10 12 1 10 11 100 1 100 1 8 1 10 10 12 1 10 12 1 1 8 1 10 12 1 8 1 10 12 1 1 10 100 1 8 1 10 11 7 12 1 1 10 12 1 1 10 12 1 1 10 12 1 1 9 12 1 1 100 1 10 12 1 7 1 10 12 1 10 12 1 1 10 100 1 10 12 1 10 12 10 12 1 10 12 1 1 10 12 1 10 12 1 1 10 12 1 9 12 1 10 100 12 1 1 8 1 10 100 12 1 1 1 8 1 10 100 12 1 1 1 9 12 1 100 1 10 7 1 10 10 7 12 1 1 1 7 1 10 10 7 12 1 1 1 7 1 9 12 1 1 1 1 1 1 1 1 1 1 1 1 1 1 1 1 1 1 1 1 1 1 1 1 1 1 1 1 1 1 1 1 1 1 1 1 1 1 1 1 1 1 1 1 1 1 1 1 1 1 1 1 1 1 1 1 1 1 1 1 1 1 1 1 1 1 1 1 1 1 1 1 1 1 1 1 1 1 1 1 1 1 1 1 1
staticfield java/lang/reflect/AccessibleObject reflectionFactory Ljdk/internal/reflect/ReflectionFactory; jdk/internal/reflect/ReflectionFactory
ciInstanceKlass java/lang/reflect/Field 1 1 437 9 7 12 1 1 1 10 12 1 1 10 100 12 1 1 1 10 100 12 1 1 9 12 1 1 10 12 1 1 10 12 1 1 10 100 12 1 1 10 7 12 1 1 1 9 12 1 1 9 12 1 9 12 1 9 12 1 1 9 12 1 1 9 12 1 9 12 1 1 9 12 1 1 100 1 8 1 10 12 1 10 12 1 9 12 1 1 9 12 1 10 12 1 10 7 12 1 1 10 12 1 1 10 12 1 1 10 12 1 10 12 1 1 7 1 10 12 1 1 10 12 1 1 10 12 1 1 10 12 1 10 12 1 10 7 1 10 7 12 1 1 100 1 10 8 1 10 12 1 1 10 12 1 1 8 1 10 12 10 12 1 8 1 8 1 10 11 100 1 9 12 1 10 12 1 1 10 12 1 1 11 7 12 1 1 1 11 12 1 1 11 12 1 1 11 12 1 1 11 12 1 1 11 12 1 1 11 12 1 1 11 12 1 1 11 12 1 1 11 12 1 1 11 12 1 1 11 12 1 1 11 12 1 1 11 12 1 1 11 12 1 1 11 12 1 1 11 12 1 1 11 12 1 1 10 12 1 10 100 12 1 1 10 12 1 10 12 1 1 10 12 9 12 1 1 10 7 12 1 1 1 10 12 1 1 10 7 12 1 1 10 12 1 1 11 7 1 10 12 1 7 1 10 100 12 1 1 1 10 7 12 1 1 1 9 12 1 10 7 12 1 1 1 11 7 12 1 1 1 10 12 1 1 10 12 1 1 9 100 12 1 1 1 10 100 12 1 1 1 10 12 1 1 100 1 1 1 1 1 1 1 1 1 1 1 1 1 1 1 1 1 1 1 1 1 1 1 1 1 1 1 1 1 1 1 1 1 1 1 100 1 1 1 1 1 1 1 1 1 1 1 1 1 1 1 1 1 1 1 1 1 1 1 1 1 1 1 1 1 1 1 1 1 1 100 1 1 1 1 1 1 1 1 100 1 1
ciInstanceKlass java/lang/reflect/Parameter 0 0 226 10 100 12 1 1 1 9 100 12 1 1 1 9 12 1 1 9 12 1 1 9 12 1 10 12 1 1 10 12 1 1 10 100 12 1 1 1 100 1 10 10 12 1 1 11 100 12 1 1 1 10 12 1 10 100 12 1 1 1 10 12 1 1 10 12 1 10 12 1 8 1 8 1 10 100 12 1 1 1 10 12 1 10 12 10 12 1 8 1 10 12 1 9 12 1 1 10 12 1 1 9 12 1 1 10 12 1 1 10 12 1 1 10 12 1 1 10 12 1 10 10 12 1 10 100 12 1 1 1 10 12 1 1 11 100 12 1 1 10 100 12 1 1 100 1 10 100 12 1 1 1 10 12 1 1 10 12 1 1 10 12 1 1 10 12 1 1 9 12 1 100 1 10 11 12 1 1 11 12 1 1 100 1 1 1 1 1 1 1 1 1 1 1 1 1 1 1 1 1 1 1 1 1 1 1 1 1 1 1 1 1 1 1 1 1 1 1 1 1 1 100 1 1 1 1
instanceKlass java/lang/reflect/Constructor
instanceKlass java/lang/reflect/Method
ciInstanceKlass java/lang/reflect/Executable 1 1 548 10 7 12 1 1 1 10 7 12 1 1 1 10 7 12 1 1 1 11 7 12 1 1 1 10 7 12 1 1 1 10 12 1 1 10 7 12 1 1 1 10 100 12 1 1 1 10 12 1 8 1 10 10 12 1 1 10 12 1 1 10 100 12 1 1 1 18 12 1 1 11 100 12 1 1 1 8 1 8 1 8 1 10 100 12 1 1 1 11 12 1 1 100 1 8 1 8 1 10 12 1 100 1 8 1 10 12 1 8 1 11 100 12 1 1 1 100 1 10 12 1 1 11 12 1 8 1 18 8 1 10 12 1 10 12 1 1 18 8 1 10 12 1 100 1 10 12 1 10 12 1 11 100 12 1 1 10 12 1 1 8 1 8 1 10 12 1 1 10 12 1 1 10 10 12 1 100 1 10 10 12 1 10 12 1 1 10 7 12 1 1 10 12 1 10 12 1 10 12 1 1 10 100 12 1 1 10 12 1 10 12 1 10 100 12 1 1 1 10 12 1 8 1 10 12 1 10 12 1 3 100 1 8 1 10 12 1 10 12 1 10 10 12 1 10 12 1 1 8 1 8 1 8 1 9 12 1 10 12 1 100 1 8 1 9 12 1 10 12 1 10 12 1 1 10 12 1 1 10 12 1 10 12 10 12 1 100 1 10 12 1 10 12 1 1 100 1 10 100 12 1 1 1 100 1 10 7 12 1 1 1 10 12 1 1 11 7 12 1 1 10 7 12 1 1 10 100 12 1 1 1 10 12 1 1 9 12 1 10 12 1 1 10 12 1 10 12 1 1 9 100 12 1 1 1 10 100 12 1 1 1 10 12 1 10 12 1 1 9 12 1 10 10 10 10 100 12 1 1 1 10 12 1 9 12 1 10 12 1 1 9 12 1 100 1 100 1 1 1 1 1 1 1 1 1 1 1 1 1 1 1 1 1 1 1 1 1 1 1 1 1 1 1 1 1 1 1 1 1 1 100 1 1 1 1 1 1 1 1 100 1 1 1 1 1 1 1 1 1 1 1 1 100 1 1 1 1 1 1 1 1 1 1 1 1 1 1 1 1 1 1 1 1 1 1 1 1 1 1 1 1 1 1 1 1 1 1 1 1 1 1 1 1 1 100 1 1 1 1 1 1 1 1 1 1 1 1 1 1 1 1 1 1 1 1 1 100 1 100 1 1 15 10 100 12 1 1 1 16 15 16 1 16 1 15 10 12 16 1 100 1 1 100 1 100 1 1
ciInstanceKlass java/lang/reflect/Method 1 1 446 9 7 12 1 1 1 10 7 12 1 1 1 10 7 12 1 1 9 12 1 1 10 12 1 1 10 12 1 1 10 7 12 1 1 10 7 12 1 1 1 9 12 1 1 9 12 1 9 12 1 1 9 12 1 9 12 1 9 12 1 1 9 12 1 9 12 1 1 9 12 1 9 12 1 9 12 1 1 100 1 8 1 10 12 1 10 12 1 9 12 1 1 8 1 10 7 12 1 1 10 7 12 1 1 1 10 12 1 1 10 12 1 1 10 12 1 10 12 1 1 10 12 1 1 100 1 10 12 1 1 10 12 10 7 12 1 1 10 12 1 1 10 12 1 10 12 1 10 12 1 10 7 12 1 1 1 10 12 1 1 10 7 1 10 100 12 1 1 1 10 7 12 1 1 10 12 1 1 10 12 1 1 10 12 1 10 7 12 1 1 1 10 12 1 10 8 1 10 12 1 10 12 1 7 1 8 1 8 1 8 1 10 12 1 10 12 1 1 10 12 1 1 10 10 12 1 1 10 12 1 11 100 1 9 12 1 1 10 12 1 1 10 12 1 10 12 1 1 10 12 1 1 11 7 12 1 1 1 10 12 1 10 12 1 10 12 1 10 12 1 10 12 1 9 12 1 1 10 7 12 1 1 1 10 12 1 1 10 7 12 1 1 1 10 7 12 1 1 1 10 7 12 1 1 1 11 7 12 1 1 1 10 7 12 1 1 1 7 1 100 1 100 1 10 12 1 10 12 1 1 10 12 1 100 1 8 1 10 12 1 10 10 12 1 1 10 12 1 1 10 12 1 1 10 12 1 1 8 1 10 12 1 1 1 1 1 1 1 1 1 1 1 1 1 1 1 1 1 1 1 1 1 1 1 1 1 1 1 1 1 1 1 1 1 1 1 1 1 1 1 1 1 1 1 1 1 1 1 1 1 1 1 1 1 100 1 100 1 100 1 1 1 1 1 1 1 1 1 1 1 1 1 1 1 1 1 1 1 1 1 1 1 1 1 1
ciInstanceKlass java/lang/reflect/Constructor 1 1 429 10 100 12 1 1 1 10 100 12 1 1 9 7 12 1 1 1 10 12 1 1 10 12 1 1 10 100 12 1 1 9 12 1 1 10 7 12 1 1 1 9 12 1 1 9 12 1 1 9 12 1 9 12 1 1 9 12 1 9 12 1 1 9 12 1 1 9 12 1 100 1 8 1 10 12 1 10 12 1 9 12 1 1 10 7 12 1 1 10 7 12 1 1 1 10 12 1 1 10 12 1 1 10 12 1 7 1 100 1 8 1 10 10 12 1 10 12 1 10 12 1 1 10 12 1 1 100 1 10 7 12 1 1 10 12 1 1 10 12 1 10 12 1 1 10 100 12 1 1 1 10 100 12 1 1 10 12 1 1 10 12 1 10 100 12 1 1 1 8 1 10 10 12 1 100 1 8 1 10 12 1 10 12 1 1 10 12 1 1 10 12 1 10 12 1 10 12 1 1 10 12 1 1 9 12 1 1 10 12 1 1 10 12 1 1 10 12 1 8 1 10 12 1 1 11 7 12 1 1 1 10 12 1 1 10 12 1 10 12 1 9 12 1 1 10 7 12 1 1 1 10 12 1 1 10 12 1 1 10 12 1 1 10 12 1 1 10 12 1 9 100 12 1 1 10 12 1 10 12 1 10 12 1 100 1 8 1 10 10 12 1 1 10 12 1 10 10 12 1 1 10 12 1 1 10 100 12 1 1 1 11 100 12 1 1 1 10 12 1 1 9 100 12 1 1 1 10 100 12 1 1 1 10 12 1 1 1 1 1 1 1 1 1 1 1 1 1 1 1 1 1 1 1 1 1 1 1 1 1 1 1 1 1 1 1 1 1 1 1 1 1 1 1 1 1 1 1 1 1 1 1 1 1 1 1 100 1 100 1 100 1 100 1 1 1 1 1 1 1 1 1 1 1 1 1 1 1 1 1 1 1 1 1 1 1 1 1 1 1 1 1 1 1 1 1 100 1 1
instanceKlass jdk/internal/reflect/FieldAccessorImpl
instanceKlass jdk/internal/reflect/ConstructorAccessorImpl
instanceKlass jdk/internal/reflect/MethodAccessorImpl
ciInstanceKlass jdk/internal/reflect/MagicAccessorImpl 1 1 16 10 7 12 1 1 1 100 1 1 1 1 1 1 1 1
instanceKlass jdk/internal/reflect/DelegatingMethodAccessorImpl
instanceKlass jdk/internal/reflect/NativeMethodAccessorImpl
ciInstanceKlass jdk/internal/reflect/MethodAccessorImpl 1 1 25 10 7 12 1 1 1 100 1 100 1 1 1 1 1 1 1 1 1 100 1 100 1 1 1
instanceKlass jdk/internal/reflect/GeneratedConstructorAccessor6
instanceKlass jdk/internal/reflect/GeneratedConstructorAccessor5
instanceKlass jdk/internal/reflect/GeneratedConstructorAccessor4
instanceKlass jdk/internal/reflect/GeneratedConstructorAccessor3
instanceKlass jdk/internal/reflect/GeneratedConstructorAccessor2
instanceKlass jdk/internal/reflect/SerializationConstructorAccessorImpl
instanceKlass jdk/internal/reflect/BootstrapConstructorAccessorImpl
instanceKlass jdk/internal/reflect/GeneratedConstructorAccessor1
instanceKlass jdk/internal/reflect/DelegatingConstructorAccessorImpl
instanceKlass jdk/internal/reflect/NativeConstructorAccessorImpl
ciInstanceKlass jdk/internal/reflect/ConstructorAccessorImpl 1 1 27 10 7 12 1 1 1 100 1 100 1 1 1 1 1 1 1 1 1 100 1 100 1 100 1 1 1
ciInstanceKlass jdk/internal/reflect/DelegatingClassLoader 1 1 18 10 7 12 1 1 1 100 1 1 1 1 1 1 1 1 1 1
ciInstanceKlass jdk/internal/reflect/ConstantPool 1 1 142 10 100 12 1 1 1 9 7 12 1 1 1 10 12 1 1 10 12 1 1 10 12 1 10 12 1 1 10 12 1 1 10 12 1 10 12 1 1 10 12 1 10 12 1 1 10 12 1 10 12 1 10 12 1 10 12 1 1 10 12 1 1 10 12 1 1 10 12 1 1 10 12 1 10 12 1 1 10 100 12 1 1 1 8 11 7 12 1 1 1 10 7 12 1 1 1 1 1 1 1 1 1 1 1 1 1 1 1 1 1 1 1 1 1 1 1 1 1 1 1 1 1 1 1 1 1 1 1 1 1 1 1 1 1 1 1 1 1 1 1 1
instanceKlass jdk/internal/reflect/UnsafeFieldAccessorImpl
ciInstanceKlass jdk/internal/reflect/FieldAccessorImpl 1 1 59 10 7 12 1 1 1 100 1 100 1 1 1 1 1 1 1 1 1 100 1 1 1 1 1 1 1 1 1 1 1 1 1 1 1 1 1 1 1 100 1 1 1 1 1 1 1 1 1 1 1 1 1 1 1 1 1 1 1
instanceKlass jdk/internal/reflect/UnsafeQualifiedFieldAccessorImpl
instanceKlass jdk/internal/reflect/UnsafeStaticFieldAccessorImpl
ciInstanceKlass jdk/internal/reflect/UnsafeFieldAccessorImpl 1 1 254 10 7 12 1 1 1 9 7 12 1 1 1 10 7 12 1 1 1 10 7 12 1 1 1 9 12 1 1 10 7 12 1 1 1 9 12 1 1 10 12 1 10 12 1 9 12 1 10 12 1 1 10 7 12 1 1 10 7 12 1 1 1 10 12 1 1 100 1 10 10 12 1 1 10 12 1 1 8 1 10 10 12 1 100 1 8 1 10 12 1 8 1 10 12 1 8 1 10 12 1 100 1 10 12 1 1 10 8 1 10 12 1 1 8 1 10 100 12 1 1 8 1 10 100 12 1 1 8 1 10 100 12 1 1 8 1 10 100 12 1 1 8 1 10 100 12 1 1 8 1 10 100 12 1 1 8 1 10 100 12 1 1 8 1 10 100 12 1 1 10 12 1 1 8 1 8 1 8 1 8 1 8 1 8 1 10 100 12 1 1 1 8 1 8 1 8 1 10 12 10 12 1 1 1 1 1 1 1 1 1 1 1 1 1 1 1 1 1 1 1 1 1 1 1 1 1 1 1 1 1 1 1 1 1 1 1 1 1 1 1 1 1 1 1 1 1 1 1 1 1 1 1 1
staticfield jdk/internal/reflect/UnsafeFieldAccessorImpl unsafe Ljdk/internal/misc/Unsafe; jdk/internal/misc/Unsafe
instanceKlass jdk/internal/reflect/UnsafeQualifiedStaticFieldAccessorImpl
ciInstanceKlass jdk/internal/reflect/UnsafeStaticFieldAccessorImpl 1 1 47 10 7 12 1 1 1 9 7 12 1 1 1 10 7 12 1 1 1 9 12 1 1 8 11 7 12 1 1 1 10 7 12 1 1 1 1 1 1 1 1 1 1 1 1 1 1
ciInstanceKlass jdk/internal/reflect/CallerSensitive 0 0 17 100 1 100 1 100 1 1 1 1 1 1 1 1 1 1 1
ciInstanceKlass jdk/internal/reflect/NativeConstructorAccessorImpl 1 1 126 10 7 12 1 1 1 9 7 12 1 1 1 9 12 1 1 10 7 12 1 1 1 10 7 12 1 1 1 10 7 12 1 1 1 9 12 1 9 12 1 1 9 12 1 1 10 7 12 1 1 1 7 1 10 10 12 1 1 10 12 1 10 12 1 10 12 1 1 9 12 1 1 10 7 12 1 1 1 100 1 10 12 1 1 10 12 1 1 8 10 12 1 1 1 1 1 1 1 1 1 1 1 1 1 1 1 1 1 1 1 1 1 1 100 1 100 1 100 1 1 1 1 1 1 1
staticfield jdk/internal/reflect/NativeConstructorAccessorImpl U Ljdk/internal/misc/Unsafe; jdk/internal/misc/Unsafe
staticfield jdk/internal/reflect/NativeConstructorAccessorImpl GENERATED_OFFSET J 16
instanceKlass java/lang/invoke/DelegatingMethodHandle
instanceKlass java/lang/invoke/BoundMethodHandle
instanceKlass java/lang/invoke/DirectMethodHandle
ciInstanceKlass java/lang/invoke/MethodHandle 1 1 644 100 1 9 7 12 1 1 1 10 7 12 1 1 1 10 7 12 1 1 1 7 1 7 1 10 12 1 1 9 12 1 1 10 12 1 10 12 1 1 10 12 1 1 10 100 12 1 1 1 10 12 1 1 10 12 1 1 11 100 12 1 1 1 10 12 1 1 10 12 1 10 12 1 9 12 1 1 10 12 1 1 100 1 100 1 10 8 1 10 12 1 1 10 12 1 8 1 10 12 1 1 10 12 1 10 7 12 1 1 1 10 12 1 10 12 1 1 10 12 1 1 10 12 1 1 10 12 1 1 10 7 12 1 1 1 10 7 12 1 1 1 7 1 10 12 1 1 10 12 1 1 10 12 1 1 8 1 10 7 12 1 1 1 8 1 10 12 1 1 10 12 1 1 10 12 1 1 10 12 1 8 1 10 12 1 1 8 1 10 12 1 8 1 10 100 12 1 1 1 9 12 1 1 100 1 10 9 100 12 1 1 1 9 100 1 8 1 10 12 1 1 10 12 1 10 12 1 1 10 12 1 10 12 1 1 10 12 1 10 12 1 1 10 12 1 10 12 1 1 10 12 1 1 8 1 10 12 1 1 8 1 10 12 1 10 12 1 1 10 12 1 10 12 1 10 12 1 1 9 100 12 1 1 1 10 12 1 1 11 12 1 10 12 1 10 12 1 1 10 100 12 1 1 1 100 1 11 12 1 10 100 1 11 12 1 100 1 10 12 1 11 12 1 9 100 12 1 1 1 11 12 1 1 11 100 12 1 1 1 10 12 1 1 9 12 1 11 12 1 9 12 1 9 12 1 9 12 1 11 12 1 1 9 12 1 9 12 1 9 12 1 9 12 1 9 12 1 9 12 1 9 12 1 8 1 10 12 1 10 12 1 8 1 10 12 1 10 12 1 10 10 7 12 1 1 10 12 1 1 100 1 8 1 10 12 1 1 10 12 1 1 10 12 1 10 12 1 100 1 10 100 12 1 1 1 10 12 1 9 7 12 1 1 1 10 12 1 1 10 12 1 1 8 1 9 12 1 9 12 1 1 9 12 1 1 10 12 1 7 1 10 12 1 10 12 1 1 9 12 1 1 9 12 1 1 10 7 12 1 1 1 11 7 12 1 1 9 12 1 10 12 1 1 10 12 1 9 12 1 10 12 1 8 10 12 1 1 8 1 1 1 1 1 1 100 1 1 1 1 1 1 1 1 1 1 1 1 1 1 1 1 1 1 1 1 1 1 1 1 1 1 1 1 1 1 1 1 1 1 1 1 1 1 1 1 1 1 1 1 1 1 1 1 1 1 1 1 1 1 1 1 1 1 1 1 1 1 1 1 1 1 1 1 1 100 1 1 1 1 1 1 1 1 1 100 1 1 1 1 1 1 1 1 1 1 1 1 1 1 1 1 1 1 1 1 1 1 1 1 1 1 1 100 1 1 100 1 1 100 1 1 1 1
staticfield java/lang/invoke/MethodHandle FORM_OFFSET J 20
staticfield java/lang/invoke/MethodHandle UPDATE_OFFSET J 13
staticfield java/lang/invoke/MethodHandle $assertionsDisabled Z 1
instanceKlass java/lang/invoke/DirectMethodHandle$Interface
instanceKlass java/lang/invoke/DirectMethodHandle$Special
instanceKlass java/lang/invoke/DirectMethodHandle$Constructor
instanceKlass java/lang/invoke/DirectMethodHandle$Accessor
instanceKlass java/lang/invoke/DirectMethodHandle$StaticAccessor
ciInstanceKlass java/lang/invoke/DirectMethodHandle 1 1 940 7 1 7 1 100 1 7 1 7 1 10 7 12 1 1 1 10 7 12 1 1 1 100 1 10 12 1 10 12 1 1 10 7 12 1 1 10 12 1 1 10 12 1 10 12 1 7 1 10 12 1 1 10 12 1 1 10 12 1 10 12 1 1 10 7 12 1 1 1 10 12 1 9 12 1 1 100 1 10 9 12 1 1 9 12 1 10 12 1 10 12 1 10 12 1 1 10 12 1 10 12 1 10 12 1 10 7 12 1 1 1 10 12 1 10 12 1 1 8 1 10 12 1 1 7 1 10 12 1 7 1 10 10 12 1 10 12 1 10 12 1 10 7 12 1 1 1 10 12 1 1 100 1 10 12 1 10 12 1 7 1 10 12 1 10 12 1 1 10 12 1 1 10 12 1 8 10 100 12 1 1 1 10 12 1 10 12 1 10 12 1 1 10 12 1 9 7 12 1 1 1 7 1 10 12 1 10 7 12 1 1 1 10 12 1 10 12 1 1 9 12 1 1 100 1 10 8 1 10 12 1 1 10 12 1 10 12 1 10 10 12 1 10 12 1 10 12 1 10 12 1 10 12 1 1 10 12 1 10 12 1 1 10 12 1 10 12 1 1 10 10 7 12 1 1 1 10 12 1 10 12 1 1 10 12 1 10 12 1 1 8 1 9 7 12 1 1 1 8 1 9 12 1 9 12 1 8 1 9 12 1 9 12 1 8 1 9 12 1 9 12 1 8 1 10 12 1 10 12 1 1 9 12 1 1 7 1 10 12 1 1 100 1 10 7 12 1 1 1 10 12 1 1 10 12 1 10 12 1 1 7 1 10 12 1 1 10 12 1 10 12 1 1 7 1 10 12 1 1 10 7 12 1 1 1 10 12 1 10 12 1 10 12 1 9 12 1 1 10 7 1 9 12 9 12 1 10 7 12 1 1 1 10 12 1 7 1 7 1 7 1 9 12 1 1 10 7 12 1 10 12 1 1 10 12 1 7 1 10 12 1 10 12 1 1 9 7 12 1 1 1 10 12 1 1 100 1 10 100 12 1 1 1 10 12 1 10 12 1 8 1 9 12 1 9 12 1 10 12 1 9 12 1 1 10 100 12 1 1 1 9 12 1 1 9 12 1 1 10 12 1 10 12 1 10 12 1 10 12 1 10 12 1 1 10 12 1 10 7 12 1 1 9 12 1 10 12 1 10 12 1 10 12 1 10 12 1 1 10 12 1 1 9 12 1 1 10 12 1 1 9 7 12 1 1 1 9 12 1 9 12 1 9 12 1 9 12 1 9 12 1 9 12 1 9 12 1 9 12 1 9 12 1 9 12 1 9 12 1 9 12 1 9 12 1 9 12 1 9 12 1 9 12 1 9 12 1 9 12 1 9 12 1 9 12 1 9 12 1 9 12 1 9 12 1 9 12 1 9 12 1 9 12 1 9 12 1 9 12 1 9 12 1 9 12 1 9 12 1 9 12 1 9 12 1 9 12 1 9 12 1 9 12 1 8 1 9 12 1 1 9 12 1 1 10 12 1 10 12 1 1 9 7 1 10 12 1 9 12 1 1 10 12 10 12 1 10 12 1 10 12 1 10 8 1 8 1 8 1 8 1 10 12 1 1 9 12 1 1 10 12 1 10 100 12 1 1 1 8 9 12 1 1 10 12 1 1 8 1 8 8 9 12 1 8 1 8 8 8 8 8 1 8 10 12 1 10 12 1 8 1 8 1 10 12 1 10 12 1 10 12 1 10 12 1 1 7 1 1 1 1 3 1 3 1 3 1 3 1 3 1 3 1 3 1 3 1 3 1 3 1 1 1 1 1 1 1 1 1 1 3 1 3 1 1 1 1 3 1 1 1 1 1 1 1 1 1 1 1 1 1 1 1 1 1 1 1 1 1 1 1 1 1 1 1 1 1 1 1 1 1 1 1 1 1 1 1 1 1 1 1 1 1 1 1 1 1 1 1 1 1 1 1 1 100 1 1 1 1 1 1 1 1 1 1 1 1 100 1 1 1 1 1 1 1 1 1 1 1 1 1 1 1 1 1 1 1 1 1 1 1 1 1 1 1 1 1 1 1 1 1 1 1 1 1 1 1 1 1 1 1 1 1 1 1 1 1 1 1
staticfield java/lang/invoke/DirectMethodHandle IMPL_NAMES Ljava/lang/invoke/MemberName$Factory; java/lang/invoke/MemberName$Factory
staticfield java/lang/invoke/DirectMethodHandle FT_UNCHECKED_REF I 8
staticfield java/lang/invoke/DirectMethodHandle ACCESSOR_FORMS [Ljava/lang/invoke/LambdaForm; 132 [Ljava/lang/invoke/LambdaForm;
staticfield java/lang/invoke/DirectMethodHandle ALL_WRAPPERS [Lsun/invoke/util/Wrapper; 10 [Lsun/invoke/util/Wrapper;
staticfield java/lang/invoke/DirectMethodHandle NFS [Ljava/lang/invoke/LambdaForm$NamedFunction; 12 [Ljava/lang/invoke/LambdaForm$NamedFunction;
staticfield java/lang/invoke/DirectMethodHandle OBJ_OBJ_TYPE Ljava/lang/invoke/MethodType; java/lang/invoke/MethodType
staticfield java/lang/invoke/DirectMethodHandle LONG_OBJ_TYPE Ljava/lang/invoke/MethodType; java/lang/invoke/MethodType
staticfield java/lang/invoke/DirectMethodHandle $assertionsDisabled Z 1
ciInstanceKlass java/lang/invoke/DirectMethodHandle$StaticAccessor 0 0 95 10 100 12 1 1 1 10 100 12 1 1 1 9 100 12 1 1 1 9 12 1 1 9 12 1 1 10 100 12 1 1 1 9 12 1 1 9 12 1 1 10 12 1 9 12 1 10 12 1 1 100 1 10 12 1 9 12 1 1 10 12 1 1 10 12 1 1 1 1 1 1 1 1 1 1 1 1 1 1 1 1 1 1 1 1 1 1 1 1 1 1 1 1 1
ciInstanceKlass java/lang/invoke/DirectMethodHandle$Accessor 1 1 92 10 7 12 1 1 1 10 7 12 1 1 1 9 7 12 1 1 1 9 12 1 1 10 7 12 1 1 1 9 12 1 1 9 12 1 1 10 12 1 9 12 1 10 12 1 1 100 1 10 12 1 9 12 1 1 10 12 1 1 10 12 1 1 1 1 1 1 1 1 1 1 1 1 1 1 1 1 1 1 1 1 1 1 1 1 1 1 1 1 1 1
staticfield java/lang/invoke/DirectMethodHandle$Accessor $assertionsDisabled Z 1
instanceKlass java/lang/invoke/VarHandleByteArrayAsLongs$ByteArrayViewVarHandle
instanceKlass java/lang/invoke/VarHandleByteArrayAsInts$ByteArrayViewVarHandle
instanceKlass java/lang/invoke/VarHandleInts$FieldStaticReadOnly
instanceKlass java/lang/invoke/VarHandleLongs$FieldInstanceReadOnly
instanceKlass java/lang/invoke/VarHandleReferences$FieldStaticReadOnly
instanceKlass java/lang/invoke/VarHandleReferences$Array
instanceKlass java/lang/invoke/VarHandleInts$FieldInstanceReadOnly
instanceKlass java/lang/invoke/VarHandleReferences$FieldInstanceReadOnly
ciInstanceKlass java/lang/invoke/VarHandle 1 1 390 10 7 12 1 1 1 10 7 12 1 1 9 12 1 1 9 12 1 1 100 1 10 8 1 10 12 1 1 10 7 12 1 1 1 10 12 1 1 10 100 12 1 1 1 9 100 12 1 1 1 10 12 1 1 10 100 12 1 1 1 10 12 1 1 9 12 1 10 12 1 9 12 1 1 10 7 12 1 1 10 12 1 9 7 12 1 1 1 9 12 1 1 10 12 1 1 100 1 100 1 10 8 1 10 12 1 1 10 12 1 8 1 10 12 1 10 12 1 10 12 1 1 9 7 12 1 1 1 10 12 1 10 12 1 1 10 12 1 10 10 100 12 1 1 1 10 12 1 1 10 12 1 1 10 100 12 1 1 1 10 100 12 1 1 1 10 100 12 1 1 1 9 12 1 1 10 9 12 1 1 10 12 1 10 12 1 10 12 1 1 10 12 1 10 100 12 1 1 1 9 12 1 1 10 12 1 1 9 12 1 10 12 1 10 12 1 10 100 12 1 1 100 1 10 9 7 12 1 1 1 9 12 1 1 10 7 12 1 1 1 10 12 1 10 12 1 10 12 1 10 12 1 10 12 1 10 12 1 1 7 1 10 10 7 12 1 1 1 9 12 1 1 8 10 12 1 1 7 1 10 12 1 1 100 1 1 1 1 1 1 1 1 1 1 1 1 1 1 1 1 1 1 1 1 1 1 1 1 1 1 1 1 1 1 1 1 1 1 1 1 1 1 1 1 1 1 1 1 1 1 1 1 1 1 1 1 1 1 1 1 1 1 1 1 1 1 1 1 1 1 1 1 1 1 1 1 1 1 1 1 1 1 1 1 1 1 1 1 1 1 1 1 1 100 1 100 1 100 1 1 1 1 1 1 1 100 1 1 1
staticfield java/lang/invoke/VarHandle AIOOBE_SUPPLIER Ljava/util/function/BiFunction; jdk/internal/util/Preconditions$1
staticfield java/lang/invoke/VarHandle VFORM_OFFSET J 16
staticfield java/lang/invoke/VarHandle $assertionsDisabled Z 1
ciInstanceKlass java/lang/invoke/MemberName 1 1 757 7 1 7 1 100 1 9 12 1 1 10 7 12 1 1 1 9 12 1 1 10 12 1 1 10 12 1 1 10 12 1 1 10 12 1 10 12 1 1 10 7 12 1 1 1 10 12 1 9 100 12 1 1 10 12 1 100 1 100 1 10 12 1 8 1 10 12 1 1 10 12 1 10 12 1 1 10 12 1 9 12 1 1 8 1 10 100 12 1 1 1 7 1 10 10 12 1 1 100 1 100 1 10 12 1 1 9 12 1 1 100 1 8 1 10 12 1 10 12 1 10 12 1 10 12 1 10 12 1 1 10 12 1 10 12 1 10 12 1 1 10 12 1 1 10 12 1 8 1 8 1 8 1 10 100 12 1 1 1 10 12 1 9 12 1 1 3 10 12 1 10 12 1 10 12 1 10 10 7 12 1 1 1 10 12 1 10 12 1 10 12 1 10 12 1 7 1 8 10 12 1 1 10 12 1 1 8 1 9 100 1 8 9 100 1 10 12 1 1 10 12 1 10 12 1 8 1 10 12 1 1 10 12 1 10 12 1 10 12 1 10 12 1 1 100 1 10 12 1 1 10 12 1 8 1 10 12 1 10 12 1 8 1 10 12 1 1 10 12 1 1 100 1 10 12 1 1 10 12 8 1 8 1 100 1 10 12 1 10 100 12 1 1 1 100 1 10 12 10 12 1 10 12 1 10 12 1 10 12 1 10 10 12 1 10 12 1 10 12 1 3 10 12 1 3 10 12 1 3 3 3 3 3 3 3 100 1 10 12 1 10 7 12 1 1 1 10 12 1 3 9 12 1 10 12 1 1 3 10 12 1 10 10 7 12 1 1 1 10 12 1 1 10 7 1 10 10 12 1 10 12 1 10 12 1 10 10 12 1 1 10 12 1 10 12 1 10 12 1 100 1 10 10 10 12 100 1 10 10 10 12 1 1 10 12 1 1 10 10 12 1 8 10 100 1 10 12 1 10 100 1 10 12 1 10 12 1 10 12 1 10 10 12 1 10 12 1 1 10 12 1 1 10 12 1 10 12 1 10 12 1 100 1 10 12 1 1 100 1 8 1 10 7 1 10 12 1 10 12 10 12 1 1 10 12 1 10 12 1 8 1 8 1 8 1 8 1 10 12 1 10 12 1 10 12 1 1 8 1 8 1 10 12 1 8 1 10 10 12 1 10 12 1 8 1 8 1 10 10 12 1 8 1 10 100 12 1 1 1 8 1 10 12 1 10 12 1 1 10 12 1 8 1 8 1 8 1 8 1 100 1 10 8 1 8 1 8 1 8 1 10 12 1 100 1 100 1 100 1 10 100 1 10 100 1 10 100 12 1 1 1 9 7 12 1 1 1 100 1 100 1 1 1 1 1 1 1 3 1 3 1 3 1 3 1 3 1 3 1 1 1 1 1 1 1 1 3 1 3 1 1 1 1 3 1 1 1 1 1 1 1 1 1 1 1 1 1 1 1 1 1 1 1 1 1 1 1 1 1 1 1 1 1 1 1 1 1 1 1 1 1 1 1 1 1 1 1 1 1 1 1 1 1 1 1 1 1 1 1 1 1 1 1 1 1 1 1 1 1 1 1 1 1 1 1 1 1 1 1 1 1 1 1 1 1 1 1 1 1 1 1 1 1 1 1 1 1 1 1 1 1 1 1 1 1 1 1 1 1 1 100 1 1 1 1 1 1 1 1 1 1 1 1 1 1 1
staticfield java/lang/invoke/MemberName $assertionsDisabled Z 1
ciInstanceKlass java/lang/invoke/ResolvedMethodName 1 1 16 10 100 12 1 1 1 100 1 1 1 1 1 1 1 1
ciInstanceKlass java/lang/invoke/MethodHandleNatives 1 1 684 100 1 10 7 12 1 1 1 9 7 12 1 1 1 10 12 1 1 100 1 10 10 12 1 1 10 12 1 10 12 1 8 1 8 1 8 1 8 1 8 1 8 1 8 1 8 1 8 1 8 1 10 12 1 1 7 1 10 7 12 1 1 1 10 100 12 1 1 1 7 1 10 10 12 1 1 8 1 10 12 1 8 1 10 12 1 1 8 1 10 12 1 1 9 100 12 1 1 1 8 1 10 100 12 1 1 1 100 1 10 12 100 1 100 1 8 1 7 1 10 10 12 1 7 1 9 7 12 1 1 10 12 1 1 10 12 1 10 7 12 1 1 1 7 1 10 12 1 1 10 7 12 1 1 1 10 12 1 10 12 1 1 10 12 1 1 9 12 1 8 1 10 12 1 8 1 10 12 1 8 1 8 1 8 1 100 1 10 12 1 8 1 10 12 1 1 10 12 1 10 100 12 1 1 1 100 1 8 1 10 100 12 1 1 1 7 1 8 1 10 12 1 8 1 8 1 8 1 8 1 8 1 10 12 1 1 10 12 1 1 10 12 1 10 12 1 1 10 12 1 1 7 1 10 12 1 100 1 100 1 10 12 1 10 12 1 8 1 8 1 10 10 12 1 1 10 12 1 1 8 1 10 100 12 1 1 1 8 1 8 1 10 12 1 1 10 7 12 1 1 1 100 1 10 12 1 1 7 1 9 12 1 1 10 7 12 1 1 1 10 10 12 1 9 12 1 10 12 1 1 9 12 1 9 12 1 10 12 1 1 10 12 1 10 12 1 1 7 1 7 1 10 12 1 1 10 12 1 10 12 1 1 10 7 12 1 1 1 10 12 1 8 1 10 12 1 10 12 1 10 12 1 1 10 12 1 10 7 12 1 1 1 10 12 1 1 100 1 8 1 10 9 7 12 1 1 1 10 12 1 1 10 12 1 1 100 1 10 12 1 1 10 12 1 1 100 1 100 1 10 10 100 1 100 1 10 100 1 10 10 12 1 1 10 100 1 10 12 1 10 12 1 10 12 1 1 10 12 1 1 10 12 1 1 10 12 1 10 12 1 1 10 8 1 100 1 10 12 1 10 12 1 10 12 1 10 12 1 10 12 1 1 10 12 1 9 12 1 1 10 7 12 1 1 1 9 12 1 1 11 7 12 1 1 1 10 12 1 10 12 1 10 10 12 1 10 7 12 1 1 1 1 1 1 1 1 1 1 1 1 1 1 1 100 1 1 1 1 1 1 1 1 1 1 1 1 1 1 1 1 1 1 1 1 1 1 1 1 1 1 1 1 1 1 1 1 1 1 1 1 1 1 1 1 1 1 1 1 1 1 1 1 1 1 1 1 1 1 1 1 1 1 1 1 1 1 1 1 1 1 1 1 1 1 1 1 1 1 1 1 1 1 1 1 1 1 1 1 1 1 1 1 1 1 1 1 1 1 1 1 1 1 100 1 1 1 1 1 1 1 1 1 1 1 1 1 1 1 1 1 1 1 1 1 1 1 1 1 1 1 1 100 1 1 1 1 1 1 1 100 1 1 1
staticfield java/lang/invoke/MethodHandleNatives JLA Ljdk/internal/access/JavaLangAccess; java/lang/System$2
staticfield java/lang/invoke/MethodHandleNatives $assertionsDisabled Z 1
ciInstanceKlass java/lang/invoke/LambdaForm 1 1 1052 100 1 9 7 12 1 1 1 10 7 12 1 1 1 10 7 12 1 1 9 12 1 1 9 12 1 1 10 12 1 1 100 1 10 9 12 1 10 12 1 1 9 12 1 10 7 12 1 1 1 9 12 1 9 12 1 9 12 1 1 9 12 1 10 12 1 1 7 1 10 12 1 10 100 12 1 1 1 10 100 12 1 1 1 10 12 1 10 12 1 1 9 100 12 1 1 1 10 12 1 1 9 12 1 10 12 1 1 10 12 1 10 12 1 1 10 12 1 1 10 100 12 1 1 1 7 1 10 10 12 1 1 8 1 10 12 1 10 12 1 10 12 1 1 7 1 10 7 12 1 1 1 10 12 1 1 10 12 1 10 12 1 1 9 12 1 1 9 12 1 9 12 1 1 10 12 1 9 12 1 10 100 12 1 1 1 10 12 1 1 10 12 1 9 12 1 1 10 100 12 1 1 1 10 12 1 10 12 1 10 12 1 10 12 1 10 12 1 10 12 1 1 10 12 1 10 12 1 1 8 1 10 12 1 10 12 1 8 1 8 1 9 12 1 9 12 1 9 12 1 1 10 12 1 1 10 12 1 9 12 1 10 12 1 1 10 7 12 1 1 1 10 12 1 1 10 12 1 10 12 1 10 12 1 1 9 12 1 10 12 1 8 1 8 1 8 1 8 1 8 1 8 1 8 1 8 1 10 12 1 9 12 1 7 1 10 12 1 1 9 12 1 10 12 1 10 12 1 1 10 12 10 12 1 10 12 1 1 10 12 1 1 10 10 12 1 1 10 12 1 1 7 1 8 1 10 12 1 1 10 12 1 10 12 1 1 10 8 1 10 12 1 1 8 1 8 1 8 1 10 12 1 9 12 1 1 10 12 1 1 10 12 1 1 100 1 10 12 1 1 10 12 1 10 7 12 1 1 1 10 12 1 1 9 12 1 1 8 1 10 100 12 1 1 1 10 7 12 1 1 10 12 10 10 12 1 1 9 12 1 8 10 12 1 1 100 1 10 12 1 1 10 12 1 9 7 12 1 1 9 12 1 1 8 1 10 100 12 1 1 10 12 1 1 100 1 100 1 10 10 12 1 1 10 12 1 1 8 1 8 1 100 1 8 1 10 12 10 12 1 10 12 1 10 12 1 1 8 1 8 1 9 100 12 1 1 1 10 12 1 10 12 1 1 8 1 8 1 8 1 100 1 8 1 100 1 8 1 100 1 8 1 10 12 1 8 1 9 10 7 12 1 1 1 10 12 1 9 12 1 1 10 12 1 10 10 12 1 10 12 1 10 12 1 10 12 1 1 10 12 1 10 12 1 1 10 12 1 1 10 12 1 1 8 1 100 10 12 1 10 12 1 9 12 1 1 10 7 12 1 1 8 1 8 1 100 1 8 1 8 1 8 1 8 1 8 1 8 1 8 1 8 1 10 12 1 1 10 12 1 1 10 12 1 10 12 1 8 1 8 1 8 1 10 12 1 8 1 10 12 1 8 1 8 1 8 1 8 1 8 1 10 12 1 10 12 1 10 12 1 1 10 7 12 1 1 1 10 12 1 10 12 1 10 12 1 10 12 1 10 12 1 10 12 1 10 12 1 9 12 1 1 8 1 10 12 1 1 9 12 1 1 10 12 1 1 9 12 1 9 12 1 1 9 12 1 9 12 1 1 7 1 10 7 12 1 1 1 9 12 1 10 12 1 10 12 1 8 1 10 12 1 9 12 1 1 7 1 10 7 12 1 1 1 8 1 100 1 10 12 1 9 12 1 9 12 1 10 12 1 10 12 1 10 7 12 1 1 1 10 12 1 9 7 12 1 1 10 12 1 1 10 12 1 10 12 1 9 12 10 12 1 10 10 12 1 9 9 12 1 7 9 12 1 1 10 12 1 1 9 12 1 10 12 1 10 7 1 9 1 1 1 1 3 1 3 1 3 1 1 1 1 1 1 1 1 1 1 1 1 1 1 1 1 1 1 1 1 1 1 1 1 1 1 1 1 1 1 1 1 1 1 1 1 1 1 1 1 1 1 1 1 1 1 1 1 1 1 1 1 1 1 1 1 100 1 1 1 1 1 1 1 1 1 1 1 1 1 1 1 1 1 1 1 1 1 1 1 1 1 1 1 1 1 1 1 1 1 1 1 1 1 1 1 1 1 1 1 1 1 1 1 1 1 1 1 1 1 1 1 1 1 1 1 100 1 1 1 1 1 1 1 1 1 1 1 1 1 1 1 1 1 1 1 1 1 1 1 1 1 1 1 1 1 1 1 1 1 1 100 1 1 1 1 1 1 1 1 1 1 1 1 1 1 1 1 1 1 1 1 1 1 100 1 1 1 100 1 1 100 1 1 1 1 1 1 1 1 1 1 1
staticfield java/lang/invoke/LambdaForm COMPILE_THRESHOLD I 0
staticfield java/lang/invoke/LambdaForm INTERNED_ARGUMENTS [[Ljava/lang/invoke/LambdaForm$Name; 5 [[Ljava/lang/invoke/LambdaForm$Name;
staticfield java/lang/invoke/LambdaForm IMPL_NAMES Ljava/lang/invoke/MemberName$Factory; java/lang/invoke/MemberName$Factory
staticfield java/lang/invoke/LambdaForm LF_identity [Ljava/lang/invoke/LambdaForm; 6 [Ljava/lang/invoke/LambdaForm;
staticfield java/lang/invoke/LambdaForm LF_zero [Ljava/lang/invoke/LambdaForm; 6 [Ljava/lang/invoke/LambdaForm;
staticfield java/lang/invoke/LambdaForm NF_identity [Ljava/lang/invoke/LambdaForm$NamedFunction; 6 [Ljava/lang/invoke/LambdaForm$NamedFunction;
staticfield java/lang/invoke/LambdaForm NF_zero [Ljava/lang/invoke/LambdaForm$NamedFunction; 6 [Ljava/lang/invoke/LambdaForm$NamedFunction;
staticfield java/lang/invoke/LambdaForm createFormsLock Ljava/lang/Object; java/lang/Object
staticfield java/lang/invoke/LambdaForm DEBUG_NAME_COUNTERS Ljava/util/HashMap; null
staticfield java/lang/invoke/LambdaForm DEBUG_NAMES Ljava/util/HashMap; null
staticfield java/lang/invoke/LambdaForm TRACE_INTERPRETER Z 0
staticfield java/lang/invoke/LambdaForm $assertionsDisabled Z 1
ciInstanceKlass java/lang/invoke/MethodType 1 1 771 7 1 10 7 12 1 1 1 9 12 1 1 9 12 1 1 9 12 1 1 10 7 12 1 1 1 9 7 12 1 1 8 1 10 100 12 1 1 1 9 7 1 9 7 1 10 12 1 1 100 1 10 8 1 10 12 1 1 10 12 1 10 12 1 1 100 1 8 1 10 12 1 100 1 10 10 12 1 10 12 1 1 10 12 1 1 11 7 12 1 1 1 9 12 1 11 12 1 1 7 7 1 10 7 12 1 1 1 10 12 1 9 12 1 1 10 7 12 1 1 10 12 1 1 10 7 12 1 1 1 10 7 12 1 1 1 10 12 1 9 12 1 1 10 12 1 1 7 1 10 12 1 1 10 12 1 1 10 12 1 1 10 12 1 1 10 12 1 1 10 12 1 10 12 1 10 12 1 1 10 12 1 8 1 8 1 10 12 1 1 9 12 1 1 100 1 10 10 12 1 1 10 12 1 10 12 1 1 10 12 1 1 10 12 1 10 12 1 1 10 12 1 8 1 10 12 1 1 10 100 12 1 1 1 10 12 1 10 12 1 1 10 12 1 10 12 1 10 12 1 1 10 12 1 10 12 1 9 12 1 10 12 1 10 10 12 1 1 10 12 1 9 12 1 1 10 12 1 1 10 12 1 1 10 12 1 1 10 12 1 1 7 1 10 12 10 12 1 10 12 1 100 1 8 1 8 1 8 1 10 12 1 10 12 1 10 12 1 10 11 12 1 1 11 12 1 10 100 12 1 1 1 9 12 1 10 12 1 10 12 1 1 10 12 1 1 10 12 1 10 12 1 10 100 12 1 1 1 10 12 1 1 10 12 1 10 12 1 10 12 1 10 9 12 1 1 7 1 10 12 1 10 12 1 1 9 100 12 1 1 1 10 100 12 1 1 1 10 100 12 1 1 1 10 12 1 1 10 100 12 1 1 1 10 12 1 1 8 1 10 7 12 1 1 1 11 12 1 1 9 12 1 1 10 12 1 1 10 12 1 10 12 1 1 10 12 1 1 10 100 12 1 1 100 1 10 12 1 1 11 100 12 1 1 1 18 12 1 1 11 12 1 1 18 12 1 11 12 1 100 1 11 100 12 1 1 10 12 1 100 1 10 12 1 10 100 12 1 1 10 12 1 1 9 12 1 1 9 100 12 1 1 1 10 100 12 1 1 1 9 12 1 10 100 12 1 1 10 12 1 100 10 12 1 1 10 12 1 10 7 1 7 1 9 12 1 1 100 1 100 1 100 1 1 1 5 0 1 1 1 1 1 1 1 3 1 3 1 3 1 1 1 1 1 1 1 1 1 1 1 1 1 1 1 1 1 1 1 1 1 1 1 1 1 1 1 1 1 1 1 1 1 1 1 1 1 1 1 1 1 1 1 1 1 1 1 1 1 1 1 1 1 1 1 1 1 1 1 1 1 1 1 1 1 1 1 1 1 1 1 1 1 1 1 1 1 1 1 1 1 1 1 1 1 1 1 1 1 1 1 1 1 1 1 1 1 1 1 1 1 1 1 1 1 1 1 1 1 1 1 1 1 1 1 1 1 1 1 1 1 1 1 1 1 1 1 100 1 100 1 1 1 1 1 1 1 1 1 1 1 1 1 100 1 1 1 100 1 1 1 1 1 1 1 1 1 1 1 1 1 1 1 1 1 1 1 1 1 15 10 100 12 1 1 1 16 15 10 12 16 16 15 10 12 16 1 1 1 1 100 1 1 100 1 1 100 1 100 1 1
staticfield java/lang/invoke/MethodType internTable Ljava/lang/invoke/MethodType$ConcurrentWeakInternSet; java/lang/invoke/MethodType$ConcurrentWeakInternSet
staticfield java/lang/invoke/MethodType NO_PTYPES [Ljava/lang/Class; 0 [Ljava/lang/Class;
staticfield java/lang/invoke/MethodType objectOnlyTypes [Ljava/lang/invoke/MethodType; 20 [Ljava/lang/invoke/MethodType;
staticfield java/lang/invoke/MethodType METHOD_HANDLE_ARRAY [Ljava/lang/Class; 1 [Ljava/lang/Class;
staticfield java/lang/invoke/MethodType serialPersistentFields [Ljava/io/ObjectStreamField; 0 [Ljava/io/ObjectStreamField;
staticfield java/lang/invoke/MethodType $assertionsDisabled Z 1
ciInstanceKlass java/lang/BootstrapMethodError 0 0 45 10 100 12 1 1 1 10 12 1 10 12 1 10 100 12 1 1 1 10 100 12 1 1 1 1 1 1 5 0 1 1 1 1 1 1 1 1 1 1 1 100 1 1 1
instanceKlass java/lang/invoke/VolatileCallSite
instanceKlass java/lang/invoke/MutableCallSite
instanceKlass java/lang/invoke/ConstantCallSite
ciInstanceKlass java/lang/invoke/CallSite 1 1 302 10 7 12 1 1 1 10 7 12 1 1 1 9 7 12 1 1 1 10 12 1 1 9 12 1 1 10 7 12 1 1 1 10 12 1 100 1 10 12 1 1 10 12 1 1 9 100 12 1 1 1 10 100 12 1 1 10 12 1 1 100 1 100 1 10 10 100 12 1 1 1 10 12 1 1 8 1 10 12 1 10 12 1 1 10 12 1 10 12 1 1 10 12 1 1 10 10 100 12 1 1 10 12 1 1 9 12 1 9 100 12 1 1 1 8 1 10 7 12 1 1 1 10 12 1 1 100 1 10 12 1 1 9 12 1 8 1 100 1 10 12 1 10 12 1 100 1 8 1 10 10 12 1 10 12 1 1 100 1 10 12 1 1 10 12 1 10 12 1 10 12 1 1 10 12 1 1 9 12 1 1 8 10 12 1 1 9 12 1 1 100 1 10 10 12 1 10 100 12 1 1 1 10 12 1 1 10 12 1 1 10 12 1 10 7 12 1 1 1 100 1 8 1 10 10 12 10 12 1 1 100 1 100 1 100 1 8 1 10 12 1 10 7 12 1 1 1 1 1 1 1 1 1 1 1 1 1 1 1 1 1 1 1 1 1 1 1 1 1 1 1 1 1 1 1 1 1 1 1 1 1 1 1 1 1 1 1 1 1 1 1 1 1 1 1 1 1 1 1 1 1
staticfield java/lang/invoke/CallSite $assertionsDisabled Z 1
ciInstanceKlass jdk/internal/invoke/NativeEntryPoint 0 0 92 10 100 12 1 1 1 9 100 12 1 1 1 10 100 12 1 1 1 100 1 9 12 1 9 12 1 9 12 1 1 9 12 1 1 9 12 1 1 100 1 8 1 10 12 1 11 100 12 1 1 1 10 12 1 1 10 12 1 11 100 12 1 1 11 12 1 10 12 1 1 10 12 1 1 1 1 1 1 1 1 1 1 1 1 1 1 1 1 1 1 1
ciInstanceKlass java/lang/invoke/MethodHandleNatives$CallSiteContext 1 1 49 10 7 12 1 1 1 7 1 10 10 7 12 1 1 1 10 7 12 1 1 1 10 7 12 1 1 1 100 1 1 1 1 1 1 1 1 1 1 1 1 1 1 1 1 1 100 1 1
ciInstanceKlass java/lang/invoke/ConstantCallSite 1 1 65 10 7 12 1 1 1 9 7 12 1 1 1 9 12 1 1 10 7 12 1 1 1 10 12 1 100 1 10 12 9 12 1 1 100 1 10 10 12 1 1 10 12 1 1 1 1 1 1 1 1 1 1 1 1 1 100 1 1 1 1 1 1 1 1
staticfield java/lang/invoke/ConstantCallSite UNSAFE Ljdk/internal/misc/Unsafe; jdk/internal/misc/Unsafe
ciInstanceKlass java/lang/invoke/MutableCallSite 0 0 63 10 100 12 1 1 1 10 12 1 9 100 12 1 1 1 10 12 1 10 12 1 1 9 12 1 1 10 100 12 1 1 1 10 100 12 1 1 1 10 12 1 1 1 1 1 1 1 1 1 1 1 1 1 1 1 1 1 1 100 1 1 1
ciInstanceKlass java/lang/invoke/VolatileCallSite 0 0 37 10 100 12 1 1 1 10 12 1 10 100 12 1 1 1 10 12 1 10 12 1 1 1 1 1 1 1 1 1 1 1 1 1 1 1 1
ciInstanceKlass java/lang/AssertionStatusDirectives 0 0 24 10 100 12 1 1 1 100 1 1 1 1 1 1 1 1 1 1 1 1 1 1 1 1
instanceKlass java/lang/StringBuilder
instanceKlass java/lang/StringBuffer
ciInstanceKlass java/lang/AbstractStringBuilder 1 1 547 7 1 7 1 10 7 12 1 1 1 9 7 12 1 1 1 9 12 1 9 12 1 1 9 12 1 1 10 7 12 1 1 1 10 12 1 1 3 3 10 12 1 10 12 1 1 11 7 1 100 1 100 1 10 8 1 10 12 1 10 12 1 10 12 1 1 10 12 1 10 12 1 10 12 1 9 12 1 1 10 12 1 1 10 7 12 1 1 1 10 10 12 1 10 12 1 10 12 1 1 10 12 1 1 10 7 12 1 1 1 10 7 12 1 1 1 100 1 8 1 10 10 12 1 1 100 1 10 12 10 12 1 1 10 10 12 1 1 10 12 1 1 10 12 1 1 10 12 1 1 100 1 10 10 12 1 10 7 12 1 1 1 10 12 1 1 10 12 1 10 12 1 1 10 10 12 1 1 10 12 10 12 1 10 12 1 1 10 12 1 1 10 12 1 1 10 12 1 10 10 12 1 1 10 12 1 10 12 1 1 8 1 10 12 1 1 10 12 1 10 12 1 10 12 1 10 12 1 10 12 1 10 12 1 10 7 12 1 1 10 12 1 10 12 1 10 100 12 1 1 1 10 12 1 10 12 1 10 12 1 10 12 1 10 12 1 1 10 12 1 10 12 1 1 10 12 1 1 10 10 7 12 1 1 1 10 12 1 10 12 1 10 12 1 1 10 12 1 10 12 1 10 12 1 10 12 1 10 12 1 10 12 1 10 12 1 10 12 1 10 12 1 1 10 12 1 10 12 1 10 12 10 12 1 1 18 12 1 1 100 1 10 100 12 1 1 1 18 10 12 1 1 10 12 1 10 12 1 1 11 12 1 10 12 1 10 12 1 10 10 12 1 10 8 1 8 1 8 1 10 10 100 1 10 12 1 100 1 10 100 1 10 100 1 1 1 3 1 1 1 1 1 1 1 1 1 1 100 1 1 1 1 1 1 1 1 1 1 1 1 1 1 1 1 1 1 1 1 1 1 1 1 1 1 1 1 1 1 1 1 1 1 1 1 1 1 1 1 1 1 1 1 1 1 1 1 1 1 1 1 1 1 1 1 1 1 1 1 1 1 1 1 1 1 1 1 1 1 1 1 1 1 1 1 1 1 1 1 1 1 1 1 1 1 1 1 1 1 1 1 1 1 1 1 1 100 1 1 100 1 1 1 1 1 100 1 1 1 1 1 1 15 10 100 12 1 1 1 16 1 15 10 12 16 15 10 12 1 1 1 1 100 1 100 1 1
staticfield java/lang/AbstractStringBuilder EMPTYVALUE [B 0
ciInstanceKlass java/lang/StringBuffer 1 1 470 10 7 12 1 1 1 10 12 1 10 12 1 10 12 1 1 9 7 12 1 1 1 10 12 1 1 10 12 1 10 12 1 1 9 12 1 1 10 12 1 10 12 1 1 10 12 1 1 10 12 1 10 12 1 1 10 12 1 10 12 1 1 10 12 1 1 10 100 12 1 1 1 10 12 1 1 10 12 1 10 12 1 10 12 1 10 12 1 10 12 1 10 12 1 10 12 1 10 12 1 10 12 1 10 12 1 10 12 1 10 12 1 10 12 1 10 12 1 1 10 12 1 10 12 1 1 10 12 1 1 10 10 12 1 1 10 12 1 10 12 1 10 12 1 10 12 1 10 12 1 10 12 1 10 12 10 12 1 10 12 1 10 12 1 10 12 1 1 10 12 1 10 12 1 10 10 12 1 1 10 12 1 1 9 12 1 1 10 7 12 1 1 1 10 100 1 10 10 100 12 1 1 1 10 10 12 1 10 8 10 100 12 1 1 1 8 10 12 1 8 1 10 12 1 10 12 1 10 100 12 1 1 1 10 100 12 1 1 1 7 1 10 12 100 1 8 1 10 10 12 1 1 10 12 1 1 10 12 1 1 10 12 1 10 12 1 10 12 1 10 12 1 10 12 1 10 12 1 10 12 1 10 12 1 10 12 1 10 12 1 10 12 1 10 12 1 10 12 1 10 12 1 10 12 1 10 12 1 10 12 10 12 10 12 1 10 12 1 10 12 1 10 12 10 12 1 10 12 1 10 12 1 10 12 1 10 12 1 10 12 1 10 12 1 10 12 1 10 12 1 10 12 1 10 12 1 7 1 10 12 1 9 7 12 1 1 1 9 7 1 9 12 1 1 100 1 100 1 100 1 1 1 1 5 0 1 1 1 1 1 1 1 1 1 1 1 1 1 1 1 1 1 1 1 1 1 1 1 1 1 1 1 1 1 1 1 1 1 1 1 1 1 1 1 1 1 1 1 1 1 1 1 1 1 1 1 1 1 1 1 1 1 1 1 1 100 1 1 1 1 1 100 1 1 1 1 1 1 1 1 1 1 1 1 1 1 1 1 1
staticfield java/lang/StringBuffer serialPersistentFields [Ljava/io/ObjectStreamField; 3 [Ljava/io/ObjectStreamField;
ciInstanceKlass java/lang/StringBuilder 1 1 409 10 7 12 1 1 1 10 12 1 10 12 1 10 12 1 1 10 7 12 1 1 1 10 7 12 1 1 1 10 12 1 10 12 1 10 12 1 10 12 1 10 12 1 10 12 1 10 12 1 10 12 1 10 12 1 10 12 1 10 12 1 10 12 1 10 12 1 10 12 1 1 10 12 1 10 12 1 1 10 12 1 1 10 12 1 10 12 1 10 12 1 10 12 1 10 12 1 10 12 1 10 12 1 10 12 10 12 1 10 12 1 10 12 1 10 12 1 1 10 12 1 10 12 1 10 12 10 12 1 1 10 12 1 1 9 12 1 1 9 12 1 1 10 7 12 1 1 1 10 7 1 10 100 12 1 1 1 10 12 1 10 12 1 1 10 12 1 1 10 10 12 1 1 10 100 12 1 1 10 12 1 10 12 1 1 100 1 100 1 8 1 10 10 12 1 1 10 12 1 1 10 12 1 10 12 1 10 12 1 10 12 1 10 12 1 10 12 1 10 12 1 10 12 1 10 12 1 10 12 1 10 12 1 10 12 1 10 12 1 10 12 1 10 12 1 1 10 12 1 1 10 12 1 10 12 1 10 12 1 10 12 10 12 10 12 1 10 12 1 10 12 1 10 12 10 12 1 10 12 1 10 12 1 10 12 1 10 12 1 10 12 1 10 12 1 10 12 1 10 12 1 1 10 12 1 10 12 1 1 10 12 1 10 12 1 1 10 12 1 10 12 1 1 10 12 1 10 12 1 10 12 1 10 10 12 1 10 12 1 100 1 100 1 100 1 1 1 1 5 0 1 1 1 1 1 1 1 1 1 1 1 1 1 1 1 1 1 1 1 1 1 1 1 1 1 1 1 1 1 1 1 1 1 1 1 1 1 1 1 1 1 1 1 100 1 1 1 100 1 1 1 1 1 1 1 1 1 1
ciInstanceKlass jdk/internal/misc/UnsafeConstants 1 1 34 10 100 12 1 1 1 9 7 12 1 1 1 9 12 1 9 12 1 1 9 12 1 9 12 1 1 1 1 1 1 1 1 1
staticfield jdk/internal/misc/UnsafeConstants ADDRESS_SIZE0 I 8
staticfield jdk/internal/misc/UnsafeConstants PAGE_SIZE I 4096
staticfield jdk/internal/misc/UnsafeConstants BIG_ENDIAN Z 0
staticfield jdk/internal/misc/UnsafeConstants UNALIGNED_ACCESS Z 1
staticfield jdk/internal/misc/UnsafeConstants DATA_CACHE_LINE_FLUSH_SIZE I 0
ciInstanceKlass jdk/internal/misc/Unsafe 1 1 1285 10 7 12 1 1 1 9 7 12 1 1 1 9 12 1 1 10 12 1 1 10 7 12 1 1 1 10 12 1 1 10 12 1 1 10 12 1 1 10 12 1 1 10 12 1 1 10 12 1 1 10 12 1 1 10 12 1 1 10 12 1 1 10 12 1 1 10 12 1 1 10 12 1 1 10 12 1 1 10 12 1 10 12 1 100 1 10 10 12 1 1 10 12 1 1 5 0 10 12 1 1 10 12 1 1 10 7 12 1 1 1 10 12 1 1 10 12 1 10 12 1 10 12 1 1 10 12 1 1 10 12 1 10 12 1 100 1 100 1 10 8 1 10 12 1 1 10 12 1 8 1 10 12 1 1 10 12 1 10 12 1 10 12 1 1 10 12 1 10 12 1 1 10 12 1 1 10 12 1 10 12 1 10 12 1 10 12 1 1 10 12 1 10 12 1 10 12 1 1 10 12 1 5 0 5 0 5 0 10 12 1 10 12 1 10 12 1 10 12 1 10 12 1 10 12 1 10 12 1 10 12 1 10 12 1 1 10 12 1 10 12 1 100 1 8 1 10 100 1 10 10 12 1 1 10 12 1 1 10 12 1 10 12 1 1 10 12 1 1 10 12 1 10 12 1 1 10 12 1 9 7 12 1 1 9 12 1 100 1 10 10 12 1 1 8 1 10 8 1 8 1 10 12 1 1 9 7 12 1 1 1 9 100 1 9 7 1 9 7 1 9 9 100 1 9 100 1 9 100 1 10 12 1 1 10 12 1 1 10 12 1 1 10 12 1 1 5 0 5 0 9 12 1 1 10 12 1 10 12 1 10 12 1 1 10 12 1 1 10 12 1 8 1 3 10 12 1 1 10 12 1 1 10 12 1 10 12 1 1 10 12 1 1 10 12 1 10 12 1 10 12 1 10 12 1 10 12 1 10 12 1 1 10 12 1 1 10 12 1 10 12 1 10 12 1 10 12 1 10 12 1 10 12 1 1 10 12 1 1 10 12 1 10 12 1 10 12 1 10 12 1 10 12 1 10 12 1 1 10 12 1 1 10 12 1 1 10 12 1 1 10 12 1 10 12 1 10 12 1 10 12 1 10 12 1 10 12 1 10 12 1 1 10 12 1 1 10 12 1 10 12 1 10 12 1 10 12 1 10 12 1 10 12 1 10 12 1 1 10 12 1 1 10 12 1 10 12 1 10 12 1 10 12 1 10 12 1 10 12 1 10 12 1 10 12 1 1 10 12 1 10 12 1 10 12 1 10 12 1 10 12 1 1 10 12 1 10 12 1 10 12 1 10 12 1 10 12 1 10 12 1 10 12 1 10 12 1 1 10 12 1 10 12 1 10 12 1 10 12 1 10 12 1 10 12 1 1 10 12 1 10 12 1 10 12 1 1 10 12 1 10 12 1 10 12 1 10 12 1 10 12 1 10 12 1 10 12 1 10 12 1 10 12 1 10 12 1 10 12 1 10 12 1 10 12 1 10 12 1 10 12 1 10 12 1 10 12 1 10 12 1 10 12 1 10 12 1 10 12 1 10 12 1 100 1 10 100 1 10 9 12 1 5 0 10 12 1 1 5 0 10 12 1 5 0 10 12 1 10 12 1 10 12 1 1 10 12 1 1 10 12 1 10 12 1 10 12 1 10 12 1 1 10 12 1 10 12 1 10 12 1 10 12 1 10 12 1 1 10 12 1 10 12 1 10 12 1 10 12 1 1 10 12 1 10 12 1 10 12 1 1 10 12 1 10 12 1 10 12 1 10 12 1 1 10 12 1 10 10 12 1 1 10 12 1 10 12 1 1 10 12 1 10 12 5 0 5 0 5 0 10 12 1 1 10 12 1 10 12 1 10 12 10 100 12 1 1 8 1 100 1 11 12 1 1 8 1 11 12 1 1 10 100 12 1 1 10 12 1 10 12 1 10 12 1 10 12 1 10 12 1 1 10 12 1 10 12 1 10 12 1 10 12 1 10 12 1 10 12 1 10 7 1 10 12 1 9 12 1 7 1 9 12 1 7 1 9 12 1 7 1 9 12 1 7 1 9 12 1 7 1 9 12 1 7 1 9 12 1 7 1 9 12 1 7 1 9 12 1 10 12 1 9 12 1 9 12 1 9 12 1 9 12 1 9 12 1 9 12 1 9 12 1 9 12 1 9 12 1 9 12 1 1 1 3 1 1 1 1 1 1 1 1 1 1 1 1 1 1 1 1 1 1 1 1 1 1 1 1 1 1 1 1 1 1 1 1 1 1 1 1 1 1 1 1 1 1 1 1 1 1 1 1 1 1 1 1 1 1 1 1 1 1 1 1 1 1 1 1 1 1 1 1 1 1 1 1 1 1 1 1 1 1 1 1 1 1 1 1 1 1 1 1 1 100 1 1 1 1 1 1 1 1 1 1 1 1 1 1 1 1 1 1 1 1 1 1 1 1 1 1 1 1 1 1 1 1 1 1 1 1 1 1 1 1 1 1 1 1 1 1 1 1 1 1 1 1 1 1 1 1 1 1 1 1 1 1 1 1 1 1 1 1 1 1 1 1 1 1 1 1 1 1 1 1 1 1 1 1 1 1 1 1 1 1 1 1 1 1 1 1 1 1 1 1 1 1 1 1 1 1 1 1 1 1 1 1 1 1 1 1 1 1 1 1 1 1 1 1 1 1 1 1 1 1 1 1 1 1 1 1 1 1 1 1 1 1 1 1 1 1 1 1 1 1 1 1 1 1 1 1 1 1 1 1 1 1 1 1 1 1 1 1 1 1 1 1 1 1 1 1 1 1 1 1 1 1 1 1 1 1 1 1 1 1 1 1 1 1 1 1 1 1 1 1 1 1 1 1 1 1 1 3 1 1 1 1 1 1 1 1 1 1 1 1 1 1 1 1 1 1 1 1 1
staticfield jdk/internal/misc/Unsafe theUnsafe Ljdk/internal/misc/Unsafe; jdk/internal/misc/Unsafe
staticfield jdk/internal/misc/Unsafe ARRAY_BOOLEAN_BASE_OFFSET I 16
staticfield jdk/internal/misc/Unsafe ARRAY_BYTE_BASE_OFFSET I 16
staticfield jdk/internal/misc/Unsafe ARRAY_SHORT_BASE_OFFSET I 16
staticfield jdk/internal/misc/Unsafe ARRAY_CHAR_BASE_OFFSET I 16
staticfield jdk/internal/misc/Unsafe ARRAY_INT_BASE_OFFSET I 16
staticfield jdk/internal/misc/Unsafe ARRAY_LONG_BASE_OFFSET I 16
staticfield jdk/internal/misc/Unsafe ARRAY_FLOAT_BASE_OFFSET I 16
staticfield jdk/internal/misc/Unsafe ARRAY_DOUBLE_BASE_OFFSET I 16
staticfield jdk/internal/misc/Unsafe ARRAY_OBJECT_BASE_OFFSET I 16
staticfield jdk/internal/misc/Unsafe ARRAY_BOOLEAN_INDEX_SCALE I 1
staticfield jdk/internal/misc/Unsafe ARRAY_BYTE_INDEX_SCALE I 1
staticfield jdk/internal/misc/Unsafe ARRAY_SHORT_INDEX_SCALE I 2
staticfield jdk/internal/misc/Unsafe ARRAY_CHAR_INDEX_SCALE I 2
staticfield jdk/internal/misc/Unsafe ARRAY_INT_INDEX_SCALE I 4
staticfield jdk/internal/misc/Unsafe ARRAY_LONG_INDEX_SCALE I 8
staticfield jdk/internal/misc/Unsafe ARRAY_FLOAT_INDEX_SCALE I 4
staticfield jdk/internal/misc/Unsafe ARRAY_DOUBLE_INDEX_SCALE I 8
staticfield jdk/internal/misc/Unsafe ARRAY_OBJECT_INDEX_SCALE I 4
staticfield jdk/internal/misc/Unsafe ADDRESS_SIZE I 8
ciInstanceKlass jdk/internal/module/Modules 1 1 504 10 100 12 1 1 1 9 7 12 1 1 1 11 7 12 1 1 1 11 12 1 1 11 12 1 1 11 12 1 1 11 12 1 11 12 1 11 12 1 11 12 1 11 12 1 1 10 100 12 1 1 1 10 100 12 1 1 1 18 12 1 1 10 100 12 1 1 1 100 1 10 100 12 1 1 1 10 100 12 1 1 1 10 100 12 1 1 10 12 1 1 11 12 1 9 12 1 1 11 100 12 1 1 1 10 12 1 1 10 10 12 1 10 9 12 1 1 10 100 12 1 1 10 12 1 1 10 100 12 1 1 100 1 11 100 12 1 1 1 10 100 12 1 1 1 11 100 12 1 1 10 12 1 1 10 100 12 1 1 10 100 12 1 1 1 10 12 1 1 10 12 1 1 11 12 1 1 18 12 1 1 11 100 12 1 1 10 100 12 1 1 1 11 100 12 1 1 1 100 1 11 12 1 1 11 100 12 1 1 1 11 12 1 1 10 12 1 1 10 100 12 1 1 18 12 1 1 11 12 1 1 18 12 1 1 11 12 1 1 10 12 1 18 18 10 12 1 1 9 12 1 1 11 100 12 1 1 1 100 1 10 11 12 1 11 12 1 1 11 12 1 1 10 100 1 10 12 1 1 10 100 12 1 1 10 12 1 1 11 12 10 12 1 1 100 1 10 18 12 1 10 12 1 1 100 1 8 1 10 12 1 10 100 12 1 1 18 12 1 11 11 12 10 12 1 10 10 100 1 18 12 1 10 10 10 7 12 1 1 10 7 12 1 1 1 10 12 1 1 1 1 1 1 1 1 1 1 1 1 1 1 1 1 1 1 1 1 1 1 1 1 1 1 1 1 1 1 1 1 1 100 1 1 1 1 1 1 1 1 1 1 1 1 1 1 1 1 1 1 1 1 1 1 1 1 1 1 1 1 1 1 1 1 1 1 1 100 1 1 1 1 1 1 1 1 1 1 1 1 1 1 1 1 1 1 1 1 1 1 1 15 10 100 12 1 1 1 16 15 10 12 1 16 16 15 10 12 1 16 1 16 1 15 10 12 1 16 1 16 1 15 10 12 16 1 15 10 16 1 15 10 12 16 1 15 10 12 16 15 10 12 16 15 10 12 1 1 1 100 1 100 1 1
staticfield jdk/internal/module/Modules JLA Ljdk/internal/access/JavaLangAccess; java/lang/System$2
staticfield jdk/internal/module/Modules JLMA Ljdk/internal/access/JavaLangModuleAccess; java/lang/module/ModuleDescriptor$1
staticfield jdk/internal/module/Modules $assertionsDisabled Z 1
instanceKlass java/io/ObjectInputStream$PeekInputStream
instanceKlass java/io/ObjectInputStream$BlockDataInputStream
instanceKlass java/io/ObjectInputStream
instanceKlass sun/nio/ch/NioSocketImpl$1
instanceKlass java/net/Socket$SocketInputStream
instanceKlass sun/nio/ch/ChannelInputStream
instanceKlass java/util/zip/ZipFile$ZipFileInputStream
instanceKlass java/io/FilterInputStream
instanceKlass java/io/FileInputStream
instanceKlass java/io/ByteArrayInputStream
ciInstanceKlass java/io/InputStream 1 1 184 100 1 10 7 12 1 1 1 100 1 10 10 7 12 1 1 1 10 7 12 1 1 1 10 12 1 100 1 3 10 12 1 1 100 1 8 1 10 12 1 10 100 12 1 1 1 3 100 1 8 1 10 10 100 12 1 1 1 100 1 10 11 100 12 1 1 1 10 12 1 1 11 12 1 1 11 100 12 1 1 1 11 12 1 1 100 1 10 100 12 1 1 1 5 0 10 12 1 10 12 1 1 100 1 10 8 1 10 8 1 8 1 10 12 1 1 10 100 12 1 1 1 100 1 1 1 1 3 1 3 1 1 1 1 1 1 1 1 1 1 1 1 1 1 1 1 1 1 1 1 1 1 1 1 1 1 1 1 1 1 1 1 1 1 1 1 1 1 1 1 1 1 1 1 1 1 1 1 1 1 1 1 1
ciInstanceKlass java/io/ByteArrayInputStream 1 1 96 10 7 12 1 1 1 9 7 12 1 1 1 9 12 1 1 9 12 1 9 12 1 10 100 12 1 1 1 10 7 12 1 1 1 10 7 12 1 1 1 10 100 12 1 1 1 10 12 1 1 10 100 12 1 1 1 1 1 1 1 1 1 1 1 1 1 1 1 1 1 1 1 1 1 1 1 1 1 1 1 100 1 1 1 1 1 1 1 1 1 1 1 1 1 1
ciInstanceKlass java/net/URL 1 1 743 10 7 12 1 1 1 10 12 1 10 7 12 1 1 9 12 1 1 9 12 1 10 100 12 1 1 1 10 12 1 1 10 12 1 1 9 12 1 1 10 7 12 1 1 1 8 1 10 12 1 1 100 1 10 10 12 1 1 8 1 10 12 1 1 9 12 1 100 1 8 1 10 12 1 10 12 1 8 1 9 12 1 10 12 1 1 9 12 1 10 12 1 10 12 1 9 12 1 9 12 1 8 1 9 12 1 10 12 1 1 8 1 9 12 1 1 10 12 1 1 10 7 12 1 1 1 8 1 10 12 1 7 1 10 12 1 10 12 1 10 12 1 10 12 1 1 10 12 1 1 8 1 10 12 1 1 10 12 1 8 1 9 12 1 8 1 10 12 1 10 7 12 1 1 1 100 1 10 12 1 10 12 1 1 10 7 12 1 1 1 100 1 8 1 10 10 12 1 8 1 10 12 1 1 10 12 1 10 12 1 10 12 1 10 12 1 10 12 1 8 1 10 12 1 10 10 7 12 1 1 1 10 12 1 9 100 12 1 1 1 10 100 12 1 1 1 9 12 1 1 10 12 1 10 100 12 1 1 1 100 1 100 1 10 12 1 10 12 1 10 12 1 10 12 1 10 12 1 10 12 10 10 10 12 1 100 1 10 12 1 10 12 1 1 8 1 9 100 12 1 1 1 10 100 12 1 1 1 10 12 1 1 9 100 12 1 1 1 10 12 1 1 100 1 10 12 1 10 12 1 10 10 12 1 1 10 12 1 1 10 12 1 10 12 1 10 12 1 10 7 12 1 1 1 10 12 1 1 10 12 1 9 12 1 1 9 12 1 1 100 1 8 1 10 10 12 1 9 12 1 1 10 7 12 1 1 8 1 10 7 12 1 1 8 1 10 12 1 1 10 12 1 8 1 8 1 10 7 12 1 1 1 100 1 10 100 12 1 1 1 10 12 1 10 12 1 7 1 10 9 12 1 1 10 7 12 1 1 8 1 10 12 1 1 7 1 10 10 7 12 1 1 1 8 9 7 12 1 1 1 10 12 1 10 12 1 10 12 1 10 12 1 10 7 12 1 1 11 7 12 1 1 10 12 1 10 12 1 9 12 1 10 12 1 1 10 100 12 1 1 10 100 12 1 1 1 8 10 100 12 1 1 100 1 10 8 8 10 12 1 8 8 8 100 1 10 12 1 9 12 1 1 10 12 1 10 12 1 1 10 12 1 10 12 10 12 1 1 10 12 1 1 10 10 10 12 1 10 12 1 10 12 1 10 12 1 10 12 1 10 10 12 1 100 1 8 1 10 10 10 12 1 1 10 12 1 10 12 1 1 8 1 7 1 10 10 10 7 1 10 12 1 9 7 12 1 1 1 9 12 1 1 7 1 10 10 7 12 1 1 1 100 1 1 1 1 1 5 0 1 1 1 1 1 1 1 1 1 1 1 1 1 1 1 1 1 1 1 1 1 1 1 1 1 1 1 1 1 1 1 1 1 1 1 1 1 1 1 100 1 1 1 1 1 1 1 1 1 1 1 1 1 1 1 1 1 1 1 1 1 1 1 1 1 1 1 1 1 1 1 1 1 1 1 1 1 100 1 1 1 1 1 1 1 1 1 1 1 1 1 1 1 1 100 1 1 1 1 1 1 1 1 1 1 1 1 1 1 1 1 1 1
staticfield java/net/URL defaultFactory Ljava/net/URLStreamHandlerFactory; java/net/URL$DefaultFactory
staticfield java/net/URL streamHandlerLock Ljava/lang/Object; java/lang/Object
staticfield java/net/URL serialPersistentFields [Ljava/io/ObjectStreamField; 7 [Ljava/io/ObjectStreamField;
ciInstanceKlass java/util/jar/Manifest 1 1 336 10 7 12 1 1 1 7 1 10 9 7 12 1 1 1 7 1 10 9 12 1 1 9 12 1 1 10 12 1 10 12 1 1 10 12 1 1 10 12 1 1 10 12 1 1 11 7 1 11 12 1 1 10 12 1 1 10 100 12 1 1 1 100 1 100 1 10 8 1 10 12 1 1 10 12 1 1 10 12 1 10 12 1 11 100 1 10 12 1 10 12 1 1 11 12 1 1 10 12 1 11 12 1 1 11 100 12 1 1 1 11 100 12 1 1 11 12 1 1 100 1 10 12 1 8 1 11 12 1 100 1 10 12 1 1 11 12 1 10 12 1 10 12 1 10 100 12 1 1 1 8 1 10 12 1 1 10 9 100 12 1 1 1 10 12 1 1 10 100 12 1 10 12 1 10 12 1 9 100 12 1 1 1 8 1 10 12 1 8 1 8 1 7 1 10 12 1 10 12 1 10 12 1 1 100 1 8 1 10 12 1 1 8 1 10 10 12 1 1 8 1 10 12 1 1 10 100 12 1 1 1 10 12 1 10 11 12 1 1 10 12 1 10 100 12 1 1 1 10 12 1 1 10 12 1 1 11 10 12 1 11 10 12 1 100 1 1 1 1 1 1 1 1 1 1 1 1 1 1 1 1 1 1 1 1 1 1 1 1 1 1 1 1 1 1 1 1 1 1 1 1 1 1 1 1 1 1 1 100 1 1 1 1 1 1 1 1 1 1 1 1 1 1 100 1 1 1 1 1 1 1 1 1 1 1
instanceKlass jdk/internal/loader/ClassLoaders$BootClassLoader
instanceKlass jdk/internal/loader/ClassLoaders$PlatformClassLoader
instanceKlass jdk/internal/loader/ClassLoaders$AppClassLoader
ciInstanceKlass jdk/internal/loader/BuiltinClassLoader 1 1 737 9 7 12 1 1 1 10 7 12 1 1 1 10 7 12 1 1 1 9 12 1 1 9 12 1 1 7 1 10 12 1 9 12 1 10 12 1 9 12 1 10 7 12 1 1 1 10 7 12 1 1 1 10 7 12 1 1 1 11 7 12 1 1 1 100 1 100 1 10 10 12 1 1 8 1 10 12 1 10 12 7 1 10 12 1 10 12 1 1 11 7 12 1 1 1 11 7 12 1 1 1 11 12 1 1 7 1 8 1 8 1 10 9 12 1 1 10 7 12 1 1 11 12 1 1 10 12 1 1 10 12 1 1 10 12 1 1 10 7 12 1 1 1 10 12 1 10 7 12 1 1 1 10 12 1 1 11 7 12 1 1 1 10 7 12 1 1 7 1 10 7 12 1 1 1 10 12 1 100 1 8 1 10 12 1 1 10 8 1 10 12 1 1 10 12 1 1 10 12 1 1 11 7 12 1 1 11 12 1 7 1 10 11 12 1 1 11 10 12 1 1 7 1 10 12 1 10 7 12 1 10 12 1 7 1 10 12 1 10 7 12 1 1 1 100 1 10 12 1 1 11 12 1 100 1 100 1 10 12 1 10 12 1 1 100 1 100 1 10 12 1 10 12 1 18 12 1 1 10 12 1 10 12 1 1 18 100 1 10 7 12 1 1 1 7 1 10 10 12 1 1 10 12 1 1 10 12 1 1 10 12 1 9 12 1 1 100 1 10 10 12 1 1 10 12 1 1 10 12 1 10 12 10 12 1 1 10 12 1 1 10 12 1 1 10 12 1 10 12 1 1 18 12 1 7 1 10 12 1 1 10 12 1 10 12 1 1 10 12 1 100 1 10 12 1 7 1 10 12 1 10 7 12 1 1 1 10 12 1 11 12 1 7 1 10 12 1 7 1 100 1 10 12 1 10 12 1 11 12 1 1 10 12 1 1 10 12 1 1 10 12 1 1 10 12 1 1 10 12 1 10 12 1 10 12 1 10 12 1 8 1 10 12 1 1 10 7 12 1 1 10 12 1 100 1 8 1 8 1 10 10 12 1 8 1 8 1 10 7 12 1 1 1 11 7 12 1 1 1 9 7 12 1 1 1 10 7 12 1 1 1 9 12 1 9 12 1 9 12 1 9 12 1 9 12 1 9 12 1 10 7 12 1 1 1 8 1 10 12 1 7 1 10 12 1 1 10 12 1 7 1 10 11 12 1 1 10 12 10 12 1 10 12 1 100 1 10 12 1 10 12 1 10 10 12 1 10 7 12 1 1 8 1 10 7 12 1 1 10 12 1 1 1 1 1 1 1 1 1 1 1 1 1 1 1 1 1 1 1 1 1 1 1 1 1 1 1 1 1 1 1 1 1 1 1 1 1 1 1 1 1 1 1 1 1 1 1 1 1 1 1 1 1 1 1 1 100 1 1 1 1 1 1 1 1 1 1 1 1 1 1 1 1 1 1 100 1 100 1 1 1 1 1 1 1 1 1 1 1 1 1 1 1 1 1 1 1 1 1 1 1 1 1 1 1 1 1 1 1 1 1 1 1 1 1 1 1 1 1 1 1 1 1 1 1 1 1 1 1 100 1 1 15 10 100 12 1 1 1 16 15 10 12 16 15 10 12 16 15 10 12 16 1 1 1 100 1 1 1 1 1 100 1 100 1 1
staticfield jdk/internal/loader/BuiltinClassLoader packageToModule Ljava/util/Map; java/util/concurrent/ConcurrentHashMap
staticfield jdk/internal/loader/BuiltinClassLoader $assertionsDisabled Z 1
ciInstanceKlass jdk/internal/loader/ClassLoaders 1 1 183 10 100 12 1 1 1 10 7 12 1 1 1 10 12 1 1 10 100 12 1 1 1 9 7 12 1 1 1 9 12 1 1 9 12 1 1 7 1 11 100 12 1 1 1 100 1 11 12 1 1 11 12 1 1 10 100 12 1 1 1 10 100 12 1 1 1 100 1 100 1 10 7 12 1 1 1 9 12 1 1 10 12 1 1 7 1 10 12 1 1 10 12 1 7 1 8 1 10 7 12 1 1 1 10 12 1 1 7 1 10 12 1 10 12 1 10 12 1 8 1 10 7 12 1 1 8 1 8 1 10 12 1 7 1 10 12 1 10 12 1 10 12 1 1 1 1 1 1 1 1 1 1 1 1 1 1 1 1 1 1 1 1 100 1 1 1 1 1 1 1 1 1 1 1 1 1 1 1 1 1 1 1
staticfield jdk/internal/loader/ClassLoaders JLA Ljdk/internal/access/JavaLangAccess; java/lang/System$2
staticfield jdk/internal/loader/ClassLoaders BOOT_LOADER Ljdk/internal/loader/ClassLoaders$BootClassLoader; jdk/internal/loader/ClassLoaders$BootClassLoader
staticfield jdk/internal/loader/ClassLoaders PLATFORM_LOADER Ljdk/internal/loader/ClassLoaders$PlatformClassLoader; jdk/internal/loader/ClassLoaders$PlatformClassLoader
staticfield jdk/internal/loader/ClassLoaders APP_LOADER Ljdk/internal/loader/ClassLoaders$AppClassLoader; jdk/internal/loader/ClassLoaders$AppClassLoader
ciInstanceKlass jdk/internal/loader/ClassLoaders$AppClassLoader 1 1 119 8 1 10 7 12 1 1 1 10 7 12 1 1 1 10 100 12 1 1 1 10 12 1 1 10 100 12 1 1 1 10 12 1 1 10 12 1 1 7 1 8 1 10 12 10 7 12 1 1 1 10 100 12 1 1 10 12 1 1 10 12 1 1 10 7 12 1 1 1 100 1 10 12 1 1 1 1 1 1 1 1 1 1 1 1 1 1 1 1 1 1 1 1 1 100 1 1 1 1 1 1 1 1 1 1 1 1 1 1 1 1 1 1 1 100 1 1 1
ciInstanceKlass jdk/internal/loader/ClassLoaders$PlatformClassLoader 1 1 42 8 1 10 7 12 1 1 1 10 7 12 1 1 1 100 1 10 12 1 100 1 1 1 1 1 1 1 1 1 1 1 1 1 1 100 1 1 1 100 1 1
ciInstanceKlass java/security/CodeSource 1 1 395 10 7 12 1 1 1 9 7 12 1 1 1 9 12 1 1 9 12 1 1 9 12 1 1 10 7 12 1 1 1 9 12 1 1 10 100 12 1 1 10 100 10 100 12 1 1 1 10 100 12 1 1 1 10 12 1 1 100 1 10 10 100 12 1 1 1 10 100 12 1 1 1 10 12 1 1 10 12 1 100 1 10 12 1 1 10 12 1 1 10 12 1 1 10 12 1 10 10 10 12 1 1 10 100 12 1 1 1 10 12 1 10 12 1 10 12 1 8 1 10 12 1 10 12 1 10 12 1 1 10 12 1 8 1 10 12 1 1 10 100 1 10 10 12 1 1 8 1 10 12 1 10 12 1 10 12 1 8 1 8 1 9 12 1 1 100 1 8 1 10 12 1 10 12 1 1 8 1 10 12 1 8 1 8 1 8 1 10 100 12 1 1 10 12 1 1 10 12 1 10 12 1 1 10 12 1 1 10 12 1 1 100 1 100 1 10 12 1 10 12 10 12 1 1 10 100 12 1 1 10 12 1 100 1 10 12 10 8 1 10 12 1 10 12 1 10 12 1 1 100 1 10 12 1 1 100 1 100 1 8 1 8 1 10 10 12 1 1 10 100 12 1 1 1 100 1 10 12 10 12 1 1 11 100 12 1 1 10 10 12 1 11 10 12 1 8 1 100 1 10 12 1 10 12 1 1 10 12 1 11 12 1 1 11 100 1 1 1 1 5 0 1 1 1 1 1 1 1 1 1 1 1 1 1 1 1 1 1 1 1 1 1 1 1 1 1 1 1 1 1 1 1 1 1 1 1 1 1 1 1 1 1 1 1 1 1 1 1 1 1 1 1 1 1 1 1 1 1 1 1 1 1 1 1 1 1 100 1 1 1 1 1 1 1
instanceKlass java/util/Collections$SingletonMap
instanceKlass java/util/concurrent/ConcurrentSkipListMap
instanceKlass java/util/EnumMap
instanceKlass java/util/TreeMap
instanceKlass java/util/IdentityHashMap
instanceKlass java/util/WeakHashMap
instanceKlass java/util/Collections$EmptyMap
instanceKlass sun/util/PreHashedMap
instanceKlass java/util/HashMap
instanceKlass java/util/ImmutableCollections$AbstractImmutableMap
instanceKlass java/util/concurrent/ConcurrentHashMap
ciInstanceKlass java/util/AbstractMap 1 1 192 10 7 12 1 1 1 10 7 12 1 1 1 11 7 12 1 1 1 10 11 12 1 1 11 7 12 1 1 1 11 12 1 1 7 1 11 12 1 10 12 1 1 11 12 1 100 1 10 11 12 1 11 7 1 10 12 1 1 11 12 1 9 12 1 1 7 1 10 12 1 9 12 1 1 100 1 10 11 11 12 1 1 11 12 1 100 1 100 1 11 12 1 8 1 100 1 10 10 12 1 1 8 1 10 12 1 10 12 1 1 10 12 1 1 1 1 1 1 1 1 1 1 1 1 1 1 1 1 1 1 1 1 1 1 1 1 1 1 1 1 1 1 1 1 1 1 1 1 1 1 1 1 100 1 1 1 1 1 1 1 1 1 1 1 1 1 1 1 1 7 1 1 1 1 1 1 1 1 1 100 1 100 1 100 1 100 1 1 1 1 1
ciInstanceKlass java/util/concurrent/ConcurrentHashMap 1 1 1210 7 1 7 1 3 10 12 1 1 3 100 1 10 7 12 1 1 1 100 1 10 100 12 1 1 1 100 1 11 12 1 1 11 12 1 11 12 1 1 9 12 1 1 9 12 1 1 9 12 1 10 7 12 1 1 1 7 1 10 12 1 1 10 12 1 1 10 7 12 1 1 1 4 10 12 1 9 12 1 10 12 1 1 100 1 10 5 0 10 12 1 10 12 1 1 5 0 10 12 1 1 10 12 1 9 12 1 1 10 12 1 1 9 12 1 9 12 1 1 10 12 1 1 9 12 1 10 12 1 1 9 12 1 1 10 12 1 1 100 1 10 100 1 10 12 1 10 12 1 1 10 12 1 1 10 12 1 1 10 12 1 10 12 1 1 10 12 1 1 100 1 10 12 1 1 7 1 100 1 8 1 10 12 1 10 12 1 1 10 12 1 1 11 7 12 1 1 10 12 1 1 11 12 1 1 11 7 12 1 1 1 11 7 12 1 1 1 11 12 1 7 1 11 12 1 11 12 1 10 12 1 1 10 12 1 1 9 12 1 1 10 100 12 1 1 1 9 10 12 1 1 9 12 1 10 12 1 1 5 0 9 12 1 1 7 1 10 12 1 9 12 1 1 7 1 10 12 1 9 12 1 7 1 10 100 1 10 10 12 1 1 8 1 10 12 1 10 12 1 1 11 100 1 10 12 1 10 100 12 1 1 1 8 1 10 100 12 1 1 1 8 1 10 12 1 8 1 10 12 1 10 12 1 1 10 100 12 1 1 10 12 1 10 12 1 10 12 1 9 12 1 9 10 12 1 9 12 1 1 11 100 12 1 1 1 11 100 12 1 1 1 100 1 10 12 11 100 12 1 1 10 11 7 12 1 10 12 1 100 1 10 12 1 100 1 10 10 9 100 12 1 1 1 10 12 3 10 7 12 1 1 9 12 1 10 12 1 1 9 12 1 1 9 12 1 10 12 1 1 10 7 12 1 1 9 12 1 9 7 12 1 1 10 12 1 1 10 12 1 3 9 12 1 9 12 1 10 12 1 1 7 1 9 3 9 12 1 100 1 10 12 1 9 12 1 10 12 1 9 12 1 10 12 1 9 12 1 10 100 12 1 1 1 100 10 12 1 100 1 5 0 10 100 12 1 1 100 1 10 12 1 1 10 12 1 10 12 1 100 1 10 12 1 10 100 1 100 1 10 10 12 1 10 100 1 10 12 1 10 100 1 10 12 1 10 100 1 10 12 1 1 100 1 10 12 1 10 10 12 1 100 1 10 12 1 10 10 12 1 100 1 10 12 1 10 100 1 10 12 1 10 100 1 10 12 1 10 100 1 10 12 1 10 100 1 10 12 1 10 100 1 10 12 1 10 100 1 10 12 1 10 100 1 10 12 1 10 100 1 10 10 100 1 10 10 100 1 10 10 100 1 10 12 1 10 100 1 10 12 1 10 100 1 10 12 1 10 100 1 10 12 1 10 100 1 10 12 1 10 100 1 10 10 100 1 10 10 100 1 10 10 100 1 10 12 1 10 100 1 10 12 1 10 100 1 10 12 1 10 100 1 10 12 1 10 100 1 10 12 1 10 10 12 1 10 7 12 1 1 1 10 12 1 7 1 7 1 10 12 1 9 12 1 1 9 12 1 1 10 12 1 1 8 10 12 1 1 8 8 8 8 7 10 12 1 1 10 12 1 100 1 8 1 10 7 1 100 1 100 1 1 1 5 0 1 1 3 1 3 1 1 1 1 3 1 3 1 3 1 1 1 1 1 3 1 3 1 3 1 1 1 1 1 1 1 1 1 1 1 1 1 1 1 1 1 1 1 1 1 1 1 1 1 100 1 1 1 1 1 1 1 1 1 1 1 1 1 1 1 1 1 1 1 1 1 1 1 1 1 1 1 1 1 1 1 1 1 1 1 1 1 1 1 1 1 1 1 1 1 1 1 1 1 1 1 1 1 1 1 1 1 1 1 1 1 1 1 1 1 1 1 1 1 1 1 1 1 1 1 1 1 1 1 1 1 1 1 1 100 1 1 1 1 1 1 1 1 1 1 1 100 1 1 1 1 1 1 1 1 1 1 1 1 1 1 1 1 1 1 1 1 1 1 1 1 1 1 1 1 1 1 1 1 1 1 1 1 1 1 1 1 1 1 1 1 1 1 1 1 1 1 1 1 1 1 1 1 1 1 1 1 1 1 1 1 1 1 1 1 1 1 1 1 1 1 1 1 1 1 1 1 1 1 1 1 1 1 1 1 1 1 1 1 1 1 1 1 1 1 1 1 1 1 1 1 1 1 1 1 1 1 1 1 1 1 1 1 1 1 1 1 1 1 1 1 1 1 1 1 1 1 1 1 1 1 1 1 1 1 1 1 1 1 1 1 1 1 1 1 1 1 1 1 1 1 1 1 1 1 1 1 1 1 1 1 1 1 1 1 1 1 1 1 1 1 1 1 1 1 1 1 1 1 1 1 1 1 1 1 1 1 1 1 1 1 1 1 1 1 1 1 1 1 1 1 1 1 1 1 1 1 1 1 1 1 1 1 1 1 1 1 1 1 1 100 1 100 1 100 1 100 1 100 1 100 1 100 1 100 1 100 1 1 1 1 1 1 1 1 1 1 1 1 1 1 1 1 1 1 1 1 1 1 1 1 1 1 1 1 1 1 1 1 1 1 1 1 1 1 1 1 1 1 1 1 1 1 1 1 1 1 1 1 1 1 1 1 1 1
staticfield java/util/concurrent/ConcurrentHashMap NCPU I 8
staticfield java/util/concurrent/ConcurrentHashMap serialPersistentFields [Ljava/io/ObjectStreamField; 3 [Ljava/io/ObjectStreamField;
staticfield java/util/concurrent/ConcurrentHashMap U Ljdk/internal/misc/Unsafe; jdk/internal/misc/Unsafe
staticfield java/util/concurrent/ConcurrentHashMap SIZECTL J 20
staticfield java/util/concurrent/ConcurrentHashMap TRANSFERINDEX J 32
staticfield java/util/concurrent/ConcurrentHashMap BASECOUNT J 24
staticfield java/util/concurrent/ConcurrentHashMap CELLSBUSY J 36
staticfield java/util/concurrent/ConcurrentHashMap CELLVALUE J 144
staticfield java/util/concurrent/ConcurrentHashMap ABASE I 16
staticfield java/util/concurrent/ConcurrentHashMap ASHIFT I 2
instanceKlass java/util/concurrent/ConcurrentLinkedDeque
instanceKlass it/unimi/dsi/fastutil/ints/AbstractIntCollection
instanceKlass it/unimi/dsi/fastutil/objects/AbstractObjectCollection
instanceKlass java/util/WeakHashMap$Values
instanceKlass com/oracle/truffle/api/instrumentation/InstrumentationHandler$CopyOnWriteList
instanceKlass com/oracle/truffle/api/instrumentation/InstrumentationHandler$AbstractAsyncCollection
instanceKlass java/util/IdentityHashMap$Values
instanceKlass java/util/HashMap$Values
instanceKlass java/util/LinkedHashMap$LinkedValues
instanceKlass java/util/AbstractQueue
instanceKlass java/util/ArrayDeque
instanceKlass java/util/AbstractSet
instanceKlass java/util/ImmutableCollections$AbstractImmutableCollection
instanceKlass java/util/AbstractList
ciInstanceKlass java/util/AbstractCollection 1 1 160 10 7 12 1 1 1 10 7 12 1 1 1 10 12 1 1 11 7 12 1 1 1 11 12 1 1 10 12 1 1 10 100 12 1 1 1 10 12 1 1 10 12 1 1 10 7 12 1 1 10 7 12 1 1 1 7 1 10 100 12 1 1 1 10 100 12 1 1 1 100 1 10 11 12 1 11 7 1 10 12 1 10 12 1 10 100 12 1 1 1 11 8 1 7 1 10 10 12 1 1 8 1 10 12 1 10 12 1 1 1 1 1 1 1 1 1 1 1 1 1 1 1 1 1 1 1 1 1 1 1 1 1 1 1 1 1 1 1 1 1 1 1 1 1 1 1 1 1 1 1 1 1 1 1 1 1 1 1 1
instanceKlass java/util/AbstractList$SubList
instanceKlass sun/security/jca/ProviderList$ServiceList
instanceKlass sun/security/jca/ProviderList$3
instanceKlass java/util/AbstractSequentialList
instanceKlass java/util/Collections$CopiesList
instanceKlass java/util/Collections$SingletonList
instanceKlass java/util/Vector
instanceKlass java/util/Arrays$ArrayList
instanceKlass java/util/ArrayList$SubList
instanceKlass java/util/Collections$EmptyList
instanceKlass java/util/ArrayList
ciInstanceKlass java/util/AbstractList 1 1 218 10 7 12 1 1 1 9 7 12 1 1 1 10 12 1 1 10 12 1 1 100 1 10 10 12 1 1 11 7 12 1 1 1 11 12 1 1 11 12 1 10 7 12 1 1 1 10 12 1 11 12 1 11 12 1 11 12 1 10 12 1 1 10 12 1 1 11 100 12 1 1 1 11 7 1 11 7 1 10 12 1 7 1 10 12 1 10 12 1 1 7 1 7 1 10 12 1 100 1 10 100 1 100 1 10 8 1 10 12 1 1 10 12 1 10 12 1 1 10 12 1 8 1 100 1 8 1 8 1 8 1 10 7 1 11 10 10 12 1 11 12 1 10 12 1 1 8 1 8 1 1 1 1 1 1 1 1 1 1 1 1 1 1 1 1 1 1 1 1 1 1 1 1 1 1 1 1 1 1 1 1 1 1 1 1 1 1 1 1 1 1 1 1 1 1 1 1 1 1 1 1 1 1 1 1 1 1 100 1 100 1 1 1 1 1 1 1
ciInstanceKlass java/util/ArrayList 1 1 492 10 7 12 1 1 1 7 1 9 7 12 1 1 1 9 12 1 100 1 100 1 10 8 1 10 12 1 1 10 12 1 10 12 1 1 10 12 1 9 12 1 11 7 12 1 1 1 9 12 1 1 10 12 1 1 7 10 7 12 1 1 1 9 12 1 10 12 1 10 12 1 1 10 7 12 1 1 1 10 7 12 1 1 1 10 12 1 1 10 12 1 1 10 12 1 1 10 12 1 10 12 1 1 100 1 100 1 10 12 1 10 7 12 1 1 1 10 7 12 1 1 10 12 1 10 12 10 12 1 1 10 12 1 1 10 12 1 1 100 1 10 12 1 1 10 12 1 1 10 12 1 100 1 10 11 12 1 1 11 100 12 1 1 1 11 12 1 10 12 1 10 12 1 10 12 1 1 100 1 10 12 1 1 10 10 12 1 1 10 12 1 8 1 8 1 8 1 8 1 10 12 1 1 10 12 1 1 11 12 1 100 1 10 100 12 1 1 10 12 1 10 12 1 1 10 100 12 1 1 10 12 1 10 100 12 1 1 1 11 100 12 1 1 1 10 12 1 100 1 8 1 10 100 1 10 12 1 7 1 10 12 1 10 12 1 1 7 1 10 12 1 10 12 1 1 11 100 12 1 1 7 1 10 12 1 10 12 1 1 11 100 12 1 1 10 12 1 1 10 12 1 1 10 12 1 1 10 12 1 1 11 100 12 1 1 10 12 1 1 100 1 100 1 100 1 1 1 1 5 0 1 3 1 1 1 1 1 1 1 1 1 1 1 1 1 1 1 1 1 1 1 1 1 1 1 1 1 1 1 1 1 1 1 1 1 1 1 1 1 1 1 1 1 1 1 1 1 1 1 1 1 1 1 1 1 1 1 1 1 1 1 1 1 1 1 1 1 1 1 1 1 1 1 1 1 1 1 1 1 1 1 1 1 1 1 1 1 1 1 1 1 1 1 1 1 1 1 1 100 1 1 1 1 100 1 1 1 1 1 1 1 1 1 1 1 1 1 1 1 1 1 1 1 1 1 1 1 1 1 1 1 1 1 100 1 1 1 1 1 1 1 1 1 1 1 1 1 1 1 1 1 1 100 1 100 1 1 1 1 1 1
staticfield java/util/ArrayList EMPTY_ELEMENTDATA [Ljava/lang/Object; 0 [Ljava/lang/Object;
staticfield java/util/ArrayList DEFAULTCAPACITY_EMPTY_ELEMENTDATA [Ljava/lang/Object; 0 [Ljava/lang/Object;
ciInstanceKlass java/lang/StackTraceElement 0 0 224 10 100 12 1 1 1 10 100 12 1 1 9 12 1 1 9 12 1 1 9 12 1 9 12 1 8 1 10 100 12 1 1 1 100 1 9 12 1 8 1 9 12 1 9 12 1 9 12 1 1 8 1 10 12 1 1 10 12 1 100 1 10 10 12 1 1 8 1 10 12 1 1 10 12 1 8 1 8 1 8 1 10 12 1 8 1 8 1 10 12 1 8 1 8 1 10 12 1 1 10 12 1 10 12 1 1 10 12 1 9 12 1 1 10 100 12 1 1 1 10 12 1 1 100 1 10 12 1 1 10 100 12 1 1 10 100 12 1 1 1 10 100 12 1 1 10 100 12 1 1 10 10 12 1 1 10 12 1 10 12 1 1 100 1 1 1 1 1 3 1 3 1 1 5 0 1 1 1 1 1 1 1 1 1 1 1 1 1 1 1 1 1 1 1 1 1 1 1 1 1 1 100 1 100 1 1 1 1 1 1 1 1 1 1 100 1 1 1 1 1 1 1 1
instanceKlass java/nio/IntBuffer
instanceKlass java/nio/LongBuffer
instanceKlass java/nio/CharBuffer
instanceKlass java/nio/ByteBuffer
ciInstanceKlass java/nio/Buffer 1 1 224 100 1 10 7 12 1 1 1 9 7 12 1 1 1 9 12 1 9 12 1 1 9 12 1 9 12 1 1 10 12 1 1 10 12 1 1 10 12 100 1 100 1 10 8 1 10 12 1 1 10 12 1 8 1 8 1 10 12 1 1 10 12 1 8 1 9 12 1 1 100 1 8 1 10 12 1 8 1 8 1 9 12 10 12 1 8 1 8 1 8 1 10 12 1 8 1 8 1 8 1 100 1 10 100 1 10 100 1 10 100 1 10 10 100 12 1 1 1 10 11 100 12 1 1 10 7 12 1 1 1 10 7 12 1 1 1 9 12 1 1 10 7 12 1 1 1 9 12 1 1 7 1 10 10 7 12 1 1 1 1 1 3 1 1 1 1 1 1 1 1 1 1 1 1 1 1 1 1 1 1 100 1 1 1 1 1 1 1 1 1 1 1 1 1 1 1 1 1 1 1 1 1 1 1 1 1 1 1 1 1 1 1 1 1 1 1 1 1 1 1 1 1 1
staticfield java/nio/Buffer UNSAFE Ljdk/internal/misc/Unsafe; jdk/internal/misc/Unsafe
staticfield java/nio/Buffer SCOPED_MEMORY_ACCESS Ljdk/internal/misc/ScopedMemoryAccess; jdk/internal/misc/ScopedMemoryAccess
staticfield java/nio/Buffer $assertionsDisabled Z 1
ciInstanceKlass java/lang/StackWalker 1 1 235 9 7 12 1 1 1 10 7 12 1 1 1 7 1 10 7 12 1 1 1 10 12 1 1 11 7 12 1 1 1 10 12 1 1 10 12 1 1 10 12 1 1 100 1 8 1 10 12 1 10 12 1 10 12 1 10 7 12 1 1 9 12 1 1 9 12 1 1 9 12 1 1 9 12 1 1 10 12 1 1 9 12 1 1 10 7 12 1 1 1 11 12 1 1 100 1 8 1 10 10 100 12 1 1 9 12 1 1 10 12 1 1 10 7 12 1 1 1 10 7 12 1 1 1 18 12 1 1 100 1 8 1 10 10 12 1 1 10 100 12 1 1 1 9 7 12 1 1 11 100 12 1 1 1 10 12 1 1 1 1 1 1 1 1 1 1 1 1 1 1 1 1 1 1 1 1 1 1 1 1 1 1 1 1 1 1 1 1 1 1 1 1 1 1 1 1 1 1 1 1 1 1 1 1 1 1 1 100 1 1 15 10 100 12 1 1 1 16 15 10 12 16 1 1 1 1 1 1 1 100 1 100 1 1
staticfield java/lang/StackWalker DEFAULT_EMPTY_OPTION Ljava/util/EnumSet; java/util/RegularEnumSet
staticfield java/lang/StackWalker DEFAULT_WALKER Ljava/lang/StackWalker; java/lang/StackWalker
instanceKlass java/lang/StackStreamFactory$StackFrameTraverser
ciInstanceKlass java/lang/StackStreamFactory$AbstractStackWalker 1 1 306 7 1 100 1 3 10 7 12 1 1 1 10 7 12 1 1 10 7 12 1 1 1 9 12 1 1 10 12 1 1 9 12 1 1 9 12 1 1 9 12 1 1 9 12 1 9 7 12 1 1 1 10 7 12 1 1 1 10 12 1 1 9 12 1 1 10 7 12 1 1 1 10 12 1 1 9 12 1 1 9 100 12 1 1 1 100 1 10 8 1 10 12 1 1 10 12 1 8 1 10 12 1 1 10 100 12 1 1 1 100 1 8 1 10 12 1 8 1 10 12 9 7 12 1 1 1 10 7 12 1 1 9 12 1 8 1 5 0 8 1 8 1 9 12 1 1 10 12 1 1 10 12 1 1 10 12 1 9 12 1 10 12 1 10 12 1 10 12 1 10 12 1 1 10 12 1 10 12 1 1 8 1 10 12 1 10 12 1 10 12 1 10 12 1 1 8 1 10 12 1 1 10 12 1 1 10 12 1 1 10 12 1 10 12 1 10 7 12 1 1 1 9 12 1 8 1 10 12 1 10 12 1 10 12 1 10 12 1 10 12 1 10 12 1 10 12 1 1 10 12 1 1 10 12 1 1 10 12 1 8 1 1 1 1 1 1 1 1 1 1 1 1 1 1 1 1 1 1 100 1 1 1 1 100 1 1 1 1 1 1 1 1 1 1 1 1 1 1 1 1 1 1 1 1 1
instanceKlass java/lang/LiveStackFrameInfo
ciInstanceKlass java/lang/StackFrameInfo 1 1 132 10 7 12 1 1 1 9 7 12 1 1 1 9 7 1 9 12 1 1 11 7 12 1 1 1 9 12 1 1 11 12 1 1 10 12 1 1 10 7 12 1 1 1 10 12 1 11 12 1 11 12 1 1 11 12 1 10 12 1 1 9 12 1 1 10 12 1 1 10 100 12 1 1 10 12 1 1 11 12 1 1 10 12 1 9 12 1 1 10 12 1 1 100 1 8 1 10 12 1 10 7 12 1 1 1 100 1 1 1 1 1 1 1 1 1 1 1 1 1 1 1 1 1 1 100 1 1 1 1 1 1
staticfield java/lang/StackFrameInfo JLIA Ljdk/internal/access/JavaLangInvokeAccess; java/lang/invoke/MethodHandleImpl$1
ciInstanceKlass java/lang/LiveStackFrameInfo 0 0 97 10 100 12 1 1 1 9 100 12 1 1 1 9 12 1 9 12 1 9 12 1 9 12 1 1 100 1 10 12 1 1 10 12 1 8 1 10 12 1 1 8 1 8 1 8 1 10 100 1 10 12 1 100 1 10 12 1 100 1 100 1 1 1 3 1 3 1 1 1 1 1 1 1 1 1 1 1 1 1 1 1 1 1 1 1 1 1 1 1 1 1 1 1 100 1 1
instanceKlass java/util/concurrent/locks/AbstractQueuedSynchronizer
ciInstanceKlass java/util/concurrent/locks/AbstractOwnableSynchronizer 1 1 32 10 7 12 1 1 1 9 7 12 1 1 1 100 1 1 1 1 5 0 1 1 1 1 1 1 1 1 1 1 1 1
ciInstanceKlass java/lang/Boolean 1 1 151 10 7 12 1 1 1 9 7 12 1 1 1 10 12 1 1 10 12 1 8 1 10 7 12 1 1 9 12 1 1 9 12 1 8 1 10 12 1 1 10 12 1 1 10 7 12 1 1 1 100 1 100 1 10 12 1 1 9 100 12 1 1 9 12 10 100 12 1 1 1 10 12 1 1 8 1 10 7 12 1 1 1 9 12 1 1 100 1 100 1 100 1 1 1 1 1 1 5 0 1 1 1 1 1 1 1 1 1 1 3 1 1 1 1 1 1 1 1 1 1 1 1 1 1 1 1 1 1 1 1 100 1 1 1 1 1 1 1 1 1 1 100 1 1 1 1 1 1 1 1
staticfield java/lang/Boolean TRUE Ljava/lang/Boolean; java/lang/Boolean
staticfield java/lang/Boolean FALSE Ljava/lang/Boolean; java/lang/Boolean
staticfield java/lang/Boolean TYPE Ljava/lang/Class; java/lang/Class
ciInstanceKlass java/lang/Character 1 1 576 7 1 100 1 100 1 9 12 1 1 8 1 9 12 1 1 100 1 9 12 1 1 10 100 12 1 1 1 10 100 12 1 1 1 10 100 12 1 1 1 10 7 12 1 1 1 9 7 12 1 1 1 10 12 1 10 12 1 1 10 12 1 1 10 100 12 1 1 10 12 1 1 3 3 3 3 3 10 12 1 1 10 12 1 3 11 7 12 1 1 1 11 12 1 1 10 12 1 1 10 12 1 1 100 1 10 10 12 1 3 10 12 1 1 10 12 1 10 12 1 1 100 1 8 1 10 12 1 1 10 12 1 10 12 1 10 12 1 10 12 1 10 12 1 1 10 12 1 10 7 12 1 1 10 10 12 1 10 10 12 1 10 12 1 1 10 12 1 10 10 12 1 10 12 1 10 12 1 10 12 1 10 12 1 10 12 1 10 12 1 10 12 10 10 12 10 10 12 1 10 10 12 1 10 10 12 1 10 10 12 1 10 10 12 1 10 10 12 1 10 10 12 1 1 10 10 12 1 10 5 0 10 12 1 10 12 1 10 10 12 1 10 10 12 1 1 10 10 12 1 10 10 12 1 9 12 1 1 100 1 10 10 12 1 10 12 1 1 3 10 100 12 1 1 1 10 12 1 10 100 12 1 1 100 1 10 10 12 1 1 10 12 1 1 10 12 1 1 8 1 10 12 1 9 100 12 1 1 1 10 12 1 10 10 12 1 10 12 1 1 10 12 1 10 10 12 1 1 10 10 12 1 1 100 1 8 1 10 12 1 1 10 7 12 1 1 1 8 1 10 12 1 1 9 12 1 1 100 1 100 1 100 1 1 1 1 3 1 3 1 3 1 3 1 1 1 1 1 3 1 1 3 1 3 1 3 1 3 1 3 1 3 1 3 1 3 1 3 1 3 1 3 1 3 1 3 1 3 1 3 1 3 1 3 1 3 1 3 1 3 1 3 1 3 1 3 1 3 1 3 1 3 1 3 1 3 1 1 1 1 1 1 1 1 1 1 1 1 1 1 1 1 1 1 1 3 1 1 1 1 1 1 1 3 1 1 3 1 1 1 1 1 3 1 1 5 0 1 1 1 1 1 1 1 1 1 1 1 1 1 1 1 1 1 1 1 1 1 1 1 1 1 1 1 1 1 1 1 1 1 1 1 1 1 1 1 1 1 1 1 1 1 1 1 1 1 1 1 1 1 1 1 1 1 1 1 1 1 1 1 1 1 1 1 1 1 1 1 1 1 1 1 1 1 1 1 1 1 1 1 1 1 1 1 1 1 100 1 100 1 1 1 1 1 1
staticfield java/lang/Character TYPE Ljava/lang/Class; java/lang/Class
staticfield java/lang/Character $assertionsDisabled Z 1
instanceKlass com/oracle/truffle/js/runtime/SafeInteger
instanceKlass org/bson/types/Decimal128
instanceKlass java/math/BigDecimal
instanceKlass java/math/BigInteger
instanceKlass java/util/concurrent/atomic/Striped64
instanceKlass java/util/concurrent/atomic/AtomicLong
instanceKlass java/util/concurrent/atomic/AtomicInteger
instanceKlass java/lang/Long
instanceKlass java/lang/Integer
instanceKlass java/lang/Short
instanceKlass java/lang/Byte
instanceKlass java/lang/Double
instanceKlass java/lang/Float
ciInstanceKlass java/lang/Number 1 1 37 10 7 12 1 1 1 10 100 12 1 1 1 100 1 1 1 1 5 0 1 1 1 1 1 1 1 1 1 1 1 1 1 1 1 1 1
ciInstanceKlass java/lang/Float 1 1 223 7 1 100 1 10 100 12 1 1 1 10 100 12 1 1 1 4 100 1 10 12 1 1 10 12 1 1 8 1 8 1 10 100 12 1 1 1 10 12 1 1 10 12 1 1 10 4 4 4 10 7 12 1 1 9 12 1 1 10 12 1 1 10 12 1 10 12 1 10 12 1 1 10 12 1 10 12 1 3 10 12 1 1 10 12 1 1 10 12 1 10 100 12 1 1 1 10 12 1 1 10 12 1 1 8 1 10 7 12 1 1 1 9 12 1 1 100 1 100 1 100 1 1 1 1 1 4 1 1 1 4 1 1 3 1 3 1 3 1 3 1 1 1 1 5 0 1 1 1 1 1 1 1 1 1 1 100 1 1 1 1 1 1 1 1 1 1 1 1 1 3 1 1 1 1 1 1 1 1 1 1 1 1 1 1 1 1 1 1 1 1 1 1 1 1 1 1 1 1 1 1 1 1 1 1 1 1 1 1 100 1 1 1 1 1 1 1 100 1 100 1 1
staticfield java/lang/Float TYPE Ljava/lang/Class; java/lang/Class
ciInstanceKlass java/lang/Double 1 1 285 7 1 100 1 10 7 12 1 1 1 10 12 1 1 10 12 1 100 1 10 12 1 1 10 100 12 1 1 1 6 0 8 1 10 12 1 1 8 1 10 12 1 1 8 1 6 0 10 12 1 1 100 1 5 0 5 0 8 1 8 1 10 100 12 1 1 1 10 100 12 1 1 1 8 1 10 12 1 1 8 1 8 1 8 1 10 12 1 1 10 12 1 10 12 1 1 10 12 1 10 12 1 10 12 1 1 10 12 1 10 6 0 6 0 6 0 10 7 12 1 1 9 12 1 1 10 12 1 10 12 1 10 12 1 10 12 1 5 0 10 12 1 1 10 12 1 10 12 1 10 100 12 1 1 1 10 12 1 1 10 12 1 1 8 1 10 7 12 1 1 1 9 12 1 1 100 1 100 1 100 1 1 1 1 1 6 0 1 1 1 6 0 1 1 3 1 3 1 3 1 3 1 1 1 1 5 0 1 1 1 1 1 1 1 1 1 1 1 1 1 1 1 1 100 1 1 1 1 1 1 1 1 1 1 1 1 3 1 1 1 1 1 1 1 1 1 1 1 1 1 1 1 1 1 1 1 1 1 1 1 1 1 1 1 1 1 1 1 1 1 1 100 1 1 1 1 1 1 1 100 1 100 1 1
staticfield java/lang/Double TYPE Ljava/lang/Class; java/lang/Class
ciInstanceKlass java/lang/Byte 1 1 215 7 1 100 1 10 100 12 1 1 1 9 12 1 1 8 1 9 12 1 1 100 1 10 12 1 1 10 12 1 1 10 100 12 1 1 1 10 100 12 1 1 1 9 7 12 1 1 1 10 12 1 1 100 1 100 1 10 12 1 1 8 1 10 12 1 1 8 1 10 12 1 10 12 1 10 12 1 10 12 1 1 10 12 1 10 12 1 10 12 1 1 10 8 1 8 1 10 7 1 9 12 1 1 10 12 1 10 12 1 1 10 12 1 1 10 12 1 1 10 12 1 5 0 10 12 1 1 8 1 10 7 12 1 1 1 9 12 1 1 100 1 100 1 1 1 3 1 3 1 1 1 1 3 1 3 1 1 5 0 1 1 1 1 1 1 1 1 1 1 1 1 1 1 1 1 1 1 1 1 1 1 1 1 1 1 1 1 1 1 1 1 1 1 1 1 1 1 1 1 1 1 1 1 1 1 1 1 1 1 1 1 1 1 1
staticfield java/lang/Byte TYPE Ljava/lang/Class; java/lang/Class
ciInstanceKlass java/lang/Short 1 1 224 7 1 100 1 100 1 10 100 12 1 1 1 10 12 1 1 100 1 100 1 10 12 1 1 8 1 10 12 1 1 8 1 10 12 1 10 12 1 10 12 1 10 12 1 1 10 12 1 1 10 12 1 9 12 1 1 8 1 9 12 1 1 100 1 10 12 1 1 10 12 1 10 100 12 1 1 1 10 100 12 1 1 1 9 7 12 1 1 1 10 12 1 10 12 1 1 10 8 1 8 1 10 7 1 9 12 1 1 10 12 1 10 12 1 1 10 12 1 1 10 12 1 1 10 12 1 3 3 5 0 10 12 1 1 8 1 10 7 12 1 1 1 9 12 1 1 100 1 100 1 1 1 3 1 3 1 1 1 1 3 1 3 1 1 5 0 1 1 1 1 1 1 1 1 1 1 1 1 1 1 1 1 1 1 1 1 1 1 1 1 1 1 1 3 1 1 1 1 1 1 1 1 1 1 1 1 1 1 1 1 1 1 1 1 1 1 1 1 1 1 1 1 1
staticfield java/lang/Short TYPE Ljava/lang/Class; java/lang/Class
ciInstanceKlass java/lang/Integer 1 1 445 7 1 100 1 7 1 7 1 10 12 1 1 9 12 1 1 9 12 1 1 10 7 12 1 1 1 10 12 1 1 10 100 12 1 1 1 10 10 12 1 1 10 100 12 1 1 1 10 12 1 10 12 1 1 10 7 12 1 1 1 10 12 1 1 10 12 1 1 10 12 1 10 12 1 10 12 1 1 10 10 12 1 9 12 1 1 9 12 1 100 1 8 1 10 12 1 100 1 10 12 1 8 1 10 12 1 1 10 12 1 8 1 10 12 1 8 1 10 12 1 1 3 10 12 1 1 3 10 12 1 1 10 12 1 1 10 7 12 1 1 1 11 7 1 100 1 10 11 10 12 1 1 8 1 10 12 1 1 8 1 100 1 10 12 1 1 10 12 1 1 5 0 8 1 10 12 1 10 12 1 10 12 1 10 12 1 1 7 1 9 12 1 1 9 12 1 1 10 12 1 10 7 1 9 12 1 10 12 1 10 12 1 10 12 1 1 10 7 12 1 1 1 100 1 100 1 10 12 1 1 10 12 1 1 8 1 8 1 10 12 1 1 8 1 8 1 8 1 8 1 8 1 8 1 10 12 1 10 12 1 10 12 1 5 0 3 3 3 3 10 12 1 3 10 12 1 10 100 12 1 1 1 10 12 1 1 10 12 1 1 8 1 10 7 12 1 1 1 9 12 1 1 3 3 3 3 3 3 9 12 1 1 100 1 100 1 100 1 1 1 1 1 1 1 3 1 3 1 1 5 0 1 1 1 1 1 1 1 1 1 100 1 1 1 1 1 1 1 1 1 1 1 1 1 1 1 1 1 1 1 1 1 1 1 1 1 1 1 1 1 1 1 1 1 1 1 1 1 1 1 3 1 1 1 1 1 1 1 1 1 1 1 1 1 1 1 1 100 1 1 1 1 1 1 1 1 1 1 1 1 1 1 1 1 1 1 1 1 1 1 1 1 1 1 1 1 1 1 1 100 1 1 1 1 1 1 1 1 1 100 1 100 1 1
staticfield java/lang/Integer TYPE Ljava/lang/Class; java/lang/Class
staticfield java/lang/Integer digits [C 36
staticfield java/lang/Integer DigitTens [B 100
staticfield java/lang/Integer DigitOnes [B 100
staticfield java/lang/Integer sizeTable [I 10
ciInstanceKlass java/lang/Long 1 1 506 7 1 100 1 7 1 7 1 10 12 1 1 9 12 1 1 9 7 12 1 1 1 10 7 12 1 1 1 10 12 1 1 10 100 12 1 1 1 10 10 12 10 12 1 10 12 1 10 12 1 5 0 5 0 100 1 10 12 1 1 10 12 1 1 10 12 1 10 12 1 10 12 1 10 12 1 1 10 100 12 1 1 10 12 1 10 12 1 1 10 12 1 1 10 12 1 1 10 12 1 1 10 100 12 1 1 1 10 12 1 1 10 12 1 10 12 1 10 12 1 10 12 1 1 10 10 12 1 5 0 5 0 9 12 1 1 9 12 1 5 0 100 1 8 1 10 12 1 8 1 10 12 1 8 1 8 1 10 12 1 1 5 0 10 12 1 1 5 0 10 12 1 1 10 12 1 1 10 100 12 1 1 1 11 100 1 100 1 10 11 10 12 1 1 8 1 10 12 1 1 8 1 100 1 10 12 1 1 10 12 1 8 1 8 1 11 12 1 1 10 12 1 10 12 1 10 12 1 5 0 5 0 9 7 12 1 1 1 10 12 1 10 12 1 1 8 1 8 1 10 12 1 1 8 1 8 1 8 1 8 1 8 1 8 1 10 12 1 10 12 1 10 12 1 1 10 7 1 9 12 1 1 10 12 1 10 12 1 1 10 7 12 1 1 1 100 1 100 1 10 12 1 1 10 12 1 1 5 0 10 12 1 10 12 1 5 0 5 0 5 0 10 12 1 1 5 0 5 0 10 12 1 10 12 1 10 100 12 1 1 1 10 12 1 1 10 12 1 1 8 1 10 7 12 1 1 1 9 12 1 1 100 1 100 1 100 1 1 1 1 5 0 1 1 1 1 3 1 3 1 5 0 1 1 1 1 1 1 1 1 1 100 1 1 1 1 1 1 1 1 1 1 1 1 1 1 1 1 1 1 1 1 1 1 1 1 1 1 1 1 1 1 1 1 1 1 1 1 1 1 1 1 1 1 1 1 1 1 1 1 1 1 1 1 1 1 3 1 1 1 1 1 1 1 1 1 1 1 1 1 1 1 100 1 1 1 1 1 1 1 1 1 1 1 1 1 1 1 1 1 1 1 1 1 1 1 1 1 1 1 100 1 1 1 1 1 1 1 1 1 100 1 100 1 1
staticfield java/lang/Long TYPE Ljava/lang/Class; java/lang/Class
ciInstanceKlass java/util/Iterator 1 1 53 100 1 8 1 10 12 1 1 10 100 12 1 1 1 11 100 12 1 1 1 11 12 1 1 11 100 12 1 1 1 100 1 1 1 1 1 1 1 1 1 1 1 1 1 1 1 1 1 1 1 1 1
ciInstanceKlass java/lang/reflect/RecordComponent 0 0 196 10 100 12 1 1 1 9 100 12 1 1 1 9 12 1 1 9 12 1 10 12 1 1 10 12 1 1 10 100 12 1 1 1 10 12 1 1 9 12 1 1 10 12 1 1 10 12 1 1 10 12 1 10 100 12 1 1 10 100 12 1 1 9 12 1 1 10 100 12 1 1 1 11 100 12 1 1 1 10 9 100 12 1 1 1 10 100 12 1 1 1 9 12 1 1 10 100 12 1 1 1 10 12 1 1 11 100 12 1 1 10 100 12 1 1 100 1 9 12 1 9 12 1 1 9 12 1 10 100 12 1 1 1 10 12 1 1 10 12 1 1 100 1 10 10 12 1 10 12 1 1 8 1 10 12 1 10 12 1 9 12 1 100 1 1 1 1 1 1 1 1 1 1 1 1 1 1 1 1 1 1 1 1 1 1 100 1 1 1 1 1 1 100 1 1
ciInstanceKlass jdk/internal/vm/vector/VectorSupport 0 0 487 100 1 10 100 12 1 1 1 9 12 1 1 10 12 1 1 100 1 10 12 1 11 100 12 1 1 1 11 100 12 1 1 1 11 100 12 1 1 11 100 12 1 1 1 11 100 1 100 1 10 12 1 1 11 100 12 1 1 11 100 12 1 1 100 1 11 100 12 1 1 11 100 12 1 1 11 100 12 1 1 1 11 100 12 1 1 1 11 100 12 1 1 1 11 100 12 1 1 1 100 1 10 12 1 1 11 100 12 1 1 100 1 11 100 12 1 1 11 100 12 1 1 11 100 12 1 1 11 100 1 100 1 9 12 1 1 10 100 12 1 1 11 100 12 1 1 10 12 1 1 10 100 12 1 1 1 10 12 1 10 12 1 1 10 12 1 1 1 1 1 3 1 3 1 3 1 3 1 3 1 3 1 3 1 3 1 3 1 3 1 3 1 3 1 3 1 3 1 3 1 3 1 3 1 3 1 3 1 3 1 3 1 3 1 3 1 3 1 3 1 3 1 3 1 3 1 3 1 3 1 3 1 3 1 3 1 3 1 3 1 3 1 3 1 3 1 3 1 1 1 1 1 3 1 1 1 1 1 1 3 1 1 1 1 1 1 1 1 1 1 1 1 1 1 1 1 1 1 1 1 1 1 1 1 1 1 1 1 1 1 1 1 1 1 1 1 1 1 1 1 1 1 1 1 1 1 1 1 1 1 1 1 1 1 1 1 1 1 1 1 1 1 1 1 1 1 1 1 1 1 1 1 1 1 1 1 1 1 1 1 1 1 1 1 1 1 1 1 1 1 1 1 1 1 1 1 1 1 1 1 1 1 1 1 1 1 1 1 1 1 1 1 1 1 1 1 1 1 1 1 1 1 1 1 1 1 1 1 1 1 1 1 1 1 1 1 1 1 1 1 1 1 1 1 1 1 1 1 1 1 1 1 1 1 1 1 1 1 1 1 1 1 1 1 1 1 1 1 1 1 1 1 1 1 1 1 1 1 1 1 1 1 1 1 1 1 1 1 1 1 1 1 1 1 1 1 1 1 1 100 1 100 1 1 1 1 1 1 1 1 1 1 1 1 1 1 1 1 1 1 1 1 1 1 1 1
instanceKlass jdk/internal/vm/vector/VectorSupport$VectorShuffle
instanceKlass jdk/internal/vm/vector/VectorSupport$VectorMask
instanceKlass jdk/internal/vm/vector/VectorSupport$Vector
ciInstanceKlass jdk/internal/vm/vector/VectorSupport$VectorPayload 0 0 32 10 100 12 1 1 1 9 100 12 1 1 1 10 100 12 1 1 1 1 1 1 1 1 1 1 1 1 1 1 1 1
ciInstanceKlass jdk/internal/vm/vector/VectorSupport$Vector 0 0 28 10 100 12 1 1 1 100 1 1 1 1 1 1 1 1 1 1 1 1 1 1 1 100 1 1 1 1
ciInstanceKlass jdk/internal/vm/vector/VectorSupport$VectorMask 0 0 28 10 100 12 1 1 1 100 1 1 1 1 1 1 1 1 1 1 1 1 1 1 1 100 1 1 1 1
ciInstanceKlass jdk/internal/vm/vector/VectorSupport$VectorShuffle 0 0 28 10 100 12 1 1 1 100 1 1 1 1 1 1 1 1 1 1 1 1 1 1 1 100 1 1 1 1
instanceKlass kotlin/KotlinNullPointerException
ciInstanceKlass java/lang/NullPointerException 1 1 52 10 100 12 1 1 1 10 12 1 9 100 12 1 1 1 10 12 1 1 9 12 1 1 10 12 1 1 10 12 1 1 1 1 5 0 1 1 1 1 1 1 1 1 100 1 100 1 100 1 1 1
ciInstanceKlass java/lang/ArithmeticException 1 1 26 10 100 12 1 1 1 10 12 1 100 1 1 1 1 5 0 1 1 1 1 1 1 1 1 1
ciInstanceKlass java/lang/StringLatin1 1 1 380 7 1 10 100 12 1 1 1 100 1 10 12 1 10 7 12 1 1 1 10 7 12 1 1 1 10 12 1 10 7 12 1 1 1 10 12 1 1 10 7 12 1 1 1 10 12 1 1 10 12 1 1 10 10 12 1 10 12 1 1 10 9 7 12 1 1 1 10 12 1 1 10 7 12 1 1 1 10 12 10 12 1 1 10 12 1 1 10 12 1 1 10 7 12 1 1 1 10 12 1 10 12 1 1 9 12 1 1 100 1 10 10 100 12 1 1 1 10 7 12 1 1 1 10 12 1 10 12 1 100 1 100 1 8 1 10 12 1 8 1 10 12 100 1 10 10 10 7 12 1 1 1 8 1 8 1 8 1 10 12 1 1 10 100 12 1 1 10 12 1 10 12 1 1 10 12 1 1 10 12 1 1 10 12 1 10 12 10 12 10 12 1 10 12 10 10 12 1 10 12 1 10 12 1 10 100 12 1 1 1 10 100 12 1 1 1 10 12 1 1 10 12 1 1 10 10 7 12 1 1 1 1 1 1 1 1 1 1 1 1 1 1 1 1 1 1 1 1 1 1 1 1 1 1 1 1 1 1 1 1 1 1 1 1 1 1 1 1 1 1 1 1 1 1 1 1 1 1 1 1 100 1 1 1 1 1 1 1 1 1 1 1 1 1 1 1 1 1 1 1 1 1 1 1 1 1 1 1 1 1 1 1 1 1 1 1 1 1 1 1 1 1 1 1 1 100 1 1 1 1 1 1 1 1 1 1 1 1 1 1 1 1 1 1 1 1 1 100 1 1 1 1 1 1 1 1 1 1 1 1 1 1 1 1 1 1 1 1 1 1 1 1 1 1 100 1 1 1 1
staticfield java/lang/StringLatin1 $assertionsDisabled Z 1
ciInstanceKlass java/lang/Math 1 1 395 10 100 12 1 1 1 10 7 12 1 1 1 10 12 1 10 12 1 10 12 1 10 12 1 10 12 1 7 1 6 0 6 0 10 12 1 10 12 1 10 12 1 10 12 1 10 12 1 10 12 1 1 10 12 1 10 12 1 10 12 1 10 12 1 10 12 1 10 7 12 1 1 1 100 1 3 3 3 10 7 12 1 1 1 100 1 5 0 5 0 5 0 5 0 5 0 9 100 12 1 1 1 10 100 12 1 1 1 100 1 8 1 10 12 1 8 1 10 12 1 1 10 12 1 1 100 1 5 0 5 0 100 1 3 5 0 3 5 0 10 12 1 10 12 1 8 1 10 12 1 8 1 9 12 1 1 9 12 1 10 12 1 1 6 0 10 12 1 9 12 1 1 100 1 10 10 12 1 100 1 10 12 1 10 12 1 1 10 12 1 10 12 1 10 12 1 10 12 1 1 10 12 1 1 10 12 1 1 10 12 6 0 10 12 1 1 10 12 1 1 10 12 10 12 1 4 10 12 1 1 10 12 1 10 12 1 10 12 10 12 1 10 12 1 10 12 1 10 12 1 10 12 1 10 12 1 10 12 1 5 0 6 0 4 6 0 4 6 0 4 10 12 1 1 9 12 1 1 10 12 1 9 12 1 10 7 12 1 1 1 4 6 0 1 1 6 0 1 6 0 1 1 1 1 1 1 1 1 1 1 1 1 1 1 1 1 1 1 1 1 1 1 1 1 1 1 1 1 1 1 1 1 1 1 1 1 1 1 1 1 1 1 1 1 1 1 1 1 1 1 1 1 1 1 1 1 1 1 1 1 1 1 1 1 1 1 1 1 1 1 1 1 1 1 1 1 1 1 1 1 1 1 1 1 1 1 1 1 1 1 1 1 1 1
staticfield java/lang/Math negativeZeroFloatBits J -2147483648
staticfield java/lang/Math negativeZeroDoubleBits J -9223372036854775808
staticfield java/lang/Math $assertionsDisabled Z 1
instanceKlass java/lang/ProcessEnvironment
instanceKlass java/util/LinkedHashMap
ciInstanceKlass java/util/HashMap 1 1 610 10 7 12 1 1 1 100 1 10 12 1 1 100 1 10 7 12 1 1 1 100 1 11 12 1 1 11 12 1 11 12 1 1 10 7 12 1 1 1 7 1 3 10 7 12 1 1 1 100 1 100 1 10 8 1 10 12 1 1 10 12 1 10 12 1 1 10 12 1 10 7 12 1 1 1 8 1 10 12 1 9 12 1 1 10 12 1 9 12 1 1 4 10 12 1 10 12 1 1 11 7 12 1 1 9 12 1 1 4 10 12 1 1 11 12 1 1 11 7 12 1 1 1 11 7 12 1 1 1 11 12 1 1 7 1 11 12 1 11 12 1 10 12 1 10 12 1 1 9 12 10 12 1 1 9 7 12 1 1 1 9 12 9 12 1 10 12 1 1 9 12 1 7 1 10 12 1 1 10 12 1 1 10 12 1 1 10 12 1 1 10 12 1 1 9 12 1 10 12 1 1 3 10 12 1 1 10 12 1 1 9 12 1 1 9 10 12 1 1 10 12 1 1 10 12 1 1 10 12 1 9 12 1 1 7 1 10 12 1 10 12 1 10 7 12 1 1 1 7 1 9 12 1 1 7 1 10 9 12 7 1 10 100 1 10 11 7 12 1 1 1 100 1 10 11 100 12 1 1 11 100 12 1 1 1 10 12 1 100 1 100 1 10 12 1 10 12 1 10 12 1 10 100 12 1 1 10 12 1 1 10 12 1 1 10 7 12 1 1 1 8 10 7 12 1 1 1 100 1 10 4 10 7 12 1 1 1 4 10 12 1 10 7 12 1 1 1 10 12 1 8 1 4 10 100 12 1 1 1 100 1 11 100 12 1 1 1 10 12 1 10 12 1 10 10 12 1 1 100 1 100 1 1 1 1 5 0 1 3 1 1 1 3 1 3 1 3 1 1 1 1 1 1 1 1 1 1 1 1 1 1 1 1 1 1 1 1 1 1 100 1 1 1 1 1 1 1 1 1 1 1 1 1 1 1 1 1 1 1 1 1 1 1 1 1 1 1 1 1 1 1 1 100 1 1 1 1 1 1 1 1 1 1 1 1 1 1 1 1 1 1 1 1 1 1 1 1 1 1 1 1 1 1 1 1 1 1 1 1 1 1 1 1 1 1 1 1 1 1 1 1 1 1 100 1 1 1 1 1 1 1 1 1 1 1 1 1 1 1 1 1 1 1 1 1 1 1 1 1 1 1 1 1 1 1 1 1 1 1 1 1 1 1 1 1 1 1 1 1 1 1 1 7 1 1 1 1 1 1 1 1 7 1 1 1 1 1 1 1 1 1 1 1 1 1 1 100 1 100 1 100 1 100 1 100 1 100 1 100 1 100 1 1 1 1 1 1 1 1 1 1 1 1 1 1 1 1 1 1
instanceKlass java/util/LinkedHashMap$Entry
ciInstanceKlass java/util/HashMap$Node 1 1 95 10 7 12 1 1 1 9 7 12 1 1 1 9 12 1 1 9 12 1 9 12 1 1 100 1 10 10 12 1 1 8 1 10 12 1 10 12 1 1 10 100 12 1 1 1 100 1 11 12 1 1 10 12 1 1 11 12 1 1 1 1 1 1 1 1 1 1 1 1 1 1 1 1 1 1 1 1 1 1 1 1 1 1 1 1 1 1 100 1 1 1 100 1 1
instanceKlass java/util/HashMap$TreeNode
ciInstanceKlass java/util/LinkedHashMap$Entry 1 1 41 10 7 12 1 1 1 100 1 1 1 1 1 1 1 1 1 1 1 1 1 1 1 1 1 1 1 1 1 1 1 1 1 1 100 1 1 100 1 1 1
ciInstanceKlass java/util/HashMap$TreeNode 0 0 250 100 1 10 100 12 1 1 1 9 100 12 1 1 1 9 12 1 1 9 12 1 9 12 1 1 9 12 1 1 10 12 1 1 100 1 10 12 1 9 12 1 9 12 1 9 12 1 1 10 100 12 1 1 1 10 12 1 1 10 12 1 1 10 12 1 1 10 12 1 1 10 12 1 1 10 100 12 1 1 1 10 100 12 1 1 1 10 100 12 1 1 1 9 12 1 10 12 1 1 10 12 1 1 10 12 1 1 10 12 1 1 9 100 1 10 12 1 1 10 12 1 1 10 12 1 10 12 1 1 10 12 1 10 12 1 10 12 1 1 1 1 1 1 1 1 1 1 1 1 1 1 1 1 1 1 1 1 1 1 1 1 1 1 100 1 1 1 1 1 1 1 1 1 1 1 1 1 1 1 1 1 1 1 1 1 1 1 1 1 1 1 1 1 1 1 1 1 1 1 1 1 1 1 1 1 1 1 1 1 1 1 1 1 1 1 1 1 1 1 1 1 1 1 1 1 1 1 1 1 1 1 1 1 1 1 1 1 1 1 1 1 1 1 1 100 1 1 1 1
ciInstanceKlass java/util/Arrays 1 1 988 10 7 12 1 1 1 10 100 12 1 1 1 10 7 12 1 1 1 10 12 1 10 12 1 10 12 1 10 12 1 10 12 1 10 12 1 10 100 12 1 1 1 100 1 100 1 10 8 1 10 12 1 1 10 12 1 8 1 8 1 10 12 1 1 10 12 1 100 1 10 12 1 9 100 12 1 1 1 10 7 12 1 1 100 1 10 12 1 1 10 7 12 1 1 10 7 12 1 1 1 100 1 10 12 1 10 12 1 1 7 1 9 7 12 1 1 1 10 12 1 1 10 7 12 1 1 10 12 1 10 12 1 1 10 12 1 10 12 1 1 7 1 11 12 1 1 10 12 1 10 7 12 1 1 1 10 12 10 12 1 10 12 1 10 12 10 12 1 11 100 12 1 1 1 10 7 12 1 1 1 100 1 10 12 1 10 100 1 10 12 1 10 100 1 10 12 1 10 100 1 10 12 1 10 10 12 1 1 10 12 1 10 12 1 10 12 1 10 12 1 10 12 1 10 100 12 1 1 1 10 12 1 10 100 12 1 1 1 10 12 1 10 12 1 10 7 12 1 1 1 10 12 1 10 12 1 10 12 1 10 12 1 10 12 1 10 12 1 10 12 1 10 12 1 10 12 1 10 12 1 10 12 1 10 12 1 10 12 1 10 12 1 10 12 1 10 12 1 1 10 12 1 1 10 7 12 1 1 1 10 12 1 8 1 7 1 10 12 10 12 1 10 12 1 1 10 12 1 1 9 100 12 1 1 1 100 1 10 12 1 9 100 1 100 1 10 12 1 9 100 1 100 1 10 12 1 9 100 1 100 1 10 12 1 9 100 1 100 1 10 12 1 9 100 1 100 1 10 12 1 9 100 1 10 12 1 100 1 10 12 1 10 12 1 9 12 1 100 1 10 10 12 1 1 10 12 1 10 12 1 10 12 1 10 12 1 10 12 1 10 12 1 10 12 1 10 12 1 10 12 1 8 1 8 1 10 12 1 10 12 1 8 1 10 12 1 10 12 1 10 12 1 10 100 12 1 1 1 3 10 100 1 10 10 12 1 1 11 100 12 1 1 10 12 1 1 10 12 1 10 12 1 10 12 1 10 12 1 10 12 1 10 12 1 10 12 1 10 12 1 11 12 1 8 1 10 11 12 1 11 100 12 1 1 1 11 100 12 1 1 1 11 12 1 1 18 12 1 1 11 12 1 1 11 100 12 1 1 1 18 12 1 11 100 12 1 1 1 18 12 1 11 100 12 1 1 1 18 12 1 100 1 10 7 12 1 1 1 10 12 1 10 12 1 10 12 1 10 12 1 10 12 1 10 12 1 10 12 1 10 12 1 1 10 12 1 10 7 12 1 1 10 12 1 10 12 1 10 12 1 1 10 12 1 10 12 1 10 12 1 1 10 12 1 10 12 1 10 12 1 1 10 12 1 10 12 1 10 12 1 10 12 1 10 12 10 12 1 10 12 10 12 10 12 1 10 12 10 12 1 10 12 1 10 12 1 1 1 1 3 1 3 1 1 1 1 1 1 1 1 1 1 1 1 1 1 1 1 1 1 1 1 1 1 1 1 1 1 1 1 1 1 1 1 1 1 1 1 1 1 1 1 1 1 1 1 1 1 1 1 1 1 1 1 1 1 1 1 1 1 1 1 1 1 1 1 1 1 1 1 1 1 1 1 1 1 1 1 1 1 1 1 1 1 1 1 1 1 1 1 1 1 1 1 1 1 1 1 1 1 1 1 1 1 1 1 1 1 1 1 1 1 1 1 1 1 1 1 1 1 1 1 1 1 1 1 1 1 1 1 1 1 1 1 1 1 1 1 1 1 1 1 1 1 1 1 1 1 1 1 1 1 1 1 1 1 1 1 1 1 1 1 1 1 1 1 1 1 1 1 1 1 1 1 1 1 1 1 1 1 1 1 1 1 1 1 1 1 1 1 1 1 1 1 1 1 1 1 1 1 1 1 1 1 1 1 1 1 1 1 1 1 1 1 1 1 1 1 1 1 1 1 1 1 1 1 1 1 1 1 1 1 1 1 1 1 1 1 1 1 1 1 1 1 1 1 1 1 1 1 1 1 1 1 1 1 1 1 1 1 1 1 1 100 1 1 15 10 100 12 1 1 1 16 15 10 12 15 10 12 15 10 12 15 10 12 1 1 100 1 100 1 1 1 1 100 1 1 1 1 1 1 100 1 1 100 1 1 100 1 1 1 100 1 100 1 1
staticfield java/util/Arrays $assertionsDisabled Z 1
ciInstanceKlass jdk/internal/util/ArraysSupport 1 1 271 7 1 100 1 8 1 10 12 1 1 10 12 1 1 10 100 12 1 1 9 7 12 1 1 1 9 12 1 1 10 7 12 1 1 1 9 12 1 1 10 100 12 1 1 1 9 12 1 10 12 9 12 1 10 12 1 1 10 12 9 12 1 9 12 1 10 12 1 1 9 12 1 9 12 1 9 12 1 9 12 1 9 12 1 9 12 1 9 12 1 10 12 1 1 10 100 12 1 1 1 9 12 1 9 12 1 10 12 1 1 10 12 1 9 12 1 10 12 1 10 100 12 1 1 1 9 12 1 9 12 1 10 12 1 10 12 1 10 7 12 1 1 1 3 10 12 1 100 1 100 1 10 8 1 10 12 1 1 10 12 1 8 1 8 1 10 12 1 1 10 10 12 1 1 10 12 1 1 9 12 1 10 12 1 9 12 1 9 12 1 9 12 1 9 12 1 9 12 1 9 12 1 9 12 1 100 1 1 1 1 1 1 1 1 1 1 1 1 1 1 1 1 1 1 1 1 1 1 1 1 1 1 1 1 1 1 1 1 1 1 1 1 1 1 1 1 1 1 1 1 1 1 1 1 1 1 1 1 1 1 1 1 1 1 1 1 1 1 1 1
staticfield jdk/internal/util/ArraysSupport U Ljdk/internal/misc/Unsafe; jdk/internal/misc/Unsafe
staticfield jdk/internal/util/ArraysSupport BIG_ENDIAN Z 0
staticfield jdk/internal/util/ArraysSupport LOG2_ARRAY_BOOLEAN_INDEX_SCALE I 0
staticfield jdk/internal/util/ArraysSupport LOG2_ARRAY_BYTE_INDEX_SCALE I 0
staticfield jdk/internal/util/ArraysSupport LOG2_ARRAY_CHAR_INDEX_SCALE I 1
staticfield jdk/internal/util/ArraysSupport LOG2_ARRAY_SHORT_INDEX_SCALE I 1
staticfield jdk/internal/util/ArraysSupport LOG2_ARRAY_INT_INDEX_SCALE I 2
staticfield jdk/internal/util/ArraysSupport LOG2_ARRAY_LONG_INDEX_SCALE I 3
staticfield jdk/internal/util/ArraysSupport LOG2_ARRAY_FLOAT_INDEX_SCALE I 2
staticfield jdk/internal/util/ArraysSupport LOG2_ARRAY_DOUBLE_INDEX_SCALE I 3
staticfield jdk/internal/util/ArraysSupport LOG2_BYTE_BIT_SIZE I 3
ciInstanceKlass java/lang/StringUTF16 1 1 598 100 1 7 1 10 100 12 1 1 1 100 1 10 7 1 3 100 1 100 1 10 8 1 10 12 1 1 10 12 1 8 1 10 12 1 1 10 12 1 9 12 1 1 10 12 1 1 100 1 8 1 10 12 1 9 12 1 1 9 12 1 10 10 12 1 1 10 12 1 1 10 100 12 1 1 1 10 12 1 10 12 1 1 10 12 1 1 10 12 1 1 10 12 1 1 10 12 1 10 12 1 1 10 12 1 1 10 12 1 1 10 12 1 1 10 12 1 10 12 1 10 12 1 1 10 12 1 100 1 10 12 1 10 10 12 1 1 10 12 1 10 12 1 1 10 12 1 10 100 12 1 1 1 10 100 12 1 1 1 10 12 10 12 1 1 10 12 1 10 12 1 1 10 12 1 1 10 12 1 10 12 1 10 12 1 3 10 12 1 1 10 12 1 10 12 1 10 12 1 10 12 1 10 12 1 10 12 1 1 9 12 1 10 12 1 10 12 1 10 12 1 10 12 1 10 12 1 10 10 12 10 12 10 10 100 12 1 1 1 10 7 12 1 1 1 10 12 1 10 12 1 100 1 8 1 8 1 10 12 1 1 100 1 10 10 100 12 1 1 1 10 100 12 1 1 8 1 8 1 8 1 10 12 1 1 10 12 1 1 10 12 10 12 1 10 100 12 1 1 10 12 1 1 10 12 1 1 10 12 1 10 12 10 12 10 12 1 10 12 10 12 1 10 12 1 10 12 1 10 12 1 10 12 1 10 100 12 1 1 1 10 100 12 1 1 1 10 12 1 1 10 12 1 1 11 7 12 1 1 10 12 1 10 12 1 10 12 1 1 9 12 1 1 9 12 1 5 0 5 0 10 12 1 10 12 10 12 10 7 12 1 1 1 10 12 1 1 1 1 1 1 1 1 1 1 1 1 1 1 1 1 1 1 1 1 1 1 1 1 1 1 1 1 1 1 1 100 1 1 1 1 1 1 1 1 1 1 1 1 1 1 1 1 1 1 1 1 1 1 1 1 1 1 1 1 1 1 1 1 1 1 1 1 1 1 1 1 1 1 1 1 1 1 1 1 1 1 1 1 1 1 1 1 1 1 1 1 1 1 1 1 1 1 1 1 1 1 1 1 1 1 1 1 1 1 1 1 1 1 100 1 1 1 1 1 1 1 1 1 1 1 1 1 1 1 1 1 100 1 1 1 1 1 1 1 1 1 1 1 1 1 1 1 1 1 1 1 1 1 1 1 1 1 1 1 1 1 1 1 1 1 1 1 1 1 1 1 1 1 1 1 1 1 1 1 1 1 1 1 1 1 1 1 1 1 1 1 1 1 100 1 100 1 1 1 1 1
staticfield java/lang/StringUTF16 HI_BYTE_SHIFT I 0
staticfield java/lang/StringUTF16 LO_BYTE_SHIFT I 8
staticfield java/lang/StringUTF16 $assertionsDisabled Z 1
instanceKlass java/lang/CharacterData00
instanceKlass java/lang/CharacterDataLatin1
ciInstanceKlass java/lang/CharacterData 1 1 80 10 7 12 1 1 1 10 100 12 1 1 1 9 7 12 1 1 1 9 7 12 1 1 9 100 12 1 1 9 100 1 9 100 1 9 100 1 9 100 1 9 100 1 1 1 1 1 1 1 1 1 1 1 1 1 1 1 1 1 1 1 1 1 1 1 1 1 1 1 1 1 1 1 1 1 1 1 1 1
ciInstanceKlass java/lang/CharacterDataLatin1 1 1 130 9 7 12 1 1 1 9 12 1 1 10 12 1 1 10 12 1 10 12 1 1 3 3 3 10 12 1 9 12 1 100 1 3 3 9 12 1 1 10 7 12 1 1 1 10 9 12 1 1 3 3 3 3 3 3 3 3 3 3 3 3 3 3 3 3 3 3 3 3 3 3 3 3 3 3 3 3 3 3 3 3 3 3 3 1 1 1 1 1 1 1 1 1 1 1 1 1 1 1 1 1 1 1 1 1 1 1 1 1 1 1 1 1 1 1 1 1 1 1 1 1 1 1 1 1 100 1 1 1
staticfield java/lang/CharacterDataLatin1 DIGITS [B 256
staticfield java/lang/CharacterDataLatin1 instance Ljava/lang/CharacterDataLatin1; java/lang/CharacterDataLatin1
staticfield java/lang/CharacterDataLatin1 A [I 256
staticfield java/lang/CharacterDataLatin1 B [B 256
ciInstanceKlass java/lang/Integer$IntegerCache 1 1 93 10 100 12 1 1 1 7 1 10 7 12 1 1 1 9 7 12 1 1 1 8 1 10 7 12 1 1 1 10 12 1 1 10 100 12 1 1 1 3 10 12 1 100 1 9 12 1 1 10 7 12 1 1 1 9 12 1 1 10 12 1 9 12 1 100 1 10 1 1 3 1 1 1 1 1 1 1 1 1 1 1 1 1 1 100 1 100 1 1 1 1 1
staticfield java/lang/Integer$IntegerCache high I 127
staticfield java/lang/Integer$IntegerCache cache [Ljava/lang/Integer; 256 [Ljava/lang/Integer;
staticfield java/lang/Integer$IntegerCache $assertionsDisabled Z 1
instanceKlass java/security/InvalidParameterException
instanceKlass java/nio/file/ProviderMismatchException
instanceKlass java/lang/NumberFormatException
ciInstanceKlass java/lang/IllegalArgumentException 1 1 35 10 100 12 1 1 1 10 12 1 10 12 1 10 12 1 100 1 1 1 1 5 0 1 1 1 1 1 1 1 1 1 1 1 1
instanceKlass com/oracle/truffle/js/runtime/doubleconv/DtoaMode
instanceKlass com/oracle/truffle/regex/tregex/parser/CaseFoldTable$CaseFoldingAlgorithm
instanceKlass com/oracle/truffle/regex/tregex/parser/JSRegexValidator$RegexStackElem
instanceKlass com/oracle/truffle/regex/tregex/parser/JSRegexValidator$CurTermState
instanceKlass com/oracle/truffle/js/runtime/builtins/JSFunctionData$Target
instanceKlass com/oracle/truffle/api/frame/FrameSlotKind
instanceKlass com/oracle/truffle/js/parser/env/GlobalEnvironment$DeclarationKind
instanceKlass com/oracle/js/parser/TokenKind
instanceKlass com/oracle/js/parser/TokenType
instanceKlass com/oracle/js/parser/ScriptEnvironment$FunctionStatementBehavior
instanceKlass com/oracle/truffle/js/builtins/RegExpBuiltins$RegExpBuiltin
instanceKlass com/oracle/truffle/js/builtins/ConsoleBuiltins$Console
instanceKlass com/oracle/truffle/js/builtins/intl/IntlBuiltins$Intl
instanceKlass com/oracle/truffle/js/builtins/AtomicsBuiltins$Atomics
instanceKlass com/oracle/truffle/js/builtins/ReflectBuiltins$Reflect
instanceKlass com/oracle/truffle/js/builtins/commonjs/GlobalCommonJSRequireBuiltins$GlobalRequire
instanceKlass com/oracle/truffle/js/builtins/GlobalBuiltins$GlobalLoadBuiltins$GlobalLoad
instanceKlass com/oracle/truffle/js/builtins/GlobalBuiltins$GlobalPrintBuiltins$GlobalPrint
instanceKlass com/oracle/truffle/js/builtins/GlobalBuiltins$GlobalNashornScriptingBuiltins$GlobalNashornScripting
instanceKlass com/oracle/truffle/js/builtins/GlobalBuiltins$GlobalShellBuiltins$GlobalShell
instanceKlass com/oracle/truffle/js/builtins/GlobalBuiltins$Global
instanceKlass com/oracle/truffle/js/builtins/JSONBuiltins$JSON
instanceKlass com/oracle/truffle/js/builtins/foreign/ForeignIterablePrototypeBuiltins$ForeignIterablePrototype
instanceKlass com/oracle/truffle/js/builtins/FinalizationRegistryPrototypeBuiltins$FinalizationRegistryPrototype
instanceKlass com/oracle/truffle/js/builtins/WeakRefPrototypeBuiltins$WeakRefPrototype
instanceKlass com/oracle/truffle/js/builtins/AsyncGeneratorPrototypeBuiltins$AsyncGeneratorPrototype
instanceKlass com/oracle/truffle/js/builtins/AsyncFromSyncIteratorPrototypeBuiltins$GeneratorPrototype
instanceKlass com/oracle/truffle/js/builtins/math/MathBuiltins$Math
instanceKlass com/oracle/truffle/js/builtins/EnumerateIteratorPrototypeBuiltins$EnumerateIteratorPrototype
instanceKlass com/oracle/truffle/js/builtins/GeneratorPrototypeBuiltins$GeneratorPrototype
instanceKlass com/oracle/truffle/js/builtins/intl/LocalePrototypeBuiltins$LocalePrototype
instanceKlass com/oracle/truffle/js/builtins/intl/DisplayNamesPrototypeBuiltins$DisplayNamesPrototype
instanceKlass com/oracle/truffle/js/builtins/intl/DisplayNamesFunctionBuiltins$DisplayNamesFunction
instanceKlass com/oracle/truffle/js/builtins/intl/SegmentIteratorPrototypeBuiltins$SegmentIteratorPrototype
instanceKlass com/oracle/truffle/js/builtins/intl/SegmentsPrototypeBuiltins$SegmentsPrototype
instanceKlass com/oracle/truffle/js/builtins/intl/SegmenterPrototypeBuiltins$SegmenterPrototype
instanceKlass com/oracle/truffle/js/builtins/intl/SegmenterFunctionBuiltins$SegmenterFunction
instanceKlass com/oracle/truffle/js/builtins/intl/RelativeTimeFormatPrototypeBuiltins$RelativeTimeFormatPrototype
instanceKlass com/oracle/truffle/js/builtins/intl/RelativeTimeFormatFunctionBuiltins$RelativeTimeFormatFunction
instanceKlass com/oracle/truffle/js/builtins/intl/ListFormatPrototypeBuiltins$ListFormatPrototype
instanceKlass com/oracle/truffle/js/builtins/intl/ListFormatFunctionBuiltins$ListFormatFunction
instanceKlass com/oracle/truffle/js/builtins/intl/PluralRulesPrototypeBuiltins$PluralRulesPrototype
instanceKlass com/oracle/truffle/js/builtins/intl/PluralRulesFunctionBuiltins$PluralRulesFunction
instanceKlass com/oracle/truffle/js/builtins/intl/DateTimeFormatPrototypeBuiltins$DateTimeFormatPrototype
instanceKlass com/oracle/truffle/js/builtins/intl/DateTimeFormatFunctionBuiltins$DateTimeFormatFunction
instanceKlass com/oracle/truffle/js/builtins/intl/NumberFormatPrototypeBuiltins$NumberFormatPrototype
instanceKlass com/oracle/truffle/js/builtins/intl/NumberFormatFunctionBuiltins$NumberFormatFunction
instanceKlass com/oracle/truffle/js/builtins/intl/CollatorPrototypeBuiltins$CollatorPrototype
instanceKlass com/oracle/truffle/js/builtins/intl/CollatorFunctionBuiltins$CollatorFunction
instanceKlass com/oracle/truffle/js/builtins/RegExpStringIteratorPrototypeBuiltins$RegExpStringIteratorPrototype
instanceKlass com/oracle/truffle/js/builtins/StringIteratorPrototypeBuiltins$StringIteratorPrototype
instanceKlass com/oracle/truffle/js/builtins/MapIteratorPrototypeBuiltins$MapIteratorPrototype
instanceKlass com/oracle/truffle/js/builtins/SetIteratorPrototypeBuiltins$SetIteratorPrototype
instanceKlass com/oracle/truffle/js/builtins/ArrayIteratorPrototypeBuiltins$ArrayIteratorPrototype
instanceKlass com/oracle/truffle/js/builtins/BigIntPrototypeBuiltins$BigIntPrototype
instanceKlass com/oracle/truffle/js/builtins/BigIntFunctionBuiltins$BigIntFunction
instanceKlass com/oracle/truffle/js/builtins/DataViewPrototypeBuiltins$DataViewPrototype
instanceKlass com/oracle/truffle/js/builtins/TypedArrayFunctionBuiltins$TypedArrayFunction
instanceKlass com/oracle/truffle/js/builtins/TypedArrayPrototypeBuiltins$TypedArrayPrototype
instanceKlass com/oracle/truffle/js/builtins/ArrayBufferPrototypeBuiltins$ArrayBufferPrototype
instanceKlass com/oracle/truffle/js/builtins/CallSitePrototypeBuiltins$CallSitePrototype
instanceKlass com/oracle/truffle/js/builtins/PromisePrototypeBuiltins$PromisePrototype
instanceKlass com/oracle/truffle/js/builtins/PromiseFunctionBuiltins$PromiseFunction
instanceKlass com/oracle/truffle/js/builtins/WeakSetPrototypeBuiltins$WeakSetPrototype
instanceKlass com/oracle/truffle/js/builtins/WeakMapPrototypeBuiltins$WeakMapPrototype
instanceKlass com/oracle/truffle/js/builtins/SetPrototypeBuiltins$NewSetPrototypeBuiltins$NewSetPrototype
instanceKlass com/oracle/truffle/js/builtins/SetPrototypeBuiltins$SetPrototype
instanceKlass com/oracle/truffle/js/builtins/MapPrototypeBuiltins$MapPrototype
instanceKlass com/oracle/truffle/js/builtins/SymbolPrototypeBuiltins$SymbolPrototype
instanceKlass com/oracle/truffle/js/builtins/SymbolFunctionBuiltins$SymbolFunction
instanceKlass com/oracle/truffle/js/builtins/DatePrototypeBuiltins$DatePrototype
instanceKlass com/oracle/truffle/js/builtins/DateFunctionBuiltins$DateFunction
instanceKlass com/oracle/truffle/js/builtins/RegExpPrototypeBuiltins$RegExpPrototype
instanceKlass jdk/internal/icu/util/CodePointTrie$ValueWidth
instanceKlass jdk/internal/icu/util/CodePointTrie$Type
instanceKlass com/oracle/truffle/js/builtins/RegExpPrototypeBuiltins$RegExpPrototypeGetterBuiltins$RegExpPrototypeGetters
instanceKlass java/text/Normalizer$Form
instanceKlass com/oracle/truffle/js/builtins/StringPrototypeBuiltins$StringPrototypeExtensionBuiltins$StringExtensionBuiltins
instanceKlass com/oracle/truffle/js/builtins/StringPrototypeBuiltins$StringPrototype
instanceKlass org/bson/BsonBinarySubType
instanceKlass com/oracle/truffle/js/builtins/StringFunctionBuiltins$StringFunction
instanceKlass com/oracle/truffle/js/builtins/NumberPrototypeBuiltins$NumberPrototype
instanceKlass com/oracle/truffle/js/builtins/NumberFunctionBuiltins$NumberFunction
instanceKlass com/oracle/truffle/js/builtins/BooleanPrototypeBuiltins$BooleanPrototype
instanceKlass com/mongodb/internal/connection/DefaultConnectionPool$OpenWithConcurrencyLimitMode
instanceKlass com/oracle/truffle/js/builtins/ArrayPrototypeBuiltins$ArrayPrototype
instanceKlass com/oracle/truffle/js/builtins/ArrayFunctionBuiltins$ArrayFunction
instanceKlass com/oracle/truffle/js/builtins/FunctionPrototypeBuiltins$FunctionPrototypeNashornCompatBuiltins$FunctionNashornCompat
instanceKlass com/oracle/truffle/js/builtins/FunctionPrototypeBuiltins$FunctionPrototype
instanceKlass com/oracle/truffle/js/builtins/ObjectFunctionBuiltins$ObjectFunctionNashornCompatBuiltins$ObjectNashornCompat
instanceKlass com/oracle/truffle/js/builtins/ObjectFunctionBuiltins$ObjectFunction
instanceKlass com/oracle/truffle/js/builtins/ConstructorBuiltins$Constructor
instanceKlass com/mongodb/client/internal/ClientSessionImpl$TransactionState
instanceKlass org/bson/AbstractBsonReader$State
instanceKlass org/bson/json/StrictCharacterStreamJsonWriter$State
instanceKlass org/bson/json/StrictCharacterStreamJsonWriter$JsonContextType
instanceKlass org/bson/json/JsonMode
instanceKlass com/mongodb/internal/connection/OpCode
instanceKlass com/mongodb/connection/ServerConnectionState
instanceKlass com/mongodb/connection/ServerType
instanceKlass com/mongodb/internal/connection/DefaultConnectionPool$AsyncWorkManager$State
instanceKlass com/oracle/truffle/js/builtins/ObjectPrototypeBuiltins$ObjectPrototype
instanceKlass org/bson/BsonContextType
instanceKlass org/bson/AbstractBsonWriter$State
instanceKlass com/oracle/truffle/js/runtime/JSErrorType
instanceKlass com/oracle/truffle/js/runtime/array/TypedArrayFactory
instanceKlass com/mongodb/connection/ClusterConnectionMode
instanceKlass com/mongodb/connection/ClusterType
instanceKlass com/mongodb/ReadConcernLevel
instanceKlass com/oracle/truffle/api/nodes/NodeCost
instanceKlass com/oracle/truffle/js/runtime/JSContext$BuiltinFunctionKey
instanceKlass org/bson/UuidRepresentation
instanceKlass org/bson/BsonType
instanceKlass com/mongodb/AuthenticationMechanism
instanceKlass java/lang/StackStreamFactory$WalkerState
instanceKlass java/lang/StackWalker$ExtendedOption
instanceKlass com/intellij/database/remote/jdbc/helpers/JdbcHelper$LikeSupport
instanceKlass com/intellij/database/remote/jdbc/impl/UnparsedValueKind
instanceKlass com/intellij/database/remote/jdbc/helpers/JdbcHelper$Case
instanceKlass com/intellij/database/remote/jdbc/helpers/JdbcSettings$SslMode
instanceKlass java/time/format/TextStyle
instanceKlass java/time/format/DateTimeFormatterBuilder$SettingsParser
instanceKlass java/time/format/ResolverStyle
instanceKlass java/time/format/SignStyle
instanceKlass java/time/temporal/JulianFields$Field
instanceKlass java/time/temporal/IsoFields$Unit
instanceKlass java/time/temporal/IsoFields$Field
instanceKlass java/time/temporal/ChronoField
instanceKlass java/net/Proxy$Type
instanceKlass java/time/temporal/ChronoUnit
instanceKlass sun/util/locale/provider/LocaleProviderAdapter$Type
instanceKlass java/util/stream/Collector$Characteristics
instanceKlass com/oracle/truffle/regex/tregex/parser/ast/PositionAssertion$Type
instanceKlass com/oracle/truffle/regex/tregex/parser/Token$Kind
instanceKlass java/net/StandardProtocolFamily
instanceKlass java/io/ObjectInputFilter$Status
instanceKlass com/oracle/truffle/js/runtime/JSContextOptions$UnhandledRejectionsTrackingMode
instanceKlass java/lang/constant/DirectMethodHandleDesc$Kind
instanceKlass java/lang/invoke/VarHandle$VarHandleDesc$Kind
instanceKlass java/security/DrbgParameters$Capability
instanceKlass java/util/Locale$Category
instanceKlass com/oracle/truffle/polyglot/PolyglotLoggers$ImmutableLogRecord$FormatKind
instanceKlass sun/security/util/KnownOIDs
instanceKlass com/oracle/truffle/api/nodes/NodeClassImpl$NodeFieldKind
instanceKlass sun/util/logging/PlatformLogger$Level
instanceKlass java/lang/System$Logger$Level
instanceKlass java/lang/StackWalker$Option
instanceKlass com/oracle/truffle/polyglot/PolyglotContextImpl$State
instanceKlass com/jetbrains/internal/ProxyGenerator$TypeConversion
instanceKlass com/jetbrains/internal/ProxyInfo$Type
instanceKlass java/nio/file/AccessMode
instanceKlass java/lang/invoke/MethodHandleImpl$ArrayAccess
instanceKlass com/intellij/database/remote/toolkit/RemoteDesktopActionsHandlerImpl$State
instanceKlass org/graalvm/options/OptionStability
instanceKlass org/graalvm/options/OptionCategory
instanceKlass java/lang/Thread$State
instanceKlass com/oracle/truffle/polyglot/PolyglotEngineOptions$StaticObjectStorageStrategies
instanceKlass com/oracle/truffle/api/TruffleLanguage$ContextPolicy
instanceKlass jdk/internal/logger/BootstrapLogger$LoggingBackend
instanceKlass java/util/stream/StreamShape
instanceKlass com/oracle/truffle/api/strings/TruffleString$Encoding
instanceKlass java/lang/annotation/ElementType
instanceKlass java/lang/annotation/RetentionPolicy
instanceKlass com/oracle/truffle/api/utilities/TriState
instanceKlass com/oracle/truffle/api/interop/ExceptionType
instanceKlass java/util/stream/StreamOpFlag$Type
instanceKlass java/util/stream/StreamOpFlag
instanceKlass java/util/regex/Pattern$Qtype
instanceKlass java/util/concurrent/TimeUnit
instanceKlass java/nio/file/LinkOption
instanceKlass sun/nio/fs/WindowsPathType
instanceKlass java/nio/file/StandardOpenOption
instanceKlass java/lang/invoke/MethodHandles$Lookup$ClassOption
instanceKlass java/lang/invoke/VarHandle$AccessType
instanceKlass java/lang/invoke/VarHandle$AccessMode
instanceKlass java/lang/invoke/MethodHandleImpl$Intrinsic
instanceKlass java/lang/invoke/LambdaForm$BasicType
instanceKlass java/lang/invoke/LambdaForm$Kind
instanceKlass sun/invoke/util/Wrapper
instanceKlass java/io/File$PathStatus
instanceKlass java/lang/module/ModuleDescriptor$Requires$Modifier
instanceKlass java/lang/module/ModuleDescriptor$Modifier
ciInstanceKlass java/lang/Enum 1 1 188 9 7 12 1 1 1 9 12 1 1 10 7 12 1 1 1 10 12 1 1 100 1 10 10 12 1 1 10 12 1 100 1 10 10 7 12 1 1 10 12 1 1 18 12 1 1 10 100 12 1 1 1 10 12 1 1 11 7 12 1 1 1 100 1 8 1 10 12 1 100 1 100 1 10 8 1 10 12 1 1 10 12 1 1 8 1 10 12 1 10 100 1 8 1 10 10 12 1 1 10 100 12 1 1 1 100 1 100 1 100 1 1 1 1 1 1 1 1 1 1 1 1 1 1 1 1 1 1 1 1 1 1 1 1 1 1 1 1 1 1 1 1 1 1 1 1 1 1 1 1 1 100 1 100 1 1 100 1 1 1 1 1 1 1 1 1 1 1 15 10 100 12 1 1 1 16 15 10 12 16 1 1 100 1 100 1 1
instanceKlass com/oracle/truffle/api/strings/TruffleString$FromLongNode
instanceKlass com/oracle/truffle/js/decorators/ApplyDecoratorsToElementDefinition
instanceKlass com/oracle/truffle/js/nodes/unary/IsConstructorNodeGen$TruffleObject0Data
instanceKlass com/oracle/truffle/js/decorators/ApplyDecoratorsToClassDefinitionNode
instanceKlass com/oracle/truffle/js/decorators/DefineMethodPropertyNode
instanceKlass com/oracle/truffle/api/strings/TruffleString$FromCodePointNode
instanceKlass com/oracle/truffle/js/nodes/cast/JSToBooleanNodeGen$ForeignObject0Data
instanceKlass com/oracle/truffle/js/nodes/access/GetIteratorNodeGen$GetIteratorData
instanceKlass com/oracle/truffle/polyglot/PolyglotValueDispatchFactory$InteropValueFactory$GetHashValuesIteratorNodeGen$Cached0Data
instanceKlass com/oracle/truffle/polyglot/PolyglotValueDispatchFactory$InteropValueFactory$GetHashKeysIteratorNodeGen$Cached0Data
instanceKlass com/oracle/truffle/polyglot/PolyglotValueDispatchFactory$InteropValueFactory$GetHashEntriesIteratorNodeGen$Cached0Data
instanceKlass com/oracle/truffle/polyglot/PolyglotValueDispatchFactory$InteropValueFactory$RemoveHashEntryNodeGen$Cached1Data
instanceKlass com/oracle/truffle/polyglot/PolyglotValueDispatchFactory$InteropValueFactory$RemoveHashEntryNodeGen$Cached0Data
instanceKlass com/oracle/truffle/polyglot/PolyglotValueDispatchFactory$InteropValueFactory$PutHashEntryNodeGen$Cached1Data
instanceKlass com/oracle/truffle/polyglot/PolyglotValueDispatchFactory$InteropValueFactory$PutHashEntryNodeGen$Cached0Data
instanceKlass com/oracle/truffle/polyglot/PolyglotValueDispatchFactory$InteropValueFactory$GetHashValueOrDefaultNodeGen$Cached1Data
instanceKlass com/oracle/truffle/polyglot/PolyglotValueDispatchFactory$InteropValueFactory$GetHashValueOrDefaultNodeGen$Cached0Data
instanceKlass com/oracle/truffle/polyglot/PolyglotValueDispatchFactory$InteropValueFactory$GetHashValueNodeGen$Cached1Data
instanceKlass com/oracle/truffle/polyglot/PolyglotValueDispatchFactory$InteropValueFactory$GetHashValueNodeGen$Cached0Data
instanceKlass com/oracle/truffle/polyglot/PolyglotValueDispatchFactory$InteropValueFactory$HasHashEntryNodeGen$Cached0Data
instanceKlass com/oracle/truffle/polyglot/PolyglotValueDispatchFactory$InteropValueFactory$GetHashSizeNodeGen$Cached0Data
instanceKlass com/oracle/truffle/polyglot/PolyglotValueDispatchFactory$InteropValueFactory$HasHashEntriesNodeGen$Cached0Data
instanceKlass com/oracle/truffle/polyglot/PolyglotValueDispatchFactory$InteropValueFactory$GetIteratorNextElementNodeGen$Cached1Data
instanceKlass com/oracle/truffle/polyglot/PolyglotValueDispatchFactory$InteropValueFactory$GetIteratorNextElementNodeGen$Cached0Data
instanceKlass com/oracle/truffle/polyglot/PolyglotValueDispatchFactory$InteropValueFactory$HasIteratorNextElementNodeGen$Cached0Data
instanceKlass com/oracle/truffle/polyglot/PolyglotValueDispatchFactory$InteropValueFactory$IsIteratorNodeGen$Cached0Data
instanceKlass com/oracle/truffle/polyglot/PolyglotValueDispatchFactory$InteropValueFactory$GetIteratorNodeGen$Cached0Data
instanceKlass com/oracle/truffle/polyglot/PolyglotValueDispatchFactory$InteropValueFactory$HasIteratorNodeGen$Cached0Data
instanceKlass com/oracle/truffle/polyglot/PolyglotValueDispatchFactory$InteropValueFactory$GetMetaParentsNodeGen$Cached0Data
instanceKlass com/oracle/truffle/polyglot/PolyglotValueDispatchFactory$InteropValueFactory$HasMetaParentsNodeGen$Cached0Data
instanceKlass com/oracle/truffle/polyglot/PolyglotValueDispatchFactory$InteropValueFactory$GetMetaSimpleNameNodeGen$Cached0Data
instanceKlass com/oracle/truffle/polyglot/PolyglotValueDispatchFactory$InteropValueFactory$GetMetaQualifiedNameNodeGen$Cached0Data
instanceKlass com/oracle/truffle/polyglot/PolyglotValueDispatchFactory$InteropValueFactory$IsMetaInstanceNodeGen$Cached0Data
instanceKlass com/oracle/truffle/polyglot/PolyglotValueDispatchFactory$InteropValueFactory$IsMetaObjectNodeGen$Cached0Data
instanceKlass com/oracle/truffle/polyglot/PolyglotValueDispatchFactory$InteropValueFactory$ThrowExceptionNodeGen$Cached0Data
instanceKlass com/oracle/truffle/polyglot/PolyglotValueDispatchFactory$InteropValueFactory$IsExceptionNodeGen$Cached0Data
instanceKlass com/oracle/truffle/polyglot/PolyglotValueDispatchFactory$InteropValueFactory$AsDurationNodeGen$Cached0Data
instanceKlass com/oracle/truffle/polyglot/PolyglotValueDispatchFactory$InteropValueFactory$IsDurationNodeGen$Cached0Data
instanceKlass com/oracle/truffle/polyglot/PolyglotValueDispatchFactory$InteropValueFactory$AsInstantNodeGen$Cached0Data
instanceKlass com/oracle/truffle/polyglot/PolyglotValueDispatchFactory$InteropValueFactory$AsTimeZoneNodeGen$Cached0Data
instanceKlass com/oracle/truffle/polyglot/PolyglotValueDispatchFactory$InteropValueFactory$IsTimeZoneNodeGen$Cached0Data
instanceKlass com/oracle/truffle/polyglot/PolyglotValueDispatchFactory$InteropValueFactory$AsTimeNodeGen$Cached0Data
instanceKlass com/oracle/truffle/polyglot/PolyglotValueDispatchFactory$InteropValueFactory$IsTimeNodeGen$Cached0Data
instanceKlass com/oracle/truffle/polyglot/PolyglotValueDispatchFactory$InteropValueFactory$AsDateNodeGen$Cached0Data
instanceKlass com/oracle/truffle/polyglot/PolyglotValueDispatchFactory$InteropValueFactory$IsDateNodeGen$Cached0Data
instanceKlass com/oracle/truffle/polyglot/PolyglotValueDispatchFactory$InteropValueFactory$GetMemberKeysNodeGen$Cached0Data
instanceKlass com/oracle/truffle/polyglot/PolyglotValueDispatchFactory$InteropValueFactory$HasMembersNodeGen$Cached0Data
instanceKlass com/oracle/truffle/polyglot/PolyglotValueDispatchFactory$InteropValueFactory$CanInvokeNodeGen$Cached0Data
instanceKlass com/oracle/truffle/polyglot/PolyglotValueDispatchFactory$InteropValueFactory$CanExecuteNodeGen$Cached0Data
instanceKlass com/oracle/truffle/polyglot/PolyglotValueDispatchFactory$InteropValueFactory$CanInstantiateNodeGen$Cached0Data
instanceKlass com/oracle/truffle/polyglot/PolyglotValueDispatchFactory$InteropValueFactory$NewInstanceNodeGen$Cached1Data
instanceKlass com/oracle/truffle/polyglot/PolyglotValueDispatchFactory$InteropValueFactory$NewInstanceNodeGen$Cached0Data
instanceKlass com/oracle/truffle/polyglot/PolyglotLanguageContext$ToGuestValuesNode
instanceKlass com/oracle/truffle/polyglot/PolyglotValueDispatchFactory$InteropValueFactory$IsNullNodeGen$Cached0Data
instanceKlass com/oracle/truffle/polyglot/PolyglotValueDispatchFactory$InteropValueFactory$RemoveMemberNodeGen$Cached0Data
instanceKlass com/oracle/truffle/polyglot/PolyglotValueDispatchFactory$InteropValueFactory$PutMemberNodeGen$CachedData
instanceKlass com/oracle/truffle/polyglot/PolyglotValueDispatchFactory$InteropValueFactory$GetMemberNodeGen$Cached1Data
instanceKlass com/oracle/truffle/polyglot/PolyglotValueDispatchFactory$InteropValueFactory$GetMemberNodeGen$Cached0Data
instanceKlass com/oracle/truffle/polyglot/PolyglotValueDispatchFactory$InteropValueFactory$HasMemberNodeGen$Cached0Data
instanceKlass com/oracle/truffle/polyglot/PolyglotValueDispatchFactory$InteropValueFactory$WriteBufferDoubleNodeGen$Cached1Data
instanceKlass com/oracle/truffle/polyglot/PolyglotValueDispatchFactory$InteropValueFactory$WriteBufferDoubleNodeGen$Cached0Data
instanceKlass com/oracle/truffle/polyglot/PolyglotValueDispatchFactory$InteropValueFactory$ReadBufferDoubleNodeGen$Cached1Data
instanceKlass com/oracle/truffle/polyglot/PolyglotValueDispatchFactory$InteropValueFactory$ReadBufferDoubleNodeGen$Cached0Data
instanceKlass com/oracle/truffle/polyglot/PolyglotValueDispatchFactory$InteropValueFactory$WriteBufferFloatNodeGen$Cached1Data
instanceKlass com/oracle/truffle/polyglot/PolyglotValueDispatchFactory$InteropValueFactory$WriteBufferFloatNodeGen$Cached0Data
instanceKlass com/oracle/truffle/polyglot/PolyglotValueDispatchFactory$InteropValueFactory$ReadBufferFloatNodeGen$Cached1Data
instanceKlass com/oracle/truffle/polyglot/PolyglotValueDispatchFactory$InteropValueFactory$ReadBufferFloatNodeGen$Cached0Data
instanceKlass com/oracle/truffle/polyglot/PolyglotValueDispatchFactory$InteropValueFactory$WriteBufferLongNodeGen$Cached1Data
instanceKlass com/oracle/truffle/polyglot/PolyglotValueDispatchFactory$InteropValueFactory$WriteBufferLongNodeGen$Cached0Data
instanceKlass com/oracle/truffle/polyglot/PolyglotValueDispatchFactory$InteropValueFactory$ReadBufferLongNodeGen$Cached1Data
instanceKlass com/oracle/truffle/polyglot/PolyglotValueDispatchFactory$InteropValueFactory$ReadBufferLongNodeGen$Cached0Data
instanceKlass com/oracle/truffle/polyglot/PolyglotValueDispatchFactory$InteropValueFactory$WriteBufferIntNodeGen$Cached1Data
instanceKlass com/oracle/truffle/polyglot/PolyglotValueDispatchFactory$InteropValueFactory$WriteBufferIntNodeGen$Cached0Data
instanceKlass com/oracle/truffle/polyglot/PolyglotValueDispatchFactory$InteropValueFactory$ReadBufferIntNodeGen$Cached1Data
instanceKlass com/oracle/truffle/polyglot/PolyglotValueDispatchFactory$InteropValueFactory$ReadBufferIntNodeGen$Cached0Data
instanceKlass com/oracle/truffle/polyglot/PolyglotValueDispatchFactory$InteropValueFactory$WriteBufferShortNodeGen$Cached1Data
instanceKlass com/oracle/truffle/polyglot/PolyglotValueDispatchFactory$InteropValueFactory$WriteBufferShortNodeGen$Cached0Data
instanceKlass com/oracle/truffle/polyglot/PolyglotValueDispatchFactory$InteropValueFactory$ReadBufferShortNodeGen$Cached1Data
instanceKlass com/oracle/truffle/polyglot/PolyglotValueDispatchFactory$InteropValueFactory$ReadBufferShortNodeGen$Cached0Data
instanceKlass com/oracle/truffle/polyglot/PolyglotValueDispatchFactory$InteropValueFactory$WriteBufferByteNodeGen$Cached1Data
instanceKlass com/oracle/truffle/polyglot/PolyglotValueDispatchFactory$InteropValueFactory$WriteBufferByteNodeGen$Cached0Data
instanceKlass com/oracle/truffle/polyglot/PolyglotValueDispatchFactory$InteropValueFactory$ReadBufferByteNodeGen$Cached1Data
instanceKlass com/oracle/truffle/polyglot/PolyglotValueDispatchFactory$InteropValueFactory$ReadBufferByteNodeGen$Cached0Data
instanceKlass com/oracle/truffle/polyglot/PolyglotValueDispatchFactory$InteropValueFactory$GetBufferSizeNodeGen$Cached0Data
instanceKlass com/oracle/truffle/polyglot/PolyglotValueDispatchFactory$InteropValueFactory$IsBufferWritableNodeGen$Cached0Data
instanceKlass com/oracle/truffle/polyglot/PolyglotValueDispatchFactory$InteropValueFactory$HasBufferElementsNodeGen$Cached0Data
instanceKlass com/oracle/truffle/polyglot/PolyglotValueDispatchFactory$InteropValueFactory$GetArraySizeNodeGen$Cached0Data
instanceKlass com/oracle/truffle/polyglot/PolyglotValueDispatchFactory$InteropValueFactory$RemoveArrayElementNodeGen$Cached0Data
instanceKlass com/oracle/truffle/polyglot/PolyglotValueDispatchFactory$InteropValueFactory$SetArrayElementNodeGen$Cached1Data
instanceKlass com/oracle/truffle/polyglot/PolyglotLanguageContext$ToGuestValueNode
instanceKlass com/oracle/truffle/polyglot/PolyglotValueDispatchFactory$InteropValueFactory$SetArrayElementNodeGen$Cached0Data
instanceKlass com/oracle/truffle/polyglot/PolyglotValueDispatchFactory$InteropValueFactory$GetArrayElementNodeGen$Cached1Data
instanceKlass com/oracle/truffle/polyglot/PolyglotValueDispatchFactory$InteropValueFactory$GetArrayElementNodeGen$Cached0Data
instanceKlass com/oracle/truffle/polyglot/PolyglotValueDispatchFactory$InteropValueFactory$HasArrayElementsNodeGen$Cached0Data
instanceKlass com/oracle/truffle/polyglot/PolyglotValueDispatchFactory$InteropValueFactory$AsNativePointerNodeGen$Cached0Data
instanceKlass com/oracle/truffle/polyglot/PolyglotValueDispatchFactory$InteropValueFactory$IsNativePointerNodeGen$Cached0Data
instanceKlass com/oracle/truffle/polyglot/PolyglotToHostNode
instanceKlass com/oracle/truffle/js/nodes/unary/IsCallableNodeGen$TruffleObject0Data
instanceKlass com/oracle/truffle/api/strings/TStringInternalNodesFactory$SubstringNodeGen$CreateLazySubstringData
instanceKlass com/oracle/truffle/api/strings/TStringInternalNodes$CreateSubstringNode
instanceKlass com/oracle/truffle/api/strings/TStringInternalNodes$SubstringNode
instanceKlass com/oracle/truffle/api/strings/TruffleStringFactory$SubstringByteIndexNodeGen$SubstringRawData
instanceKlass com/oracle/truffle/api/strings/TruffleString$SubstringByteIndexNode
instanceKlass com/oracle/truffle/api/strings/TruffleString$ReadCharUTF16Node
instanceKlass com/oracle/truffle/object/DynamicObjectLibraryImpl$MakeSharedNode
instanceKlass com/oracle/truffle/object/DynamicObjectLibraryImpl$SetFlagsNode
instanceKlass com/oracle/truffle/object/DynamicObjectLibraryImpl$SetDynamicTypeNode
instanceKlass com/oracle/truffle/object/DynamicObjectLibraryImpl$ResetShapeNode
instanceKlass com/oracle/truffle/object/DynamicObjectLibraryImpl$KeyCacheNode
instanceKlass com/oracle/truffle/api/strings/TruffleStringFactory$EqualNodeGen$CheckData
instanceKlass com/oracle/truffle/api/strings/TruffleString$EqualNode
instanceKlass com/oracle/truffle/api/strings/TruffleStringBuilder$ToStringNode
instanceKlass com/oracle/truffle/api/strings/TruffleStringBuilder$AppendArrayIntlNode
instanceKlass com/oracle/truffle/api/strings/TruffleStringBuilderFactory$AppendStringNodeGen$AppendData
instanceKlass com/oracle/truffle/api/strings/TruffleStringBuilder$AppendStringNode
instanceKlass com/oracle/truffle/api/strings/TruffleStringFactory$RegionEqualByteIndexNodeGen$RegionEqualsData
instanceKlass com/oracle/truffle/api/strings/TruffleString$RegionEqualByteIndexNode
instanceKlass com/oracle/truffle/api/strings/TStringInternalNodes$CalcStringAttributesInnerNode
instanceKlass com/oracle/truffle/api/strings/TruffleStringFactory$AsTruffleStringNodeGen$FromMutableStringData
instanceKlass com/oracle/truffle/api/strings/TStringInternalNodes$CalcStringAttributesNode
instanceKlass com/oracle/truffle/api/strings/TStringInternalNodes$ConcatMaterializeBytesNode
instanceKlass com/oracle/truffle/api/strings/TStringInternalNodesFactory$ConcatEagerNodeGen$ConcatData
instanceKlass com/oracle/truffle/api/strings/TStringInternalNodes$ConcatEagerNode
instanceKlass com/oracle/truffle/api/strings/TStringInternalNodes$StrideFromCodeRangeNode
instanceKlass com/oracle/truffle/api/strings/TruffleStringFactory$ConcatNodeGen$ConcatData
instanceKlass com/oracle/truffle/api/strings/TruffleStringFactory$ConcatNodeGen$BEmptyMutableData
instanceKlass com/oracle/truffle/api/strings/TStringInternalNodes$FromBufferWithStringCompactionKnownAttributesNode
instanceKlass com/oracle/truffle/api/strings/TruffleStringFactory$ConcatNodeGen$AEmptyMutableData
instanceKlass com/oracle/truffle/api/strings/TruffleString$ConcatNode
instanceKlass com/oracle/truffle/js/nodes/cast/JSToObjectNodeGen$ForeignObjectAllowed0Data
instanceKlass com/oracle/truffle/js/nodes/access/InitErrorObjectNodeFactory$DefineStackPropertyNodeGen$Cached0Data
instanceKlass com/oracle/truffle/js/nodes/JavaScriptBaseNode
instanceKlass com/oracle/truffle/api/strings/MutableTruffleString$CalcLazyAttributesNode
instanceKlass com/oracle/truffle/api/strings/TStringInternalNodes$CreateJavaStringNode
instanceKlass com/oracle/truffle/api/strings/TruffleStringFactory$ToJavaStringNodeGen$MutableData
instanceKlass com/oracle/truffle/api/strings/TStringInternalNodes$ToJavaStringNode
instanceKlass com/oracle/truffle/api/strings/TruffleStringFactory$ToJavaStringNodeGen$UTF16Data
instanceKlass com/oracle/truffle/api/strings/TruffleString$ToJavaStringNode
instanceKlass com/oracle/truffle/api/strings/TStringInternalNodes$GetCodeRangeNode
instanceKlass com/oracle/truffle/api/strings/TStringInternalNodes$GetCodePointLengthNode
instanceKlass com/oracle/truffle/api/strings/TStringInternalNodes$TransCodeNode
instanceKlass com/oracle/truffle/api/strings/TruffleString$AsTruffleStringNode
instanceKlass com/oracle/truffle/api/strings/TruffleString$SwitchEncodingNode
instanceKlass com/oracle/truffle/api/strings/TStringInternalNodes$FromJavaStringUTF16Node
instanceKlass com/oracle/truffle/api/strings/TruffleStringFactory$FromJavaStringNodeGen$UTF16Data
instanceKlass com/oracle/truffle/api/strings/TruffleString$FromJavaStringNode
instanceKlass com/oracle/truffle/api/strings/TStringOpsNodes$CalculateHashCodeNode
instanceKlass com/oracle/truffle/api/strings/TruffleString$ToIndexableNode
instanceKlass com/oracle/truffle/api/strings/TruffleStringFactory$HashCodeNodeGen$CalculateHashData
instanceKlass com/oracle/truffle/api/strings/TruffleString$HashCodeNode
instanceKlass com/oracle/truffle/api/nodes/BlockNode
instanceKlass com/oracle/truffle/api/nodes/LoopNode
instanceKlass com/oracle/truffle/api/nodes/IndirectCallNode
instanceKlass com/oracle/truffle/api/nodes/DirectCallNode
instanceKlass com/oracle/truffle/api/nodes/ExecutableNode
instanceKlass com/oracle/truffle/api/library/Library
ciInstanceKlass com/oracle/truffle/api/nodes/Node 1 1 551 10 8 10 9 10 10 100 10 9 100 10 11 9 10 10 10 10 10 100 8 10 9 10 10 8 10 10 10 10 100 7 18 10 10 100 10 18 10 10 100 10 10 100 10 100 10 10 8 10 8 10 8 10 10 10 10 10 100 11 100 9 10 10 9 10 11 10 100 10 8 10 7 100 10 10 10 10 10 3 8 10 100 10 10 10 18 10 10 11 11 11 11 100 8 8 10 11 100 8 11 10 8 8 10 10 10 10 11 11 11 11 100 100 100 10 9 10 11 10 8 7 10 10 10 7 100 100 100 1 1 100 1 1 1 1 100 1 1 1 1 1 1 1 1 1 1 1 1 1 1 1 1 1 1 1 1 1 1 1 1 1 1 1 1 1 1 1 100 100 1 1 1 1 1 1 1 1 1 1 1 100 1 1 1 1 1 1 1 1 1 1 1 1 1 1 1 1 1 1 1 1 1 1 1 1 1 1 1 1 1 1 1 1 1 1 1 1 1 1 1 1 1 1 1 1 1 1 1 1 1 1 1 1 1 1 1 1 1 1 1 1 1 1 1 1 1 1 1 1 1 1 1 1 1 1 1 1 1 1 1 1 1 7 100 100 1 1 1 1 1 1 100 100 100 1 1 1 1 1 100 1 1 1 1 1 1 1 1 1 1 1 1 12 1 7 12 12 12 7 12 1 12 1 12 12 100 12 12 12 7 12 12 12 1 1 12 100 12 100 12 7 12 1 12 12 12 12 1 1 1 15 8 12 12 1 12 8 12 100 12 1 12 12 1 1 12 12 1 12 1 12 1 12 12 12 12 12 1 12 1 12 100 12 12 100 12 12 100 12 12 1 12 1 12 1 1 12 12 12 12 12 1 12 1 12 12 8 12 12 12 12 100 12 12 12 1 1 1 12 12 1 1 12 12 1 1 12 100 12 12 12 12 12 12 12 1 1 1 12 12 12 12 12 1 1 12 12 12 1 1 1 1 1 1 1 1 1 1 1 1 1 1 1 1 1 1 1 1 1 1 1 1 1 1 1 1 1 1 1 1 1 1 1 100 1 1 1 1 1 1 10 1 1 1 1 1 1 1 1 1 1 1 1 1 1 1 1 1 1 1 1 1 1 1 1 1 1 1 1 1 1 1 1 1 1 1 1 1 1 1 1 1 1 1 1 1 1 1 1 1 1 1 1 1 1 1 1 1 1 1 1 1 1 1 1 1 1 1 1 1 1 100 12 1 100 1 1 100 1 1
staticfield com/oracle/truffle/api/nodes/Node GIL_LOCK Ljava/util/concurrent/locks/ReentrantLock; java/util/concurrent/locks/ReentrantLock
staticfield com/oracle/truffle/api/nodes/Node $assertionsDisabled Z 1
instanceKlass com/oracle/truffle/api/strings/MutableTruffleString
instanceKlass com/oracle/truffle/api/strings/TruffleString
ciInstanceKlass com/oracle/truffle/api/strings/AbstractTruffleString 1 1 1039 10 9 10 9 10 100 10 10 9 10 9 9 9 9 9 9 9 100 7 10 7 10 7 100 10 100 10 10 10 10 10 7 5 0 10 10 9 9 10 10 7 100 10 10 9 10 10 10 10 10 10 9 9 9 10 100 10 10 10 10 10 10 8 10 10 8 10 10 10 10 9 9 10 10 100 8 10 10 10 8 10 8 10 10 10 10 10 10 10 10 10 10 10 10 10 10 10 10 10 10 10 10 10 10 10 10 10 10 10 10 10 10 10 10 10 10 10 10 10 10 10 10 10 10 10 10 10 10 10 10 10 10 10 10 10 10 10 10 10 9 9 10 10 10 10 10 10 10 10 10 10 10 10 10 10 10 10 10 10 10 10 10 10 10 10 10 10 10 10 10 10 10 10 10 10 10 10 10 10 10 10 10 10 10 10 10 10 10 10 10 10 10 10 10 10 10 7 10 10 10 10 10 10 10 10 10 9 10 100 10 10 10 10 10 8 7 10 10 10 10 10 8 10 10 10 10 10 8 10 8 9 8 9 1 1 1 1 1 1 1 1 1 1 1 1 1 1 1 1 1 1 1 1 7 1 1 1 1 1 1 1 1 1 1 1 1 1 1 1 1 1 1 1 1 1 1 1 1 1 1 1 1 1 1 1 1 1 1 1 1 1 1 1 1 1 1 1 1 1 1 1 1 1 1 100 1 1 1 1 1 1 1 1 1 1 1 1 1 1 1 1 100 1 1 1 1 1 1 1 1 1 1 1 1 1 1 1 1 1 1 1 1 1 1 1 1 1 1 1 1 1 1 1 1 1 1 1 100 1 1 1 1 1 1 1 100 1 1 1 1 1 1 1 1 1 1 1 1 1 1 1 1 1 1 1 1 1 1 1 1 1 1 1 1 1 1 1 1 1 1 1 1 1 1 1 1 1 1 1 1 1 1 100 1 1 1 1 1 1 1 1 1 1 1 1 1 1 1 1 1 1 1 1 1 1 1 1 1 1 1 1 1 1 1 1 100 1 1 1 1 1 1 1 1 1 1 1 1 1 1 1 1 1 1 1 1 1 1 1 1 1 1 1 1 1 1 1 1 1 1 1 1 1 1 1 1 1 1 1 1 1 100 1 1 1 1 1 12 12 12 12 12 1 7 12 100 12 100 12 12 12 12 12 12 12 12 1 7 12 1 7 12 1 1 12 1 12 100 12 12 7 12 12 1 12 12 12 12 12 12 1 1 12 12 12 12 12 12 12 12 12 12 12 12 1 12 12 12 100 12 12 12 1 12 12 1 12 12 12 12 12 12 12 12 1 1 12 12 12 1 12 1 12 12 100 12 12 100 12 100 12 12 100 12 100 12 12 100 12 100 12 12 100 12 12 100 12 12 7 12 100 12 12 100 12 12 100 12 12 100 12 12 100 12 100 12 100 12 100 12 12 100 12 12 100 12 12 100 12 12 100 12 100 12 100 12 100 12 12 100 12 12 12 12 100 12 100 12 12 100 12 12 100 12 12 100 12 100 12 12 100 12 12 100 12 12 100 12 12 100 12 12 100 12 7 12 12 12 100 12 12 12 100 12 12 100 12 12 100 12 12 100 12 12 100 12 12 12 12 12 100 12 12 7 12 12 100 12 100 12 12 100 12 12 12 1 7 12 12 7 12 7 12 7 12 12 12 12 12 12 1 12 12 12 12 12 1 1 12 12 12 12 12 1 100 12 12 7 12 1 7 12 1 12 1 12 1 1 100 1 1 1 1 1 1 1 1 1 1 1 1 1 100 1 1 1 1 1 1 1 1 1 1 1 1 1 1 1 1 1 1 1 1 1 1 1 1 1 1 1 1 1 1 1 1 1 1 1 1 1 1 1 1 1 1 1 1 1 1 1 1 1 1 1 1 1 1 1 1 1 1 1 1 1 1 1 1 1 1 1 1 1 1 1 1 1 1 1 1 1 1 1 1 1 1 1 1 1 1 1 1 1 1 1 1 1 1 1 1 1 1 1 1 1 1 1 1 1 1 1 1 1 1 1 1 1 1 1 1 1 1 1 1 1 1 1 1 1 1 1 1 1 1 1 1 1 1 1 1 1 1 1 1 1 1 1 1 1 1 1 1 1 1 1 1 1 1 1 1 1 1 1 1 1 1 1 1 1 1 1 1 1 1 1 1 1 1 1 1 1 1 1 1 1 1 1 1 1 1 1 1 1 1 1 1 1 1 1 1 1 1 1 1 1 1 1 1 1 1 1 1 1 1 1 1 1 1 1 1 1 1 1 1 1 1 1 1 1 1 1 1 1 1 1 1 1 1 1 1 1 1 1 1 1 1 1 1 1 1 1 1 1 1 1 1 1 1 1
staticfield com/oracle/truffle/api/strings/AbstractTruffleString DEBUG_STRICT_ENCODING_CHECKS Z 0
staticfield com/oracle/truffle/api/strings/AbstractTruffleString DEBUG_NON_ZERO_OFFSET Z 0
staticfield com/oracle/truffle/api/strings/AbstractTruffleString DEBUG_ALWAYS_CREATE_JAVA_STRING Z 0
staticfield com/oracle/truffle/api/strings/AbstractTruffleString $assertionsDisabled Z 1
ciInstanceKlass com/oracle/truffle/api/strings/TruffleString 1 1 776 10 7 8 10 100 100 100 10 10 9 100 10 10 9 9 10 9 10 10 10 10 10 10 10 10 10 10 10 10 10 10 10 10 10 10 100 10 100 10 10 9 10 10 10 10 10 10 7 10 10 10 10 10 10 10 100 10 10 10 10 9 10 10 11 9 11 10 10 10 10 10 10 10 10 10 10 10 10 18 10 10 18 10 9 9 10 10 10 9 10 10 10 10 10 10 10 10 9 10 100 10 10 9 11 8 8 10 8 10 11 8 10 10 10 10 10 10 10 10 10 10 10 10 10 10 10 10 10 10 10 10 10 10 7 100 1 1 100 1 100 1 100 1 100 1 100 1 100 1 100 1 100 1 100 1 100 1 100 1 100 1 100 1 100 1 100 1 100 1 100 1 100 1 100 1 100 1 100 1 100 1 100 1 100 1 100 1 100 1 100 1 100 1 100 1 100 1 100 1 100 1 100 1 100 1 100 1 100 1 100 1 100 1 100 1 100 1 100 1 100 1 100 1 100 1 100 1 100 1 100 1 100 1 100 1 100 1 100 1 100 1 100 1 7 1 100 1 100 1 100 1 100 1 100 1 100 1 100 1 7 1 1 1 1 1 1 3 1 1 1 1 1 1 1 1 1 1 1 1 1 1 1 100 1 100 1 1 1 1 1 1 1 1 1 1 1 1 1 100 1 1 1 1 1 1 1 1 1 1 1 1 1 1 1 1 1 1 1 1 1 1 1 1 1 1 1 1 1 1 1 1 1 1 1 1 1 1 1 1 1 1 1 1 1 1 1 1 1 1 1 1 1 1 1 1 1 1 1 1 1 1 1 1 1 1 1 1 1 1 100 1 1 1 1 1 1 1 1 1 1 1 1 1 1 1 1 1 1 1 1 1 1 1 1 1 1 1 1 1 1 1 1 1 1 1 1 1 100 100 100 100 100 100 7 12 1 7 12 1 1 1 12 12 12 1 12 12 12 12 12 12 12 12 7 12 7 12 12 12 12 12 12 12 12 12 12 12 12 12 12 12 12 1 1 100 12 12 12 100 12 100 12 12 12 12 7 12 1 1 12 12 12 12 12 12 1 1 12 12 7 12 7 12 100 12 12 100 12 12 12 12 12 12 12 12 12 100 12 12 100 12 12 100 12 12 1 15 8 12 12 12 8 12 12 12 12 12 12 12 12 12 12 12 12 12 12 12 12 12 7 12 1 12 12 100 12 12 1 1 12 1 12 12 1 12 12 12 12 12 12 12 12 12 12 12 12 12 12 12 12 12 12 12 12 7 12 12 1 1 1 1 1 1 1 1 1 1 1 1 1 1 1 1 1 1 1 1 1 1 1 1 1 1 1 1 1 1 1 1 1 1 1 1 1 1 1 1 1 1 1 1 1 1 1 1 1 1 1 1 1 1 1 1 1 1 1 1 1 1 1 1 1 100 1 1 1 1 1 1 1 1 1 1 1 1 1 1 1 1 1 1 1 1 1 1 1 1 1 1 1 1 1 1 1 1 1 1 1 1 1 1 1 1 1 1 1 1 1 1 1 1 1 1 1 1 1 1 1 1 1 1 1 1 1 1 1 1 1 1 1 1 1 1 1 1 1 1 1 1 100 1 1 1 1 1 1 1 1 1 1 1 1 1 1 100 1 1 1 1 1 1 1 1 10 1 1 1 1 1 1 1 1 1 1 1 1 1 1 1 1 1 1 1 1 1 1 1 1 1 1 1 1 1 1 1 1 1 1 1 1 1 100 12 1 1
staticfield com/oracle/truffle/api/strings/TruffleString NEXT_UPDATER Ljava/lang/invoke/VarHandle; java/lang/invoke/VarHandleReferences$FieldInstanceReadWrite
staticfield com/oracle/truffle/api/strings/TruffleString $assertionsDisabled Z 1
ciInstanceKlass com/oracle/truffle/api/CompilerAsserts 1 1 54 10 10 8 10 100 100 1 1 1 1 1 1 1 1 1 1 1 1 1 1 1 1 1 1 1 1 1 1 1 1 1 1 1 1 1 1 1 1 1 1 1 1 1 12 100 12 1 12 1 1 1 1 1
ciInstanceKlass com/oracle/truffle/api/strings/TruffleString$Encoding 1 1 649 9 10 7 7 10 10 10 9 100 10 10 9 9 9 11 11 9 10 10 9 10 10 10 10 9 9 9 9 10 10 10 9 11 10 9 9 10 9 10 10 10 10 10 10 11 7 10 8 10 9 8 9 8 9 8 9 8 10 9 8 9 8 8 9 8 9 8 9 8 9 8 9 8 9 8 9 8 9 8 9 8 9 8 9 8 9 8 9 8 9 8 9 8 9 8 9 8 9 8 9 8 9 8 9 8 9 8 9 8 9 8 9 8 9 8 9 8 9 8 9 8 9 8 9 8 9 8 9 8 9 8 9 8 9 8 9 8 9 8 9 8 9 8 9 8 9 8 9 8 9 8 9 8 9 8 9 8 9 8 9 8 9 8 9 8 9 8 9 8 9 8 9 8 9 8 9 8 9 8 9 8 9 8 9 8 9 8 9 8 9 8 9 8 9 8 9 8 9 8 9 8 9 8 9 8 9 8 9 8 9 8 9 8 9 8 9 8 9 8 9 8 9 8 9 8 9 8 9 8 9 8 9 8 9 8 9 8 9 8 9 8 9 8 9 8 9 9 9 10 7 11 11 11 10 10 10 7 1 1 1 1 1 1 1 1 1 1 1 1 1 1 1 1 1 1 1 1 1 1 1 1 1 1 1 1 1 1 1 1 1 1 1 1 1 1 1 1 1 1 1 1 1 1 1 1 1 1 1 1 1 1 1 1 1 1 1 1 1 1 1 1 1 1 1 1 1 1 1 1 1 1 1 1 1 1 1 1 1 1 1 1 1 1 1 1 1 1 1 1 1 1 1 1 1 1 1 1 1 1 1 1 1 1 1 1 1 1 1 1 1 1 1 100 1 1 1 3 1 1 1 1 1 1 1 1 1 1 1 1 1 1 1 1 1 1 1 1 1 1 1 1 1 1 1 1 1 1 100 1 1 1 1 1 1 1 1 1 1 1 1 1 1 1 1 1 1 1 1 1 1 1 1 1 1 1 1 1 1 1 12 7 12 1 12 12 12 12 1 12 100 12 12 12 7 12 12 12 12 12 7 12 12 12 12 12 12 12 7 12 12 12 12 12 12 12 7 12 100 12 12 12 12 12 12 12 12 12 12 12 12 1 7 12 7 12 12 12 12 12 12 12 12 12 12 12 12 12 12 12 12 12 12 12 12 12 12 12 12 12 12 12 12 12 12 12 12 12 12 12 12 12 12 12 12 12 12 12 12 12 12 12 12 12 12 12 12 12 12 12 12 12 12 12 12 12 12 12 12 12 12 12 12 12 12 12 12 12 12 12 12 12 12 12 12 12 12 12 12 12 12 12 12 12 12 12 12 12 12 12 12 12 12 12 12 12 12 12 1 12 12 12 12 12 12 1 100 1 1 1 1 1 1 1 1 1 1 1 1 1 1 1 1 1 1 1 1 1 1 1 1 1 1 1 1 1 1 1 1 1 1 1 1 1 1 1 1 1 1
staticfield com/oracle/truffle/api/strings/TruffleString$Encoding UTF_32LE Lcom/oracle/truffle/api/strings/TruffleString$Encoding; com/oracle/truffle/api/strings/TruffleString$Encoding
staticfield com/oracle/truffle/api/strings/TruffleString$Encoding UTF_32BE Lcom/oracle/truffle/api/strings/TruffleString$Encoding; com/oracle/truffle/api/strings/TruffleString$Encoding
staticfield com/oracle/truffle/api/strings/TruffleString$Encoding UTF_16LE Lcom/oracle/truffle/api/strings/TruffleString$Encoding; com/oracle/truffle/api/strings/TruffleString$Encoding
staticfield com/oracle/truffle/api/strings/TruffleString$Encoding UTF_16BE Lcom/oracle/truffle/api/strings/TruffleString$Encoding; com/oracle/truffle/api/strings/TruffleString$Encoding
staticfield com/oracle/truffle/api/strings/TruffleString$Encoding ISO_8859_1 Lcom/oracle/truffle/api/strings/TruffleString$Encoding; com/oracle/truffle/api/strings/TruffleString$Encoding
staticfield com/oracle/truffle/api/strings/TruffleString$Encoding UTF_8 Lcom/oracle/truffle/api/strings/TruffleString$Encoding; com/oracle/truffle/api/strings/TruffleString$Encoding
staticfield com/oracle/truffle/api/strings/TruffleString$Encoding US_ASCII Lcom/oracle/truffle/api/strings/TruffleString$Encoding; com/oracle/truffle/api/strings/TruffleString$Encoding
staticfield com/oracle/truffle/api/strings/TruffleString$Encoding BYTES Lcom/oracle/truffle/api/strings/TruffleString$Encoding; com/oracle/truffle/api/strings/TruffleString$Encoding
staticfield com/oracle/truffle/api/strings/TruffleString$Encoding Big5 Lcom/oracle/truffle/api/strings/TruffleString$Encoding; com/oracle/truffle/api/strings/TruffleString$Encoding
staticfield com/oracle/truffle/api/strings/TruffleString$Encoding Big5_HKSCS Lcom/oracle/truffle/api/strings/TruffleString$Encoding; com/oracle/truffle/api/strings/TruffleString$Encoding
staticfield com/oracle/truffle/api/strings/TruffleString$Encoding Big5_UAO Lcom/oracle/truffle/api/strings/TruffleString$Encoding; com/oracle/truffle/api/strings/TruffleString$Encoding
staticfield com/oracle/truffle/api/strings/TruffleString$Encoding CP51932 Lcom/oracle/truffle/api/strings/TruffleString$Encoding; com/oracle/truffle/api/strings/TruffleString$Encoding
staticfield com/oracle/truffle/api/strings/TruffleString$Encoding CP850 Lcom/oracle/truffle/api/strings/TruffleString$Encoding; com/oracle/truffle/api/strings/TruffleString$Encoding
staticfield com/oracle/truffle/api/strings/TruffleString$Encoding CP852 Lcom/oracle/truffle/api/strings/TruffleString$Encoding; com/oracle/truffle/api/strings/TruffleString$Encoding
staticfield com/oracle/truffle/api/strings/TruffleString$Encoding CP855 Lcom/oracle/truffle/api/strings/TruffleString$Encoding; com/oracle/truffle/api/strings/TruffleString$Encoding
staticfield com/oracle/truffle/api/strings/TruffleString$Encoding CP949 Lcom/oracle/truffle/api/strings/TruffleString$Encoding; com/oracle/truffle/api/strings/TruffleString$Encoding
staticfield com/oracle/truffle/api/strings/TruffleString$Encoding CP950 Lcom/oracle/truffle/api/strings/TruffleString$Encoding; com/oracle/truffle/api/strings/TruffleString$Encoding
staticfield com/oracle/truffle/api/strings/TruffleString$Encoding CP951 Lcom/oracle/truffle/api/strings/TruffleString$Encoding; com/oracle/truffle/api/strings/TruffleString$Encoding
staticfield com/oracle/truffle/api/strings/TruffleString$Encoding EUC_JIS_2004 Lcom/oracle/truffle/api/strings/TruffleString$Encoding; com/oracle/truffle/api/strings/TruffleString$Encoding
staticfield com/oracle/truffle/api/strings/TruffleString$Encoding EUC_JP Lcom/oracle/truffle/api/strings/TruffleString$Encoding; com/oracle/truffle/api/strings/TruffleString$Encoding
staticfield com/oracle/truffle/api/strings/TruffleString$Encoding EUC_KR Lcom/oracle/truffle/api/strings/TruffleString$Encoding; com/oracle/truffle/api/strings/TruffleString$Encoding
staticfield com/oracle/truffle/api/strings/TruffleString$Encoding EUC_TW Lcom/oracle/truffle/api/strings/TruffleString$Encoding; com/oracle/truffle/api/strings/TruffleString$Encoding
staticfield com/oracle/truffle/api/strings/TruffleString$Encoding Emacs_Mule Lcom/oracle/truffle/api/strings/TruffleString$Encoding; com/oracle/truffle/api/strings/TruffleString$Encoding
staticfield com/oracle/truffle/api/strings/TruffleString$Encoding EucJP_ms Lcom/oracle/truffle/api/strings/TruffleString$Encoding; com/oracle/truffle/api/strings/TruffleString$Encoding
staticfield com/oracle/truffle/api/strings/TruffleString$Encoding GB12345 Lcom/oracle/truffle/api/strings/TruffleString$Encoding; com/oracle/truffle/api/strings/TruffleString$Encoding
staticfield com/oracle/truffle/api/strings/TruffleString$Encoding GB18030 Lcom/oracle/truffle/api/strings/TruffleString$Encoding; com/oracle/truffle/api/strings/TruffleString$Encoding
staticfield com/oracle/truffle/api/strings/TruffleString$Encoding GB1988 Lcom/oracle/truffle/api/strings/TruffleString$Encoding; com/oracle/truffle/api/strings/TruffleString$Encoding
staticfield com/oracle/truffle/api/strings/TruffleString$Encoding GB2312 Lcom/oracle/truffle/api/strings/TruffleString$Encoding; com/oracle/truffle/api/strings/TruffleString$Encoding
staticfield com/oracle/truffle/api/strings/TruffleString$Encoding GBK Lcom/oracle/truffle/api/strings/TruffleString$Encoding; com/oracle/truffle/api/strings/TruffleString$Encoding
staticfield com/oracle/truffle/api/strings/TruffleString$Encoding IBM437 Lcom/oracle/truffle/api/strings/TruffleString$Encoding; com/oracle/truffle/api/strings/TruffleString$Encoding
staticfield com/oracle/truffle/api/strings/TruffleString$Encoding IBM737 Lcom/oracle/truffle/api/strings/TruffleString$Encoding; com/oracle/truffle/api/strings/TruffleString$Encoding
staticfield com/oracle/truffle/api/strings/TruffleString$Encoding IBM775 Lcom/oracle/truffle/api/strings/TruffleString$Encoding; com/oracle/truffle/api/strings/TruffleString$Encoding
staticfield com/oracle/truffle/api/strings/TruffleString$Encoding IBM852 Lcom/oracle/truffle/api/strings/TruffleString$Encoding; com/oracle/truffle/api/strings/TruffleString$Encoding
staticfield com/oracle/truffle/api/strings/TruffleString$Encoding IBM855 Lcom/oracle/truffle/api/strings/TruffleString$Encoding; com/oracle/truffle/api/strings/TruffleString$Encoding
staticfield com/oracle/truffle/api/strings/TruffleString$Encoding IBM857 Lcom/oracle/truffle/api/strings/TruffleString$Encoding; com/oracle/truffle/api/strings/TruffleString$Encoding
staticfield com/oracle/truffle/api/strings/TruffleString$Encoding IBM860 Lcom/oracle/truffle/api/strings/TruffleString$Encoding; com/oracle/truffle/api/strings/TruffleString$Encoding
staticfield com/oracle/truffle/api/strings/TruffleString$Encoding IBM861 Lcom/oracle/truffle/api/strings/TruffleString$Encoding; com/oracle/truffle/api/strings/TruffleString$Encoding
staticfield com/oracle/truffle/api/strings/TruffleString$Encoding IBM862 Lcom/oracle/truffle/api/strings/TruffleString$Encoding; com/oracle/truffle/api/strings/TruffleString$Encoding
staticfield com/oracle/truffle/api/strings/TruffleString$Encoding IBM863 Lcom/oracle/truffle/api/strings/TruffleString$Encoding; com/oracle/truffle/api/strings/TruffleString$Encoding
staticfield com/oracle/truffle/api/strings/TruffleString$Encoding IBM864 Lcom/oracle/truffle/api/strings/TruffleString$Encoding; com/oracle/truffle/api/strings/TruffleString$Encoding
staticfield com/oracle/truffle/api/strings/TruffleString$Encoding IBM865 Lcom/oracle/truffle/api/strings/TruffleString$Encoding; com/oracle/truffle/api/strings/TruffleString$Encoding
staticfield com/oracle/truffle/api/strings/TruffleString$Encoding IBM866 Lcom/oracle/truffle/api/strings/TruffleString$Encoding; com/oracle/truffle/api/strings/TruffleString$Encoding
staticfield com/oracle/truffle/api/strings/TruffleString$Encoding IBM869 Lcom/oracle/truffle/api/strings/TruffleString$Encoding; com/oracle/truffle/api/strings/TruffleString$Encoding
staticfield com/oracle/truffle/api/strings/TruffleString$Encoding ISO_8859_10 Lcom/oracle/truffle/api/strings/TruffleString$Encoding; com/oracle/truffle/api/strings/TruffleString$Encoding
staticfield com/oracle/truffle/api/strings/TruffleString$Encoding ISO_8859_11 Lcom/oracle/truffle/api/strings/TruffleString$Encoding; com/oracle/truffle/api/strings/TruffleString$Encoding
staticfield com/oracle/truffle/api/strings/TruffleString$Encoding ISO_8859_13 Lcom/oracle/truffle/api/strings/TruffleString$Encoding; com/oracle/truffle/api/strings/TruffleString$Encoding
staticfield com/oracle/truffle/api/strings/TruffleString$Encoding ISO_8859_14 Lcom/oracle/truffle/api/strings/TruffleString$Encoding; com/oracle/truffle/api/strings/TruffleString$Encoding
staticfield com/oracle/truffle/api/strings/TruffleString$Encoding ISO_8859_15 Lcom/oracle/truffle/api/strings/TruffleString$Encoding; com/oracle/truffle/api/strings/TruffleString$Encoding
staticfield com/oracle/truffle/api/strings/TruffleString$Encoding ISO_8859_16 Lcom/oracle/truffle/api/strings/TruffleString$Encoding; com/oracle/truffle/api/strings/TruffleString$Encoding
staticfield com/oracle/truffle/api/strings/TruffleString$Encoding ISO_8859_2 Lcom/oracle/truffle/api/strings/TruffleString$Encoding; com/oracle/truffle/api/strings/TruffleString$Encoding
staticfield com/oracle/truffle/api/strings/TruffleString$Encoding ISO_8859_3 Lcom/oracle/truffle/api/strings/TruffleString$Encoding; com/oracle/truffle/api/strings/TruffleString$Encoding
staticfield com/oracle/truffle/api/strings/TruffleString$Encoding ISO_8859_4 Lcom/oracle/truffle/api/strings/TruffleString$Encoding; com/oracle/truffle/api/strings/TruffleString$Encoding
staticfield com/oracle/truffle/api/strings/TruffleString$Encoding ISO_8859_5 Lcom/oracle/truffle/api/strings/TruffleString$Encoding; com/oracle/truffle/api/strings/TruffleString$Encoding
staticfield com/oracle/truffle/api/strings/TruffleString$Encoding ISO_8859_6 Lcom/oracle/truffle/api/strings/TruffleString$Encoding; com/oracle/truffle/api/strings/TruffleString$Encoding
staticfield com/oracle/truffle/api/strings/TruffleString$Encoding ISO_8859_7 Lcom/oracle/truffle/api/strings/TruffleString$Encoding; com/oracle/truffle/api/strings/TruffleString$Encoding
staticfield com/oracle/truffle/api/strings/TruffleString$Encoding ISO_8859_8 Lcom/oracle/truffle/api/strings/TruffleString$Encoding; com/oracle/truffle/api/strings/TruffleString$Encoding
staticfield com/oracle/truffle/api/strings/TruffleString$Encoding ISO_8859_9 Lcom/oracle/truffle/api/strings/TruffleString$Encoding; com/oracle/truffle/api/strings/TruffleString$Encoding
staticfield com/oracle/truffle/api/strings/TruffleString$Encoding KOI8_R Lcom/oracle/truffle/api/strings/TruffleString$Encoding; com/oracle/truffle/api/strings/TruffleString$Encoding
staticfield com/oracle/truffle/api/strings/TruffleString$Encoding KOI8_U Lcom/oracle/truffle/api/strings/TruffleString$Encoding; com/oracle/truffle/api/strings/TruffleString$Encoding
staticfield com/oracle/truffle/api/strings/TruffleString$Encoding MacCentEuro Lcom/oracle/truffle/api/strings/TruffleString$Encoding; com/oracle/truffle/api/strings/TruffleString$Encoding
staticfield com/oracle/truffle/api/strings/TruffleString$Encoding MacCroatian Lcom/oracle/truffle/api/strings/TruffleString$Encoding; com/oracle/truffle/api/strings/TruffleString$Encoding
staticfield com/oracle/truffle/api/strings/TruffleString$Encoding MacCyrillic Lcom/oracle/truffle/api/strings/TruffleString$Encoding; com/oracle/truffle/api/strings/TruffleString$Encoding
staticfield com/oracle/truffle/api/strings/TruffleString$Encoding MacGreek Lcom/oracle/truffle/api/strings/TruffleString$Encoding; com/oracle/truffle/api/strings/TruffleString$Encoding
staticfield com/oracle/truffle/api/strings/TruffleString$Encoding MacIceland Lcom/oracle/truffle/api/strings/TruffleString$Encoding; com/oracle/truffle/api/strings/TruffleString$Encoding
staticfield com/oracle/truffle/api/strings/TruffleString$Encoding MacJapanese Lcom/oracle/truffle/api/strings/TruffleString$Encoding; com/oracle/truffle/api/strings/TruffleString$Encoding
staticfield com/oracle/truffle/api/strings/TruffleString$Encoding MacRoman Lcom/oracle/truffle/api/strings/TruffleString$Encoding; com/oracle/truffle/api/strings/TruffleString$Encoding
staticfield com/oracle/truffle/api/strings/TruffleString$Encoding MacRomania Lcom/oracle/truffle/api/strings/TruffleString$Encoding; com/oracle/truffle/api/strings/TruffleString$Encoding
staticfield com/oracle/truffle/api/strings/TruffleString$Encoding MacThai Lcom/oracle/truffle/api/strings/TruffleString$Encoding; com/oracle/truffle/api/strings/TruffleString$Encoding
staticfield com/oracle/truffle/api/strings/TruffleString$Encoding MacTurkish Lcom/oracle/truffle/api/strings/TruffleString$Encoding; com/oracle/truffle/api/strings/TruffleString$Encoding
staticfield com/oracle/truffle/api/strings/TruffleString$Encoding MacUkraine Lcom/oracle/truffle/api/strings/TruffleString$Encoding; com/oracle/truffle/api/strings/TruffleString$Encoding
staticfield com/oracle/truffle/api/strings/TruffleString$Encoding SJIS_DoCoMo Lcom/oracle/truffle/api/strings/TruffleString$Encoding; com/oracle/truffle/api/strings/TruffleString$Encoding
staticfield com/oracle/truffle/api/strings/TruffleString$Encoding SJIS_KDDI Lcom/oracle/truffle/api/strings/TruffleString$Encoding; com/oracle/truffle/api/strings/TruffleString$Encoding
staticfield com/oracle/truffle/api/strings/TruffleString$Encoding SJIS_SoftBank Lcom/oracle/truffle/api/strings/TruffleString$Encoding; com/oracle/truffle/api/strings/TruffleString$Encoding
staticfield com/oracle/truffle/api/strings/TruffleString$Encoding Shift_JIS Lcom/oracle/truffle/api/strings/TruffleString$Encoding; com/oracle/truffle/api/strings/TruffleString$Encoding
staticfield com/oracle/truffle/api/strings/TruffleString$Encoding Stateless_ISO_2022_JP Lcom/oracle/truffle/api/strings/TruffleString$Encoding; com/oracle/truffle/api/strings/TruffleString$Encoding
staticfield com/oracle/truffle/api/strings/TruffleString$Encoding Stateless_ISO_2022_JP_KDDI Lcom/oracle/truffle/api/strings/TruffleString$Encoding; com/oracle/truffle/api/strings/TruffleString$Encoding
staticfield com/oracle/truffle/api/strings/TruffleString$Encoding TIS_620 Lcom/oracle/truffle/api/strings/TruffleString$Encoding; com/oracle/truffle/api/strings/TruffleString$Encoding
staticfield com/oracle/truffle/api/strings/TruffleString$Encoding UTF8_DoCoMo Lcom/oracle/truffle/api/strings/TruffleString$Encoding; com/oracle/truffle/api/strings/TruffleString$Encoding
staticfield com/oracle/truffle/api/strings/TruffleString$Encoding UTF8_KDDI Lcom/oracle/truffle/api/strings/TruffleString$Encoding; com/oracle/truffle/api/strings/TruffleString$Encoding
staticfield com/oracle/truffle/api/strings/TruffleString$Encoding UTF8_MAC Lcom/oracle/truffle/api/strings/TruffleString$Encoding; com/oracle/truffle/api/strings/TruffleString$Encoding
staticfield com/oracle/truffle/api/strings/TruffleString$Encoding UTF8_SoftBank Lcom/oracle/truffle/api/strings/TruffleString$Encoding; com/oracle/truffle/api/strings/TruffleString$Encoding
staticfield com/oracle/truffle/api/strings/TruffleString$Encoding Windows_1250 Lcom/oracle/truffle/api/strings/TruffleString$Encoding; com/oracle/truffle/api/strings/TruffleString$Encoding
staticfield com/oracle/truffle/api/strings/TruffleString$Encoding Windows_1251 Lcom/oracle/truffle/api/strings/TruffleString$Encoding; com/oracle/truffle/api/strings/TruffleString$Encoding
staticfield com/oracle/truffle/api/strings/TruffleString$Encoding Windows_1252 Lcom/oracle/truffle/api/strings/TruffleString$Encoding; com/oracle/truffle/api/strings/TruffleString$Encoding
staticfield com/oracle/truffle/api/strings/TruffleString$Encoding Windows_1253 Lcom/oracle/truffle/api/strings/TruffleString$Encoding; com/oracle/truffle/api/strings/TruffleString$Encoding
staticfield com/oracle/truffle/api/strings/TruffleString$Encoding Windows_1254 Lcom/oracle/truffle/api/strings/TruffleString$Encoding; com/oracle/truffle/api/strings/TruffleString$Encoding
staticfield com/oracle/truffle/api/strings/TruffleString$Encoding Windows_1255 Lcom/oracle/truffle/api/strings/TruffleString$Encoding; com/oracle/truffle/api/strings/TruffleString$Encoding
staticfield com/oracle/truffle/api/strings/TruffleString$Encoding Windows_1256 Lcom/oracle/truffle/api/strings/TruffleString$Encoding; com/oracle/truffle/api/strings/TruffleString$Encoding
staticfield com/oracle/truffle/api/strings/TruffleString$Encoding Windows_1257 Lcom/oracle/truffle/api/strings/TruffleString$Encoding; com/oracle/truffle/api/strings/TruffleString$Encoding
staticfield com/oracle/truffle/api/strings/TruffleString$Encoding Windows_1258 Lcom/oracle/truffle/api/strings/TruffleString$Encoding; com/oracle/truffle/api/strings/TruffleString$Encoding
staticfield com/oracle/truffle/api/strings/TruffleString$Encoding Windows_31J Lcom/oracle/truffle/api/strings/TruffleString$Encoding; com/oracle/truffle/api/strings/TruffleString$Encoding
staticfield com/oracle/truffle/api/strings/TruffleString$Encoding Windows_874 Lcom/oracle/truffle/api/strings/TruffleString$Encoding; com/oracle/truffle/api/strings/TruffleString$Encoding
staticfield com/oracle/truffle/api/strings/TruffleString$Encoding CP50220 Lcom/oracle/truffle/api/strings/TruffleString$Encoding; com/oracle/truffle/api/strings/TruffleString$Encoding
staticfield com/oracle/truffle/api/strings/TruffleString$Encoding CP50221 Lcom/oracle/truffle/api/strings/TruffleString$Encoding; com/oracle/truffle/api/strings/TruffleString$Encoding
staticfield com/oracle/truffle/api/strings/TruffleString$Encoding IBM037 Lcom/oracle/truffle/api/strings/TruffleString$Encoding; com/oracle/truffle/api/strings/TruffleString$Encoding
staticfield com/oracle/truffle/api/strings/TruffleString$Encoding ISO_2022_JP Lcom/oracle/truffle/api/strings/TruffleString$Encoding; com/oracle/truffle/api/strings/TruffleString$Encoding
staticfield com/oracle/truffle/api/strings/TruffleString$Encoding ISO_2022_JP_2 Lcom/oracle/truffle/api/strings/TruffleString$Encoding; com/oracle/truffle/api/strings/TruffleString$Encoding
staticfield com/oracle/truffle/api/strings/TruffleString$Encoding ISO_2022_JP_KDDI Lcom/oracle/truffle/api/strings/TruffleString$Encoding; com/oracle/truffle/api/strings/TruffleString$Encoding
staticfield com/oracle/truffle/api/strings/TruffleString$Encoding UTF_7 Lcom/oracle/truffle/api/strings/TruffleString$Encoding; com/oracle/truffle/api/strings/TruffleString$Encoding
staticfield com/oracle/truffle/api/strings/TruffleString$Encoding UTF_32 Lcom/oracle/truffle/api/strings/TruffleString$Encoding; com/oracle/truffle/api/strings/TruffleString$Encoding
staticfield com/oracle/truffle/api/strings/TruffleString$Encoding UTF_16 Lcom/oracle/truffle/api/strings/TruffleString$Encoding; com/oracle/truffle/api/strings/TruffleString$Encoding
staticfield com/oracle/truffle/api/strings/TruffleString$Encoding ENCODINGS_TABLE [Lcom/oracle/truffle/api/strings/TruffleString$Encoding; 99 [Lcom/oracle/truffle/api/strings/TruffleString$Encoding;
staticfield com/oracle/truffle/api/strings/TruffleString$Encoding J_CODINGS_TABLE [Lcom/oracle/truffle/api/strings/JCodings$Encoding; 99 [Lcom/oracle/truffle/api/strings/JCodings$Encoding;
staticfield com/oracle/truffle/api/strings/TruffleString$Encoding MAX_COMPATIBLE_CODE_RANGE [B 99
staticfield com/oracle/truffle/api/strings/TruffleString$Encoding EMPTY_STRINGS [Lcom/oracle/truffle/api/strings/TruffleString; 99 [Lcom/oracle/truffle/api/strings/TruffleString;
staticfield com/oracle/truffle/api/strings/TruffleString$Encoding J_CODINGS_NAME_MAP Lorg/graalvm/collections/EconomicMap; org/graalvm/collections/EconomicMapImpl
staticfield com/oracle/truffle/api/strings/TruffleString$Encoding $VALUES [Lcom/oracle/truffle/api/strings/TruffleString$Encoding; 99 [Lcom/oracle/truffle/api/strings/TruffleString$Encoding;
staticfield com/oracle/truffle/api/strings/TruffleString$Encoding $assertionsDisabled Z 1
ciInstanceKlass com/oracle/truffle/api/strings/TStringOps 1 1 713 10 10 10 10 10 10 10 10 10 10 10 10 10 10 10 10 10 10 9 100 10 10 10 10 10 10 10 10 10 10 10 10 7 10 10 10 10 10 10 10 10 10 10 10 10 10 10 10 10 10 3 10 10 10 10 10 10 10 10 10 10 10 10 10 10 10 10 10 10 10 10 10 10 10 10 10 9 9 10 10 9 10 10 10 10 10 10 10 10 9 10 10 10 10 10 10 10 10 10 10 10 10 10 10 10 10 10 10 10 10 10 10 10 10 10 10 10 10 10 10 10 10 10 10 10 10 5 0 5 0 10 5 0 10 10 10 10 5 0 10 10 7 9 10 7 9 10 10 10 10 10 10 10 10 100 1 1 1 100 1 1 1 1 3 1 1 1 3 1 1 1 1 1 1 1 1 1 1 1 1 1 1 1 1 1 1 1 1 1 1 1 1 1 1 1 1 1 1 1 1 1 1 1 1 1 1 1 1 1 1 1 1 1 1 1 1 1 1 1 1 1 1 1 1 1 1 1 1 1 1 1 1 1 1 1 1 1 1 1 1 1 1 1 1 1 1 1 1 1 1 1 1 1 1 1 1 1 1 1 1 1 1 1 1 1 1 1 1 1 1 100 7 1 1 1 1 1 1 1 1 1 1 1 1 1 1 1 1 1 1 1 1 1 1 1 1 1 1 1 1 1 1 1 1 1 1 1 1 1 1 1 1 1 1 1 1 1 1 1 1 1 1 1 1 1 1 1 1 1 1 1 1 1 1 1 1 1 1 1 1 1 1 1 1 1 1 1 1 1 1 1 1 1 1 1 1 1 1 1 1 1 1 1 1 1 1 1 1 1 1 1 1 1 1 1 1 1 1 1 1 1 1 1 1 1 1 1 1 1 1 1 1 1 1 1 1 1 1 1 1 1 1 1 1 1 1 1 1 1 1 1 1 1 1 1 1 1 1 1 1 1 1 1 1 1 1 1 1 1 1 1 1 1 1 1 1 1 1 1 1 1 1 1 1 1 1 1 1 1 1 1 1 1 1 1 1 1 1 1 1 1 1 1 1 1 12 12 12 12 12 12 12 12 12 12 12 12 12 12 12 12 12 12 12 1 12 12 12 100 12 12 12 12 12 12 12 12 12 12 12 12 12 12 12 12 12 12 12 12 12 12 12 12 12 12 12 12 12 12 12 7 12 12 12 12 12 12 12 12 12 12 12 12 12 12 12 12 12 12 12 7 12 12 12 12 12 12 12 12 7 12 12 7 12 100 12 100 12 100 12 12 12 12 12 12 12 7 12 12 12 12 7 12 12 12 12 12 12 12 12 12 12 12 12 12 12 12 12 12 12 12 12 12 12 12 12 12 7 12 12 12 12 12 12 12 12 1 12 100 12 1 1 12 12 100 12 12 7 12 12 12 12 7 12 1 1 1 1 1 1 1 1 1 1 1 1 1 1 1 1 1 1 1 1 1 1 1 1 1 1 1 100 1 1 1 1 1 1 1 1 1 1 1 1 1 1 1 1 1 1 1 1 1 1 1 1 1 1 1 1 1 1 1 1 1 1 1 1 1 1 1 1 1 1 1 1 1 1 1 1 1 1 1 1 1 1 1 1 1 1 1 1
staticfield com/oracle/truffle/api/strings/TStringOps UTF_8_STATE_MACHINE [B 364
staticfield com/oracle/truffle/api/strings/TStringOps $assertionsDisabled Z 1
instanceKlass com/oracle/truffle/api/profiles/ConditionProfile$Disabled
ciInstanceKlass com/oracle/truffle/api/profiles/ConditionProfile 1 1 50 10 10 10 9 10 10 7 7 100 1 1 100 1 7 1 1 1 1 1 1 1 1 1 1 1 1 1 1 1 1 1 1 1 1 1 12 12 12 12 12 1 1 1 1 1 1 1 1 1
ciInstanceKlass com/oracle/truffle/api/profiles/ConditionProfile$Disabled 1 1 38 10 9 7 10 7 10 1 1 1 1 1 1 1 1 1 1 1 1 1 1 1 1 1 1 1 1 1 1 1 1 12 12 1 12 1 1 1
staticfield com/oracle/truffle/api/profiles/ConditionProfile$Disabled INSTANCE Lcom/oracle/truffle/api/profiles/ConditionProfile; com/oracle/truffle/api/profiles/ConditionProfile$Disabled
ciInstanceKlass java/lang/NumberFormatException 0 0 75 10 100 12 1 1 1 10 12 1 100 1 100 1 10 8 1 10 12 1 1 8 1 8 1 8 1 10 12 1 10 12 1 1 10 8 1 8 1 11 100 12 1 1 1 10 12 1 1 1 1 5 0 1 1 1 1 1 1 1 1 1 1 1 1 100 1 1 1 1 1 1 1 1 1
ciInstanceKlass java/lang/Long$LongCache 1 1 48 10 100 12 1 1 1 7 1 10 7 12 1 1 1 9 12 1 1 7 1 5 0 10 12 1 9 12 1 1 1 1 1 1 1 1 1 1 1 1 1 1 100 1 1 1 1 1
staticfield java/lang/Long$LongCache cache [Ljava/lang/Long; 256 [Ljava/lang/Long;
instanceKlass com/oracle/truffle/api/strings/TruffleStringFactory$FromJavaStringNodeGen$Uncached
instanceKlass com/oracle/truffle/api/strings/TruffleStringFactory$FromJavaStringNodeGen
ciInstanceKlass com/oracle/truffle/api/strings/TruffleString$FromJavaStringNode 1 1 108 10 10 10 10 10 10 9 10 10 10 10 7 7 1 1 1 1 1 1 1 1 1 1 7 1 1 1 1 1 1 1 1 1 1 1 1 7 1 100 1 1 1 1 1 1 1 1 1 1 1 1 1 1 7 7 100 1 1 1 1 1 1 1 1 1 1 1 1 1 1 1 12 12 12 12 12 12 12 12 12 7 12 12 1 1 1 100 1 1 1 1 1 1 1 1 1 1 1 1 1 1 1 100 1 1 1 1
ciInstanceKlass com/oracle/truffle/api/strings/TruffleStringFactory$FromJavaStringNodeGen 1 1 169 10 9 9 9 9 9 10 10 10 10 11 100 10 10 10 10 100 10 100 10 10 11 9 9 7 10 9 7 10 100 1 1 1 1 1 1 1 1 1 100 1 1 1 1 100 1 1 1 1 1 1 1 1 1 1 100 1 1 1 1 1 1 1 1 1 1 1 1 1 1 1 1 1 1 100 100 100 100 1 1 1 1 1 1 1 1 1 1 1 1 1 7 12 12 12 12 12 12 12 100 12 12 12 12 1 12 100 12 12 100 1 1 12 1 1 100 12 100 12 12 100 12 12 1 12 1 1 1 100 1 1 1 1 1 1 1 1 1 1 1 1 1 1 1 1 1 1 1 1 1 100 1 1 1 1 1 1 1 1 1 1 1 1 1 1 1 1 1
staticfield com/oracle/truffle/api/strings/TruffleStringFactory$FromJavaStringNodeGen UNCACHED Lcom/oracle/truffle/api/strings/TruffleStringFactory$FromJavaStringNodeGen$Uncached; com/oracle/truffle/api/strings/TruffleStringFactory$FromJavaStringNodeGen$Uncached
instanceKlass com/oracle/truffle/api/strings/TStringInternalNodesFactory$FromJavaStringUTF16NodeGen$Uncached
instanceKlass com/oracle/truffle/api/strings/TStringInternalNodesFactory$FromJavaStringUTF16NodeGen
ciInstanceKlass com/oracle/truffle/api/strings/TStringInternalNodes$FromJavaStringUTF16Node 1 1 177 10 10 10 10 9 10 10 10 10 10 10 10 9 100 10 10 10 10 10 10 10 10 10 10 7 10 7 7 1 1 1 1 1 1 1 1 1 1 1 1 1 1 1 1 1 1 1 1 1 1 1 1 1 1 1 1 1 1 1 1 1 1 1 1 1 1 1 1 7 7 100 7 1 1 1 1 1 1 1 1 1 1 1 1 1 12 12 7 12 7 12 7 12 12 7 12 12 12 7 12 7 12 7 12 12 1 12 12 7 12 12 100 12 12 12 12 12 1 7 12 1 1 1 1 1 1 1 1 1 1 1 1 1 1 1 1 1 1 1 1 1 1 1 1 1 1 1 1 1 1 1 1 1 1 1 1 1 1 1 1 1 1 1 1 1 1 1 1 1 1 1 1 1 1 1 1
staticfield com/oracle/truffle/api/strings/TStringInternalNodes$FromJavaStringUTF16Node $assertionsDisabled Z 1
instanceKlass com/oracle/truffle/api/strings/TruffleStringFactory$SwitchEncodingNodeGen$Uncached
instanceKlass com/oracle/truffle/api/strings/TruffleStringFactory$SwitchEncodingNodeGen
ciInstanceKlass com/oracle/truffle/api/strings/TruffleString$SwitchEncodingNode 1 1 215 10 9 10 100 10 10 10 10 9 10 9 10 10 10 10 10 10 10 10 10 10 10 10 9 10 10 10 10 10 10 10 10 10 7 10 7 7 1 1 1 1 1 1 1 1 1 1 1 1 100 1 1 1 1 1 1 1 1 1 1 1 1 1 1 1 100 1 1 1 1 1 1 1 1 100 1 100 1 1 1 1 1 1 1 1 1 1 100 1 100 1 1 1 1 100 1 100 1 1 1 1 1 1 1 1 1 1 1 1 1 100 1 1 1 1 1 1 1 1 1 1 12 12 12 1 12 12 12 12 12 12 100 12 12 12 12 12 12 12 12 12 12 12 100 12 12 12 12 100 12 12 7 12 12 1 7 12 1 1 1 1 1 100 1 1 100 1 1 1 1 1 1 1 1 1 1 1 1 1 1 1 1 1 1 1 1 1 1 1 1 1 1 1 1 1 1 1 1 1 1 1 1 1 1 1 1 100 1 1 1 1 1 1 1
staticfield com/oracle/truffle/api/strings/TruffleString$SwitchEncodingNode $assertionsDisabled Z 1
ciInstanceKlass com/oracle/truffle/api/strings/TruffleStringFactory$FromJavaStringNodeGen$Uncached 1 1 92 10 10 10 10 10 9 100 7 1 1 1 1 1 1 100 1 1 1 1 1 100 1 1 1 1 1 1 1 1 1 1 1 1 1 100 1 1 1 1 1 1 1 1 1 1 1 1 1 1 7 12 7 12 7 12 7 12 12 100 12 1 100 1 1 1 100 1 1 100 1 1 1 100 1 1 1 1 1 1 1 1 1 1 1 1 1 1 1 100 1 1
ciInstanceKlass com/oracle/truffle/api/strings/TStringInternalNodesFactory$FromJavaStringUTF16NodeGen 1 1 112 10 9 9 10 10 10 10 11 10 11 9 9 7 10 9 7 10 100 1 1 1 1 1 1 1 1 100 1 1 1 1 1 1 1 1 1 1 1 1 1 1 1 1 1 1 1 1 1 1 1 1 1 1 100 100 100 100 1 1 1 1 1 1 1 1 1 1 1 1 1 7 12 12 12 12 100 12 12 12 12 100 12 12 100 12 12 1 12 1 100 1 1 1 1 1 1 1 1 1 1 1 1 1 1 1 1 1 1 1 1 1
staticfield com/oracle/truffle/api/strings/TStringInternalNodesFactory$FromJavaStringUTF16NodeGen UNCACHED Lcom/oracle/truffle/api/strings/TStringInternalNodesFactory$FromJavaStringUTF16NodeGen$Uncached; com/oracle/truffle/api/strings/TStringInternalNodesFactory$FromJavaStringUTF16NodeGen$Uncached
ciInstanceKlass com/oracle/truffle/api/strings/TStringInternalNodesFactory$FromJavaStringUTF16NodeGen$Uncached 1 1 68 10 10 10 9 7 7 1 1 1 1 1 1 100 1 1 1 1 1 1 1 1 1 1 1 1 1 1 1 100 1 1 1 1 1 1 1 1 1 1 1 1 1 1 7 12 7 12 12 100 12 1 100 1 1 100 1 1 1 1 1 1 1 1 1 1 1 1
ciInstanceKlass com/oracle/truffle/api/strings/TruffleStringFactory$SwitchEncodingNodeGen 1 1 220 10 9 100 10 10 100 10 9 10 9 9 9 10 9 9 9 10 10 10 10 11 11 10 10 100 10 10 100 10 100 10 100 10 100 100 100 100 10 9 9 9 7 10 9 7 10 100 1 1 1 1 1 1 1 1 100 1 1 1 1 1 100 1 1 1 1 1 1 1 1 1 1 1 1 1 1 1 1 1 1 1 1 1 1 1 1 1 100 1 1 1 1 1 1 1 1 1 1 1 1 1 1 1 1 1 100 100 100 1 1 1 1 1 1 1 1 1 1 1 1 1 7 12 12 1 12 12 1 12 12 12 12 12 12 12 12 12 12 100 12 12 12 12 12 12 12 1 100 12 12 1 100 12 100 1 100 12 1 100 12 1 1 1 1 12 100 12 12 12 1 12 1 1 1 1 1 1 1 1 1 1 1 1 1 1 1 1 1 1 1 1 1 1 1 1 1 1 1 1 1 1 100 1 1 1 1 1 1 1 1 1 1 1 1 1 1 1 1 1
staticfield com/oracle/truffle/api/strings/TruffleStringFactory$SwitchEncodingNodeGen UNCACHED Lcom/oracle/truffle/api/strings/TruffleStringFactory$SwitchEncodingNodeGen$Uncached; com/oracle/truffle/api/strings/TruffleStringFactory$SwitchEncodingNodeGen$Uncached
ciInstanceKlass com/oracle/truffle/api/strings/TruffleStringFactory$SwitchEncodingNodeGen$Uncached 1 1 137 10 100 10 10 100 10 10 10 10 10 10 10 10 10 10 100 100 100 10 9 100 7 1 1 1 1 1 1 100 1 1 1 1 1 100 1 1 1 1 1 1 1 1 1 1 1 1 100 1 1 1 1 1 1 1 1 1 1 1 1 1 1 7 12 1 12 12 1 100 12 12 100 12 100 12 100 12 12 100 12 100 12 12 1 1 1 12 100 12 1 1 1 1 100 1 1 1 1 1 1 1 1 1 1 1 1 1 1 1 1 1 100 1 1 100 1 1 1 1 100 1 1 1 1 1 1 1 1 1 1 1 1 1 1 1 1
ciInstanceKlass jdk/internal/math/FloatingDecimal 1 1 491 100 1 7 1 100 1 10 100 12 1 1 1 10 12 1 1 11 100 12 1 1 1 10 12 1 11 12 1 1 10 12 1 1 11 7 12 1 1 1 11 12 1 1 9 12 1 1 10 100 12 1 1 1 7 1 10 12 1 10 100 12 1 1 1 5 0 5 0 5 0 9 12 1 1 9 12 1 9 12 1 9 12 1 9 12 1 10 100 12 1 1 1 5 0 10 12 1 1 10 12 1 1 10 12 1 1 10 100 12 1 1 1 3 3 3 10 100 12 1 1 3 10 7 12 1 1 10 12 1 1 100 1 8 1 10 12 1 10 12 1 1 9 12 1 1 8 1 10 12 1 1 9 12 1 1 9 12 1 8 1 9 12 1 9 12 1 10 12 1 8 1 3 9 12 1 9 12 1 7 1 10 12 1 100 1 100 1 10 8 1 10 12 1 1 8 1 10 12 1 9 100 12 1 1 1 10 100 12 1 1 1 10 100 12 1 1 1 10 12 1 1 8 1 10 12 1 1 10 12 1 1 8 1 8 1 10 12 1 1 5 0 10 12 1 5 0 5 0 5 0 5 0 100 1 8 1 10 12 1 5 0 5 0 5 0 5 0 8 1 5 0 5 0 5 0 5 0 9 12 1 1 10 10 12 1 1 5 0 5 0 5 0 10 12 1 1 7 1 10 12 1 10 12 1 10 12 1 10 100 12 1 1 1 8 1 10 12 1 10 7 12 1 1 7 1 10 12 1 8 1 10 12 1 7 1 10 6 0 4 6 0 4 6 0 4 6 0 4 1 1 3 1 1 1 5 0 1 3 1 3 1 3 1 3 1 3 1 3 1 3 1 3 1 1 3 1 3 1 3 1 3 1 3 1 1 1 1 1 1 1 1 1 1 1 1 1 1 1 1 1 1 1 1 1 1 1 1 1 1 1 1 1 1 1 1 1 1 1 1 1 1 1 1 1 1 1 1 1 1 1 1 1 1 1 1 1 1 1 1 1 1 1 100 1 1 1 1 1 1 1 1 1 1 1 1 1 1 1 1 1 1 1 1 1 1 1 1 1 1 1 1 1 1 1 1 1 1 1 1 1 1 1 1 1 1 1 1 1 1 1
staticfield jdk/internal/math/FloatingDecimal INFINITY_LENGTH I 8
staticfield jdk/internal/math/FloatingDecimal NAN_LENGTH I 3
staticfield jdk/internal/math/FloatingDecimal B2AC_POSITIVE_INFINITY Ljdk/internal/math/FloatingDecimal$BinaryToASCIIConverter; jdk/internal/math/FloatingDecimal$ExceptionalBinaryToASCIIBuffer
staticfield jdk/internal/math/FloatingDecimal B2AC_NEGATIVE_INFINITY Ljdk/internal/math/FloatingDecimal$BinaryToASCIIConverter; jdk/internal/math/FloatingDecimal$ExceptionalBinaryToASCIIBuffer
staticfield jdk/internal/math/FloatingDecimal B2AC_NOT_A_NUMBER Ljdk/internal/math/FloatingDecimal$BinaryToASCIIConverter; jdk/internal/math/FloatingDecimal$ExceptionalBinaryToASCIIBuffer
staticfield jdk/internal/math/FloatingDecimal B2AC_POSITIVE_ZERO Ljdk/internal/math/FloatingDecimal$BinaryToASCIIConverter; jdk/internal/math/FloatingDecimal$BinaryToASCIIBuffer
staticfield jdk/internal/math/FloatingDecimal B2AC_NEGATIVE_ZERO Ljdk/internal/math/FloatingDecimal$BinaryToASCIIConverter; jdk/internal/math/FloatingDecimal$BinaryToASCIIBuffer
staticfield jdk/internal/math/FloatingDecimal threadLocalBinaryToASCIIBuffer Ljava/lang/ThreadLocal; jdk/internal/math/FloatingDecimal$1
staticfield jdk/internal/math/FloatingDecimal A2BC_POSITIVE_INFINITY Ljdk/internal/math/FloatingDecimal$ASCIIToBinaryConverter; jdk/internal/math/FloatingDecimal$PreparedASCIIToBinaryBuffer
staticfield jdk/internal/math/FloatingDecimal A2BC_NEGATIVE_INFINITY Ljdk/internal/math/FloatingDecimal$ASCIIToBinaryConverter; jdk/internal/math/FloatingDecimal$PreparedASCIIToBinaryBuffer
staticfield jdk/internal/math/FloatingDecimal A2BC_NOT_A_NUMBER Ljdk/internal/math/FloatingDecimal$ASCIIToBinaryConverter; jdk/internal/math/FloatingDecimal$PreparedASCIIToBinaryBuffer
staticfield jdk/internal/math/FloatingDecimal A2BC_POSITIVE_ZERO Ljdk/internal/math/FloatingDecimal$ASCIIToBinaryConverter; jdk/internal/math/FloatingDecimal$PreparedASCIIToBinaryBuffer
staticfield jdk/internal/math/FloatingDecimal A2BC_NEGATIVE_ZERO Ljdk/internal/math/FloatingDecimal$ASCIIToBinaryConverter; jdk/internal/math/FloatingDecimal$PreparedASCIIToBinaryBuffer
staticfield jdk/internal/math/FloatingDecimal $assertionsDisabled Z 1
ciInstanceKlass jdk/internal/math/FloatingDecimal$ASCIIToBinaryConverter 1 0 16 100 1 100 1 1 1 1 1 1 1 1 100 1 1 1
ciInstanceKlass jdk/internal/math/FloatingDecimal$ASCIIToBinaryBuffer 1 1 320 7 1 10 7 12 1 1 1 9 7 12 1 1 1 9 12 1 1 9 12 1 1 9 12 1 10 7 12 1 1 1 5 0 9 12 1 9 12 1 1 100 1 6 0 6 0 9 12 1 10 12 1 1 6 0 6 0 6 0 9 12 1 6 0 7 1 10 12 1 10 12 1 1 10 12 1 10 12 1 1 10 12 1 100 1 5 0 5 0 9 12 1 100 1 10 12 1 10 7 12 1 1 1 10 12 1 10 12 1 1 10 12 1 1 10 12 1 1 10 12 1 1 10 12 1 10 12 1 5 0 5 0 5 0 10 12 1 1 9 12 1 9 12 1 1 100 1 4 4 4 4 4 10 12 1 10 12 10 12 1 1 100 1 3 3 10 12 1 10 100 12 1 1 10 12 3 3 10 12 1 1 10 7 12 1 1 1 6 0 6 0 6 0 6 0 6 0 6 0 6 0 6 0 6 0 6 0 6 0 6 0 6 0 6 0 6 0 6 0 6 0 6 0 6 0 6 0 6 0 6 0 4 4 4 4 4 4 4 4 4 4 6 0 6 0 6 0 6 0 6 0 6 0 6 0 6 0 6 0 100 1 1 1 1 1 1 1 1 1 1 1 1 1 1 1 1 1 1 1 1 1 1 1 1 1 1 1 1 1 1 1 1 1 1 1 1 1 1 1 1 1 1 1 1 1 1 1 1 1 1 1 1 1 1 1 1 1 1 1
staticfield jdk/internal/math/FloatingDecimal$ASCIIToBinaryBuffer SMALL_10_POW [D 23
staticfield jdk/internal/math/FloatingDecimal$ASCIIToBinaryBuffer SINGLE_SMALL_10_POW [F 11
staticfield jdk/internal/math/FloatingDecimal$ASCIIToBinaryBuffer BIG_10_POW [D 5
staticfield jdk/internal/math/FloatingDecimal$ASCIIToBinaryBuffer TINY_10_POW [D 5
staticfield jdk/internal/math/FloatingDecimal$ASCIIToBinaryBuffer MAX_SMALL_TEN I 22
staticfield jdk/internal/math/FloatingDecimal$ASCIIToBinaryBuffer SINGLE_MAX_SMALL_TEN I 10
staticfield jdk/internal/math/FloatingDecimal$ASCIIToBinaryBuffer $assertionsDisabled Z 1
ciInstanceKlass com/oracle/truffle/api/strings/TStringUnsafe 1 1 321 10 10 10 9 10 7 10 100 100 18 10 10 7 7 8 10 10 100 8 9 9 100 10 9 10 7 9 10 10 100 8 10 100 8 10 10 9 10 10 10 10 10 10 10 10 10 10 10 10 10 10 10 10 10 10 9 10 7 10 10 10 8 10 8 10 8 8 10 100 1 1 1 1 1 1 1 1 1 1 1 1 1 1 1 1 1 1 1 1 100 1 1 1 1 1 1 1 1 1 1 1 1 1 1 1 1 1 1 1 1 1 1 1 1 1 1 1 1 1 1 1 1 1 1 1 1 1 1 1 1 1 1 1 1 1 100 1 1 1 1 1 1 1 1 1 1 1 1 1 1 1 1 1 1 1 1 1 1 1 1 1 1 1 1 1 1 1 1 1 1 1 1 1 1 1 1 1 1 1 1 1 12 7 12 7 12 12 12 1 7 12 1 1 1 15 8 12 12 12 1 1 1 7 12 12 1 1 12 12 1 12 12 12 12 12 1 1 100 12 1 1 12 12 12 12 12 12 12 100 12 12 12 12 12 12 12 12 12 12 12 12 12 12 12 12 1 12 12 1 12 1 1 12 1 1 1 1 1 1 1 1 1 1 1 10 1 1 1 1 1 1 1 1 1 1 1 1 1 1 1 1 1 1 1 1 1 1 1 1 1 1 1 1 1 1 1 1 1 1 1 1 1 1 1 1 1 1 1 1 1 1 100 12 1 100 1 1 100 1 1
staticfield com/oracle/truffle/api/strings/TStringUnsafe JAVA_SPEC I 17
staticfield com/oracle/truffle/api/strings/TStringUnsafe UNSAFE Lsun/misc/Unsafe; sun/misc/Unsafe
staticfield com/oracle/truffle/api/strings/TStringUnsafe javaStringValueFieldOffset J 20
staticfield com/oracle/truffle/api/strings/TStringUnsafe javaStringCoderFieldOffset J 16
staticfield com/oracle/truffle/api/strings/TStringUnsafe javaStringHashFieldOffset J 12
staticfield com/oracle/truffle/api/strings/TStringUnsafe $assertionsDisabled Z 1
ciInstanceKlass com/oracle/truffle/api/strings/TStringConstants 1 1 170 100 7 10 10 10 10 10 10 9 9 10 10 9 9 9 9 10 9 9 9 10 10 3 10 3 10 9 7 10 10 100 7 7 10 100 1 1 1 3 1 3 1 3 1 1 1 100 1 1 1 1 3 1 1 3 1 1 1 1 1 1 1 1 3 1 1 1 1 1 1 1 1 7 1 1 1 1 1 1 1 1 1 1 1 1 1 1 1 1 1 1 1 1 1 1 1 1 1 1 1 1 12 7 12 7 12 12 12 12 7 12 12 12 12 12 12 12 12 12 12 12 12 12 12 100 12 100 12 12 12 12 1 1 1 12 1 100 1 1 1 1 1 1 1 1 1 1 1 1 1 1 1 1 1 1 1 1 1 1 1 1 1 1 1 1 1 1 1 1
staticfield com/oracle/truffle/api/strings/TStringConstants EMPTY_BYTES [B 0
staticfield com/oracle/truffle/api/strings/TStringConstants SINGLE_BYTE_ARRAYS [[B 256 [[B
staticfield com/oracle/truffle/api/strings/TStringConstants INFINITY_BYTES [B 8
staticfield com/oracle/truffle/api/strings/TStringConstants NaN_BYTES [B 3
staticfield com/oracle/truffle/api/strings/TStringConstants INFINITY Lcom/oracle/truffle/api/strings/TruffleString; com/oracle/truffle/api/strings/TruffleString
staticfield com/oracle/truffle/api/strings/TStringConstants NaN Lcom/oracle/truffle/api/strings/TruffleString; com/oracle/truffle/api/strings/TruffleString
staticfield com/oracle/truffle/api/strings/TStringConstants SINGLE_BYTE [[Lcom/oracle/truffle/api/strings/TruffleString; 6 [[Lcom/oracle/truffle/api/strings/TruffleString;
ciInstanceKlass com/oracle/truffle/api/strings/Stride 1 1 57 10 10 10 10 10 10 10 7 100 1 1 1 1 1 1 1 1 1 1 1 1 1 1 100 1 1 1 1 1 1 1 1 1 1 1 12 7 12 12 12 12 7 12 12 1 1 100 1 1 1 1 1 1 1 1 1
ciInstanceKlass com/oracle/truffle/api/strings/StringAttributes 1 1 27 10 100 100 1 1 1 1 1 1 1 1 1 1 1 1 1 1 1 1 1 1 1 1 12 1 1
ciInstanceKlass java/math/BigInteger 1 1 1502 7 1 10 7 12 1 1 1 100 1 8 1 10 12 1 10 100 12 1 1 1 10 7 12 1 1 1 9 12 1 1 9 12 1 1 10 12 1 3 10 12 1 10 12 1 10 12 1 10 12 1 8 1 8 1 10 12 1 10 12 1 10 7 12 1 1 1 7 1 8 1 10 12 1 1 8 1 10 12 1 1 10 12 1 1 9 12 1 1 9 12 1 1 5 0 5 0 10 12 1 9 12 1 10 12 1 1 10 12 1 1 8 1 9 12 1 10 12 1 1 10 12 1 10 12 1 5 0 10 12 1 10 12 1 1 10 7 12 1 1 1 100 1 8 1 10 5 0 5 0 10 100 12 1 1 1 100 1 8 1 10 10 12 1 1 10 12 1 10 12 1 10 12 1 9 12 1 10 12 1 1 10 12 1 1 5 0 5 0 5 0 5 0 5 0 5 0 5 0 5 0 5 0 5 0 10 12 1 1 10 12 1 10 12 1 1 10 12 1 100 1 10 12 1 10 12 1 1 10 12 1 10 12 1 1 10 12 1 100 1 10 8 1 10 12 1 1 10 12 1 10 12 1 1 9 12 1 10 12 1 1 9 12 1 10 12 1 1 10 12 1 3 8 1 3 10 7 12 1 1 1 10 12 1 10 12 1 1 10 12 1 1 10 12 1 10 12 1 1 10 12 1 10 12 1 9 12 1 1 100 1 10 10 12 1 10 12 1 1 10 12 1 10 12 1 10 100 12 1 1 1 10 12 1 1 10 12 1 1 8 1 5 0 9 12 1 1 5 0 9 12 1 10 12 1 10 12 1 10 12 1 10 12 1 10 12 10 100 12 1 1 10 12 1 10 12 1 10 12 10 12 10 12 1 10 100 12 1 1 1 10 12 1 10 12 1 10 12 1 1 10 12 1 1 10 12 1 10 12 1 5 0 10 12 1 10 12 1 10 12 1 10 12 1 1 10 12 1 1 100 1 5 0 10 12 1 10 12 1 10 12 1 1 100 1 10 12 1 10 12 1 10 12 1 10 12 1 10 12 10 12 1 1 10 12 1 10 12 5 0 5 0 10 12 1 10 12 1 1 10 12 1 5 0 10 12 1 10 12 1 1 10 12 1 1 8 1 10 12 1 8 1 8 1 10 12 1 1 10 12 1 1 10 12 1 10 12 1 10 12 1 100 1 10 10 10 12 1 10 12 1 10 12 1 1 10 12 1 10 12 1 10 12 1 10 12 1 10 12 1 10 12 10 12 1 8 1 5 0 9 12 1 5 0 5 0 5 0 8 1 10 12 1 1 10 12 10 12 10 12 1 1 10 12 1 10 12 1 10 12 1 10 12 1 10 12 1 1 10 12 1 8 1 10 12 1 10 12 1 1 10 12 1 3 10 12 1 10 12 1 10 12 1 10 12 1 1 10 12 1 1 10 12 1 10 12 1 1 10 12 1 1 8 1 8 1 10 100 12 1 1 3 9 12 1 10 12 1 10 12 1 10 12 1 10 12 1 1 10 12 1 10 12 1 10 12 1 3 10 12 1 10 12 1 1 10 12 1 10 12 1 10 12 1 8 1 8 1 8 1 8 1 10 12 1 10 12 1 10 12 1 10 12 1 10 12 1 10 12 1 10 12 1 8 1 9 12 1 9 12 1 9 12 1 8 1 9 12 1 1 9 12 1 1 10 12 1 1 10 10 12 1 10 12 1 9 12 1 9 12 1 1 10 12 1 10 12 1 1 9 12 1 10 12 1 9 12 1 10 12 10 12 1 1 10 12 1 10 12 1 1 10 12 1 1 10 12 1 9 12 1 1 10 12 1 7 10 12 1 10 100 10 12 1 100 1 4 4 100 1 3 10 12 1 1 100 1 6 0 6 0 100 1 5 0 10 12 1 1 10 12 1 10 12 1 9 12 1 10 100 12 1 1 1 8 10 100 12 1 1 8 1 10 12 1 1 8 1 100 1 10 8 1 10 12 1 7 1 10 8 1 8 1 8 1 10 100 12 1 1 1 100 1 8 1 10 10 100 12 1 1 1 10 100 12 1 1 10 12 1 1 10 12 1 8 8 8 1 8 1 10 12 1 8 1 8 1 100 1 10 12 1 1 8 1 100 1 10 12 1 1 8 1 10 7 12 1 1 5 0 5 0 5 0 5 0 5 0 5 0 5 0 5 0 5 0 5 0 5 0 5 0 5 0 5 0 5 0 5 0 5 0 5 0 5 0 5 0 5 0 5 0 5 0 5 0 5 0 5 0 5 0 5 0 5 0 5 0 5 0 5 0 5 0 5 0 5 0 5 0 6 0 5 0 5 0 5 0 9 12 1 3 10 12 1 5 0 5 0 5 0 5 0 5 0 5 0 5 0 5 0 5 0 5 0 5 0 5 0 5 0 5 0 5 0 5 0 5 0 5 0 5 0 5 0 5 0 5 0 5 0 5 0 5 0 5 0 5 0 5 0 5 0 5 0 3 3 3 3 3 3 3 3 3 3 3 3 3 3 3 3 3 3 3 3 3 3 3 3 3 3 3 3 3 3 3 7 1 9 12 1 1 10 12 1 9 12 1 1 100 1 1 1 1 1 1 3 1 3 1 3 1 3 1 3 1 1 3 1 3 1 1 3 1 3 1 3 1 3 1 1 1 5 0 1 1 1 1 1 1 1 1 1 1 1 1 1 1 1 1 1 1 1 1 1 1 1 100 1 1 1 1 1 1 1 1 1 1 1 1 1 1 1 1 1 100 1 1 1 1 1 1 1 1 1 1 1 1 1 1 1 1 1 1 1 1 1 1 1 1 1 1 1 1 1 1 1 1 1 1 1 1 1 1 1 1 1 1 1 1 1 1 1 1 1 1 1 1 1 1 1 1 1 1 1 1 1 1 1 1 1 1 1 1 1 1 1 1 1 1 1 1 1 1 1 1 1 1 1 1 1 1 1 1 1 1 1 1 1 1 1 1 1 1 1 1 1 1 1 1 1 1 1 100 1 1 1 1 1 1 1 1 1 1 1 1 1 1 1 1 1 1 1 1 1 1 1 1 1 1 1 1 1 1 1 1 1 1 1 1 1 1 1 1 1 1 1 1 1 1 1 1 1 100 1 1 1 1 1 1 1 1 1 1 1 1 1 1 1 1 1 1 1 1 1 1 1 1 1 1 1 1 1 1 1 1 1 1 1 1 1 1 1 1 1 1 1 1 1 1 1 1 1 1 1 1 1 1 1 1 1 1 1 1 100 1 1 1 1 1 1 1 1 1 1 1 1 1 1 1 1 1 1 1 1 1 1 1 1 1 1 1 1 1 1 1 1 1 1 1 1 1 1 1 100 1 100 1 1 100 1 1 1 1 1 1 1 1 1 1 1 1 1 1 1 1 1 1 1 1 1
staticfield java/math/BigInteger SMALL_PRIME_PRODUCT Ljava/math/BigInteger; java/math/BigInteger
staticfield java/math/BigInteger posConst [Ljava/math/BigInteger; 17 [Ljava/math/BigInteger;
staticfield java/math/BigInteger negConst [Ljava/math/BigInteger; 17 [Ljava/math/BigInteger;
staticfield java/math/BigInteger logCache [D 37
staticfield java/math/BigInteger LOG_TWO D 4604418534313441775
staticfield java/math/BigInteger ZERO Ljava/math/BigInteger; java/math/BigInteger
staticfield java/math/BigInteger ONE Ljava/math/BigInteger; java/math/BigInteger
staticfield java/math/BigInteger TWO Ljava/math/BigInteger; java/math/BigInteger
staticfield java/math/BigInteger NEGATIVE_ONE Ljava/math/BigInteger; java/math/BigInteger
staticfield java/math/BigInteger TEN Ljava/math/BigInteger; java/math/BigInteger
staticfield java/math/BigInteger ZEROS Ljava/lang/String; "000000000000000000000000000000000000000000000000000000000000000"staticfield java/math/BigInteger serialPersistentFields [Ljava/io/ObjectStreamField; 6 [Ljava/io/ObjectStreamField;
staticfield java/math/BigInteger $assertionsDisabled Z 1
ciInstanceKlass java/lang/CharacterData00 1 1 250 9 7 12 1 1 1 9 12 1 1 9 12 1 9 12 1 10 12 1 1 10 12 1 10 12 1 1 3 3 3 3 3 3 3 3 3 3 3 3 3 3 3 3 3 3 3 3 3 3 3 3 3 3 3 3 3 3 3 3 3 3 3 3 3 3 3 3 3 3 3 3 3 3 3 3 3 3 3 3 3 3 3 3 3 3 3 3 3 3 3 3 3 3 3 3 3 3 3 3 3 3 3 3 3 3 3 3 3 3 3 3 3 3 3 3 3 3 3 3 3 3 3 3 3 3 3 10 12 1 100 1 3 3 3 3 10 12 1 9 12 1 1 10 7 12 1 1 1 10 7 12 1 1 1 9 12 1 1 10 9 12 1 1 8 1 10 7 12 1 1 1 8 1 8 1 7 1 7 3 3 3 3 3 3 3 3 3 3 3 3 8 1 100 1 10 1 1 1 1 1 1 1 1 1 1 1 1 1 1 1 1 1 1 1 1 1 1 1 1 1 1 1 1 1 1 1 1 1 1 1 1 1 1 1 1 1 1 1 1 1 1 1 1 1 1 1 1 1 1
staticfield java/lang/CharacterData00 instance Ljava/lang/CharacterData00; java/lang/CharacterData00
staticfield java/lang/CharacterData00 charMap [[[C 103 [[[C
staticfield java/lang/CharacterData00 X [C 2048
staticfield java/lang/CharacterData00 Y [C 5856
staticfield java/lang/CharacterData00 A [I 972
staticfield java/lang/CharacterData00 B [C 972
staticfield java/lang/CharacterData00 $assertionsDisabled Z 1
ciInstanceKlass com/mongodb/internal/connection/ScramShaAuthenticator$CacheKey 1 1 51 10 7 12 1 1 1 9 7 12 1 1 1 9 12 1 9 12 1 1 10 12 1 1 10 100 12 1 1 1 10 12 1 1 1 1 1 1 1 1 1 1 1 1 1 1 1 1 100 1 1
ciInstanceKlass com/oracle/js/parser/Source 1 1 280 10 9 9 9 11 11 7 10 7 10 10 10 10 10 9 10 10 11 10 10 10 10 10 11 9 11 10 10 10 10 100 10 10 10 10 10 7 10 9 10 9 9 10 8 10 9 10 10 10 10 10 10 10 100 100 10 10 10 7 1 1 7 1 1 1 1 3 1 1 1 1 1 1 1 1 1 1 1 1 1 1 1 1 1 1 1 1 1 1 1 1 1 1 1 1 1 1 1 1 1 1 1 1 1 1 1 1 1 1 1 1 1 1 1 1 1 1 1 1 1 1 1 1 1 1 1 1 1 1 1 1 1 1 1 1 1 1 1 1 1 1 1 1 1 1 1 100 100 1 100 1 1 1 1 1 1 100 1 1 1 1 1 1 100 100 1 1 1 1 1 1 1 12 12 12 12 12 12 1 12 1 12 12 12 100 12 12 12 12 12 12 12 100 12 12 12 12 12 12 12 12 12 1 100 12 12 12 12 1 12 100 12 12 12 12 12 1 12 12 12 12 100 100 12 12 12 12 1 1 12 12 12 1 1 1 1 1 1 1 1 1 1 1 1 1 1 1 1 1 1 1 1 1 1 1 1 1 1 1 1 1 1 1 1 1 1 1 1 1 1 1 1 1 1 1 1 1 1 1
ciInstanceKlass com/oracle/js/parser/Source$Data 1 0 22 100 100 1 1 1 1 1 1 1 1 1 1 1 1 1 100 1 1 1 1 1
ciInstanceKlass com/oracle/js/parser/Source$RawData 1 1 84 10 11 9 9 10 10 9 10 7 10 10 10 7 100 1 1 1 1 1 1 1 1 1 1 1 1 1 1 1 1 1 1 1 1 1 100 1 1 1 1 1 1 1 1 1 1 1 1 1 1 1 1 1 1 1 1 1 1 7 12 7 12 12 12 12 12 12 7 12 1 12 12 12 1 1 1 1 1 1 1 1 1 1
ciInstanceKlass com/oracle/js/parser/ParserStrings 1 1 44 10 10 9 10 10 7 100 1 1 1 1 1 1 1 1 1 1 1 1 1 1 1 1 1 12 12 7 12 7 12 12 1 1 1 1 1 1 1 1 1 1 1 1
ciInstanceKlass com/oracle/js/parser/TokenType 1 1 1020 9 10 7 7 10 10 10 10 9 9 9 10 9 9 9 9 9 9 9 100 8 10 10 10 9 10 10 10 10 9 10 9 10 9 9 10 8 9 10 9 8 9 8 9 8 9 8 9 8 9 8 9 8 8 9 8 8 9 8 8 9 8 8 9 8 8 9 8 8 9 8 8 9 8 8 9 8 9 8 9 8 8 9 8 8 9 8 8 9 8 8 9 8 8 9 8 8 9 8 8 9 8 8 9 8 8 9 8 8 9 8 8 9 8 8 9 8 8 9 8 8 9 8 8 9 8 8 9 8 8 9 8 8 9 8 8 9 8 8 9 8 8 9 8 8 9 8 8 9 8 8 9 8 8 9 8 8 9 8 8 9 8 8 9 8 8 9 8 8 9 8 8 9 8 8 9 8 8 9 8 8 9 8 8 9 8 8 9 8 8 9 8 8 9 8 8 9 8 8 9 8 8 9 8 8 9 8 8 9 8 8 9 8 8 9 8 8 9 8 8 9 8 8 9 8 8 9 8 8 9 8 8 9 8 8 9 8 8 9 8 9 8 9 8 8 9 8 8 9 8 9 8 9 8 8 9 8 8 9 8 8 9 8 8 9 8 8 9 8 8 9 8 8 9 8 8 9 8 8 9 8 8 9 8 9 8 9 8 8 9 8 8 9 8 8 9 8 8 9 8 8 9 8 8 9 8 8 9 8 8 9 8 8 8 8 9 8 8 9 8 8 9 8 8 9 8 8 9 8 8 9 8 8 9 8 8 9 8 8 9 8 8 9 8 8 9 8 8 9 8 8 9 8 8 9 8 8 9 8 8 9 8 8 9 8 8 9 8 8 9 8 8 9 8 8 9 8 8 9 8 8 9 8 8 9 8 8 9 8 9 8 9 8 9 8 9 8 9 8 9 8 9 8 9 8 9 8 9 8 9 8 9 8 9 8 9 8 9 8 9 8 9 8 9 8 9 8 9 8 9 8 9 9 8 9 8 9 8 9 8 9 8 9 8 9 8 9 8 9 10 7 7 1 1 1 1 1 1 1 1 1 1 1 1 1 1 1 1 1 1 1 1 1 1 1 1 1 1 1 1 1 1 1 1 1 1 1 1 1 1 1 1 1 1 1 1 1 1 1 1 1 1 1 1 1 1 1 1 1 1 1 1 1 1 1 1 1 1 1 1 1 1 1 1 1 1 1 1 1 1 1 1 1 1 1 1 1 1 1 1 1 1 1 1 1 1 1 1 1 1 1 1 1 1 1 1 1 1 1 1 1 1 1 1 1 1 1 1 1 1 1 1 1 1 1 1 1 1 1 1 1 1 1 1 1 1 1 1 1 1 1 1 1 1 1 1 1 1 1 1 1 1 1 1 1 1 1 1 1 1 1 1 1 1 1 1 1 1 1 1 1 1 1 1 1 1 1 1 1 1 1 1 1 1 1 1 7 7 100 1 1 1 1 1 1 1 1 1 1 1 1 1 1 1 1 1 1 1 1 1 1 1 1 1 1 1 1 1 1 1 1 1 1 1 1 1 1 1 12 7 12 1 12 12 12 12 12 12 12 7 12 12 12 12 12 12 12 12 1 1 12 12 12 100 12 12 12 12 12 12 12 12 12 12 12 7 12 12 12 12 12 12 12 12 12 1 12 1 12 1 12 1 12 1 12 1 12 1 12 1 12 1 12 12 1 12 1 12 1 12 1 12 1 12 1 12 1 12 1 12 1 12 1 12 1 12 1 12 1 12 1 12 1 12 1 12 1 12 1 12 1 12 1 12 1 12 1 12 1 12 1 12 1 12 1 12 1 12 1 12 1 12 1 12 1 12 1 12 1 12 1 12 1 12 1 12 1 12 1 12 1 12 1 12 1 12 1 12 1 12 1 12 1 12 1 12 1 12 1 12 1 12 1 12 1 12 1 12 1 12 1 12 12 1 12 1 12 1 12 12 1 12 1 12 1 12 1 12 1 12 1 12 1 12 1 12 1 12 1 12 1 12 12 1 12 1 12 1 12 1 12 1 12 1 12 1 12 1 12 1 12 1 12 1 12 1 12 1 12 1 12 1 12 1 12 1 12 1 12 1 12 1 12 1 12 1 12 1 12 1 12 12 1 12 1 12 1 12 1 12 1 12 1 12 1 12 1 12 1 12 12 12 12 12 12 12 12 12 12 12 12 12 12 12 12 12 12 12 12 12 12 12 12 12 12 12 12 12 12 12 12 12 1 1 1 1 1 1 1 1 1 1 1 1 1 1 1 1 1 1 1 1 1 1 1 1 1 1 1 1 1 1 1 1 1 1 1 1 1
staticfield com/oracle/js/parser/TokenType ERROR Lcom/oracle/js/parser/TokenType; com/oracle/js/parser/TokenType
staticfield com/oracle/js/parser/TokenType EOF Lcom/oracle/js/parser/TokenType; com/oracle/js/parser/TokenType
staticfield com/oracle/js/parser/TokenType EOL Lcom/oracle/js/parser/TokenType; com/oracle/js/parser/TokenType
staticfield com/oracle/js/parser/TokenType COMMENT Lcom/oracle/js/parser/TokenType; com/oracle/js/parser/TokenType
staticfield com/oracle/js/parser/TokenType DIRECTIVE_COMMENT Lcom/oracle/js/parser/TokenType; com/oracle/js/parser/TokenType
staticfield com/oracle/js/parser/TokenType NOT Lcom/oracle/js/parser/TokenType; com/oracle/js/parser/TokenType
staticfield com/oracle/js/parser/TokenType NE Lcom/oracle/js/parser/TokenType; com/oracle/js/parser/TokenType
staticfield com/oracle/js/parser/TokenType NE_STRICT Lcom/oracle/js/parser/TokenType; com/oracle/js/parser/TokenType
staticfield com/oracle/js/parser/TokenType MOD Lcom/oracle/js/parser/TokenType; com/oracle/js/parser/TokenType
staticfield com/oracle/js/parser/TokenType ASSIGN_MOD Lcom/oracle/js/parser/TokenType; com/oracle/js/parser/TokenType
staticfield com/oracle/js/parser/TokenType BIT_AND Lcom/oracle/js/parser/TokenType; com/oracle/js/parser/TokenType
staticfield com/oracle/js/parser/TokenType AND Lcom/oracle/js/parser/TokenType; com/oracle/js/parser/TokenType
staticfield com/oracle/js/parser/TokenType ASSIGN_BIT_AND Lcom/oracle/js/parser/TokenType; com/oracle/js/parser/TokenType
staticfield com/oracle/js/parser/TokenType ASSIGN_AND Lcom/oracle/js/parser/TokenType; com/oracle/js/parser/TokenType
staticfield com/oracle/js/parser/TokenType LPAREN Lcom/oracle/js/parser/TokenType; com/oracle/js/parser/TokenType
staticfield com/oracle/js/parser/TokenType RPAREN Lcom/oracle/js/parser/TokenType; com/oracle/js/parser/TokenType
staticfield com/oracle/js/parser/TokenType MUL Lcom/oracle/js/parser/TokenType; com/oracle/js/parser/TokenType
staticfield com/oracle/js/parser/TokenType ASSIGN_MUL Lcom/oracle/js/parser/TokenType; com/oracle/js/parser/TokenType
staticfield com/oracle/js/parser/TokenType EXP Lcom/oracle/js/parser/TokenType; com/oracle/js/parser/TokenType
staticfield com/oracle/js/parser/TokenType ASSIGN_EXP Lcom/oracle/js/parser/TokenType; com/oracle/js/parser/TokenType
staticfield com/oracle/js/parser/TokenType ADD Lcom/oracle/js/parser/TokenType; com/oracle/js/parser/TokenType
staticfield com/oracle/js/parser/TokenType INCPREFIX Lcom/oracle/js/parser/TokenType; com/oracle/js/parser/TokenType
staticfield com/oracle/js/parser/TokenType ASSIGN_ADD Lcom/oracle/js/parser/TokenType; com/oracle/js/parser/TokenType
staticfield com/oracle/js/parser/TokenType COMMARIGHT Lcom/oracle/js/parser/TokenType; com/oracle/js/parser/TokenType
staticfield com/oracle/js/parser/TokenType SUB Lcom/oracle/js/parser/TokenType; com/oracle/js/parser/TokenType
staticfield com/oracle/js/parser/TokenType DECPREFIX Lcom/oracle/js/parser/TokenType; com/oracle/js/parser/TokenType
staticfield com/oracle/js/parser/TokenType ASSIGN_SUB Lcom/oracle/js/parser/TokenType; com/oracle/js/parser/TokenType
staticfield com/oracle/js/parser/TokenType PERIOD Lcom/oracle/js/parser/TokenType; com/oracle/js/parser/TokenType
staticfield com/oracle/js/parser/TokenType DIV Lcom/oracle/js/parser/TokenType; com/oracle/js/parser/TokenType
staticfield com/oracle/js/parser/TokenType ASSIGN_DIV Lcom/oracle/js/parser/TokenType; com/oracle/js/parser/TokenType
staticfield com/oracle/js/parser/TokenType COLON Lcom/oracle/js/parser/TokenType; com/oracle/js/parser/TokenType
staticfield com/oracle/js/parser/TokenType SEMICOLON Lcom/oracle/js/parser/TokenType; com/oracle/js/parser/TokenType
staticfield com/oracle/js/parser/TokenType LT Lcom/oracle/js/parser/TokenType; com/oracle/js/parser/TokenType
staticfield com/oracle/js/parser/TokenType SHL Lcom/oracle/js/parser/TokenType; com/oracle/js/parser/TokenType
staticfield com/oracle/js/parser/TokenType ASSIGN_SHL Lcom/oracle/js/parser/TokenType; com/oracle/js/parser/TokenType
staticfield com/oracle/js/parser/TokenType LE Lcom/oracle/js/parser/TokenType; com/oracle/js/parser/TokenType
staticfield com/oracle/js/parser/TokenType ASSIGN Lcom/oracle/js/parser/TokenType; com/oracle/js/parser/TokenType
staticfield com/oracle/js/parser/TokenType EQ Lcom/oracle/js/parser/TokenType; com/oracle/js/parser/TokenType
staticfield com/oracle/js/parser/TokenType EQ_STRICT Lcom/oracle/js/parser/TokenType; com/oracle/js/parser/TokenType
staticfield com/oracle/js/parser/TokenType ARROW Lcom/oracle/js/parser/TokenType; com/oracle/js/parser/TokenType
staticfield com/oracle/js/parser/TokenType GT Lcom/oracle/js/parser/TokenType; com/oracle/js/parser/TokenType
staticfield com/oracle/js/parser/TokenType GE Lcom/oracle/js/parser/TokenType; com/oracle/js/parser/TokenType
staticfield com/oracle/js/parser/TokenType SAR Lcom/oracle/js/parser/TokenType; com/oracle/js/parser/TokenType
staticfield com/oracle/js/parser/TokenType ASSIGN_SAR Lcom/oracle/js/parser/TokenType; com/oracle/js/parser/TokenType
staticfield com/oracle/js/parser/TokenType SHR Lcom/oracle/js/parser/TokenType; com/oracle/js/parser/TokenType
staticfield com/oracle/js/parser/TokenType ASSIGN_SHR Lcom/oracle/js/parser/TokenType; com/oracle/js/parser/TokenType
staticfield com/oracle/js/parser/TokenType TERNARY Lcom/oracle/js/parser/TokenType; com/oracle/js/parser/TokenType
staticfield com/oracle/js/parser/TokenType LBRACKET Lcom/oracle/js/parser/TokenType; com/oracle/js/parser/TokenType
staticfield com/oracle/js/parser/TokenType RBRACKET Lcom/oracle/js/parser/TokenType; com/oracle/js/parser/TokenType
staticfield com/oracle/js/parser/TokenType BIT_XOR Lcom/oracle/js/parser/TokenType; com/oracle/js/parser/TokenType
staticfield com/oracle/js/parser/TokenType ASSIGN_BIT_XOR Lcom/oracle/js/parser/TokenType; com/oracle/js/parser/TokenType
staticfield com/oracle/js/parser/TokenType LBRACE Lcom/oracle/js/parser/TokenType; com/oracle/js/parser/TokenType
staticfield com/oracle/js/parser/TokenType BIT_OR Lcom/oracle/js/parser/TokenType; com/oracle/js/parser/TokenType
staticfield com/oracle/js/parser/TokenType ASSIGN_BIT_OR Lcom/oracle/js/parser/TokenType; com/oracle/js/parser/TokenType
staticfield com/oracle/js/parser/TokenType OR Lcom/oracle/js/parser/TokenType; com/oracle/js/parser/TokenType
staticfield com/oracle/js/parser/TokenType ASSIGN_OR Lcom/oracle/js/parser/TokenType; com/oracle/js/parser/TokenType
staticfield com/oracle/js/parser/TokenType RBRACE Lcom/oracle/js/parser/TokenType; com/oracle/js/parser/TokenType
staticfield com/oracle/js/parser/TokenType BIT_NOT Lcom/oracle/js/parser/TokenType; com/oracle/js/parser/TokenType
staticfield com/oracle/js/parser/TokenType ELLIPSIS Lcom/oracle/js/parser/TokenType; com/oracle/js/parser/TokenType
staticfield com/oracle/js/parser/TokenType NULLISHCOALESC Lcom/oracle/js/parser/TokenType; com/oracle/js/parser/TokenType
staticfield com/oracle/js/parser/TokenType ASSIGN_NULLCOAL Lcom/oracle/js/parser/TokenType; com/oracle/js/parser/TokenType
staticfield com/oracle/js/parser/TokenType OPTIONAL_CHAIN Lcom/oracle/js/parser/TokenType; com/oracle/js/parser/TokenType
staticfield com/oracle/js/parser/TokenType AT Lcom/oracle/js/parser/TokenType; com/oracle/js/parser/TokenType
staticfield com/oracle/js/parser/TokenType ACCESSOR Lcom/oracle/js/parser/TokenType; com/oracle/js/parser/TokenType
staticfield com/oracle/js/parser/TokenType AS Lcom/oracle/js/parser/TokenType; com/oracle/js/parser/TokenType
staticfield com/oracle/js/parser/TokenType ASSERT Lcom/oracle/js/parser/TokenType; com/oracle/js/parser/TokenType
staticfield com/oracle/js/parser/TokenType ASYNC Lcom/oracle/js/parser/TokenType; com/oracle/js/parser/TokenType
staticfield com/oracle/js/parser/TokenType AWAIT Lcom/oracle/js/parser/TokenType; com/oracle/js/parser/TokenType
staticfield com/oracle/js/parser/TokenType BREAK Lcom/oracle/js/parser/TokenType; com/oracle/js/parser/TokenType
staticfield com/oracle/js/parser/TokenType CASE Lcom/oracle/js/parser/TokenType; com/oracle/js/parser/TokenType
staticfield com/oracle/js/parser/TokenType CATCH Lcom/oracle/js/parser/TokenType; com/oracle/js/parser/TokenType
staticfield com/oracle/js/parser/TokenType CLASS Lcom/oracle/js/parser/TokenType; com/oracle/js/parser/TokenType
staticfield com/oracle/js/parser/TokenType CONST Lcom/oracle/js/parser/TokenType; com/oracle/js/parser/TokenType
staticfield com/oracle/js/parser/TokenType CONTINUE Lcom/oracle/js/parser/TokenType; com/oracle/js/parser/TokenType
staticfield com/oracle/js/parser/TokenType DEBUGGER Lcom/oracle/js/parser/TokenType; com/oracle/js/parser/TokenType
staticfield com/oracle/js/parser/TokenType DEFAULT Lcom/oracle/js/parser/TokenType; com/oracle/js/parser/TokenType
staticfield com/oracle/js/parser/TokenType DELETE Lcom/oracle/js/parser/TokenType; com/oracle/js/parser/TokenType
staticfield com/oracle/js/parser/TokenType DO Lcom/oracle/js/parser/TokenType; com/oracle/js/parser/TokenType
staticfield com/oracle/js/parser/TokenType ELSE Lcom/oracle/js/parser/TokenType; com/oracle/js/parser/TokenType
staticfield com/oracle/js/parser/TokenType ENUM Lcom/oracle/js/parser/TokenType; com/oracle/js/parser/TokenType
staticfield com/oracle/js/parser/TokenType EXPORT Lcom/oracle/js/parser/TokenType; com/oracle/js/parser/TokenType
staticfield com/oracle/js/parser/TokenType EXTENDS Lcom/oracle/js/parser/TokenType; com/oracle/js/parser/TokenType
staticfield com/oracle/js/parser/TokenType FALSE Lcom/oracle/js/parser/TokenType; com/oracle/js/parser/TokenType
staticfield com/oracle/js/parser/TokenType FINALLY Lcom/oracle/js/parser/TokenType; com/oracle/js/parser/TokenType
staticfield com/oracle/js/parser/TokenType FOR Lcom/oracle/js/parser/TokenType; com/oracle/js/parser/TokenType
staticfield com/oracle/js/parser/TokenType FROM Lcom/oracle/js/parser/TokenType; com/oracle/js/parser/TokenType
staticfield com/oracle/js/parser/TokenType FUNCTION Lcom/oracle/js/parser/TokenType; com/oracle/js/parser/TokenType
staticfield com/oracle/js/parser/TokenType GET Lcom/oracle/js/parser/TokenType; com/oracle/js/parser/TokenType
staticfield com/oracle/js/parser/TokenType IF Lcom/oracle/js/parser/TokenType; com/oracle/js/parser/TokenType
staticfield com/oracle/js/parser/TokenType IMPLEMENTS Lcom/oracle/js/parser/TokenType; com/oracle/js/parser/TokenType
staticfield com/oracle/js/parser/TokenType IMPORT Lcom/oracle/js/parser/TokenType; com/oracle/js/parser/TokenType
staticfield com/oracle/js/parser/TokenType IN Lcom/oracle/js/parser/TokenType; com/oracle/js/parser/TokenType
staticfield com/oracle/js/parser/TokenType INSTANCEOF Lcom/oracle/js/parser/TokenType; com/oracle/js/parser/TokenType
staticfield com/oracle/js/parser/TokenType INTERFACE Lcom/oracle/js/parser/TokenType; com/oracle/js/parser/TokenType
staticfield com/oracle/js/parser/TokenType LET Lcom/oracle/js/parser/TokenType; com/oracle/js/parser/TokenType
staticfield com/oracle/js/parser/TokenType NEW Lcom/oracle/js/parser/TokenType; com/oracle/js/parser/TokenType
staticfield com/oracle/js/parser/TokenType NULL Lcom/oracle/js/parser/TokenType; com/oracle/js/parser/TokenType
staticfield com/oracle/js/parser/TokenType OF Lcom/oracle/js/parser/TokenType; com/oracle/js/parser/TokenType
staticfield com/oracle/js/parser/TokenType PACKAGE Lcom/oracle/js/parser/TokenType; com/oracle/js/parser/TokenType
staticfield com/oracle/js/parser/TokenType PRIVATE Lcom/oracle/js/parser/TokenType; com/oracle/js/parser/TokenType
staticfield com/oracle/js/parser/TokenType PROTECTED Lcom/oracle/js/parser/TokenType; com/oracle/js/parser/TokenType
staticfield com/oracle/js/parser/TokenType PUBLIC Lcom/oracle/js/parser/TokenType; com/oracle/js/parser/TokenType
staticfield com/oracle/js/parser/TokenType RETURN Lcom/oracle/js/parser/TokenType; com/oracle/js/parser/TokenType
staticfield com/oracle/js/parser/TokenType SET Lcom/oracle/js/parser/TokenType; com/oracle/js/parser/TokenType
staticfield com/oracle/js/parser/TokenType STATIC Lcom/oracle/js/parser/TokenType; com/oracle/js/parser/TokenType
staticfield com/oracle/js/parser/TokenType SUPER Lcom/oracle/js/parser/TokenType; com/oracle/js/parser/TokenType
staticfield com/oracle/js/parser/TokenType SWITCH Lcom/oracle/js/parser/TokenType; com/oracle/js/parser/TokenType
staticfield com/oracle/js/parser/TokenType THIS Lcom/oracle/js/parser/TokenType; com/oracle/js/parser/TokenType
staticfield com/oracle/js/parser/TokenType THROW Lcom/oracle/js/parser/TokenType; com/oracle/js/parser/TokenType
staticfield com/oracle/js/parser/TokenType TRUE Lcom/oracle/js/parser/TokenType; com/oracle/js/parser/TokenType
staticfield com/oracle/js/parser/TokenType TRY Lcom/oracle/js/parser/TokenType; com/oracle/js/parser/TokenType
staticfield com/oracle/js/parser/TokenType TYPEOF Lcom/oracle/js/parser/TokenType; com/oracle/js/parser/TokenType
staticfield com/oracle/js/parser/TokenType VAR Lcom/oracle/js/parser/TokenType; com/oracle/js/parser/TokenType
staticfield com/oracle/js/parser/TokenType VOID Lcom/oracle/js/parser/TokenType; com/oracle/js/parser/TokenType
staticfield com/oracle/js/parser/TokenType WHILE Lcom/oracle/js/parser/TokenType; com/oracle/js/parser/TokenType
staticfield com/oracle/js/parser/TokenType WITH Lcom/oracle/js/parser/TokenType; com/oracle/js/parser/TokenType
staticfield com/oracle/js/parser/TokenType YIELD Lcom/oracle/js/parser/TokenType; com/oracle/js/parser/TokenType
staticfield com/oracle/js/parser/TokenType DECIMAL Lcom/oracle/js/parser/TokenType; com/oracle/js/parser/TokenType
staticfield com/oracle/js/parser/TokenType NON_OCTAL_DECIMAL Lcom/oracle/js/parser/TokenType; com/oracle/js/parser/TokenType
staticfield com/oracle/js/parser/TokenType HEXADECIMAL Lcom/oracle/js/parser/TokenType; com/oracle/js/parser/TokenType
staticfield com/oracle/js/parser/TokenType OCTAL_LEGACY Lcom/oracle/js/parser/TokenType; com/oracle/js/parser/TokenType
staticfield com/oracle/js/parser/TokenType OCTAL Lcom/oracle/js/parser/TokenType; com/oracle/js/parser/TokenType
staticfield com/oracle/js/parser/TokenType BINARY_NUMBER Lcom/oracle/js/parser/TokenType; com/oracle/js/parser/TokenType
staticfield com/oracle/js/parser/TokenType BIGINT Lcom/oracle/js/parser/TokenType; com/oracle/js/parser/TokenType
staticfield com/oracle/js/parser/TokenType FLOATING Lcom/oracle/js/parser/TokenType; com/oracle/js/parser/TokenType
staticfield com/oracle/js/parser/TokenType STRING Lcom/oracle/js/parser/TokenType; com/oracle/js/parser/TokenType
staticfield com/oracle/js/parser/TokenType ESCSTRING Lcom/oracle/js/parser/TokenType; com/oracle/js/parser/TokenType
staticfield com/oracle/js/parser/TokenType EXECSTRING Lcom/oracle/js/parser/TokenType; com/oracle/js/parser/TokenType
staticfield com/oracle/js/parser/TokenType IDENT Lcom/oracle/js/parser/TokenType; com/oracle/js/parser/TokenType
staticfield com/oracle/js/parser/TokenType REGEX Lcom/oracle/js/parser/TokenType; com/oracle/js/parser/TokenType
staticfield com/oracle/js/parser/TokenType XML Lcom/oracle/js/parser/TokenType; com/oracle/js/parser/TokenType
staticfield com/oracle/js/parser/TokenType OBJECT Lcom/oracle/js/parser/TokenType; com/oracle/js/parser/TokenType
staticfield com/oracle/js/parser/TokenType ARRAY Lcom/oracle/js/parser/TokenType; com/oracle/js/parser/TokenType
staticfield com/oracle/js/parser/TokenType TEMPLATE Lcom/oracle/js/parser/TokenType; com/oracle/js/parser/TokenType
staticfield com/oracle/js/parser/TokenType TEMPLATE_HEAD Lcom/oracle/js/parser/TokenType; com/oracle/js/parser/TokenType
staticfield com/oracle/js/parser/TokenType TEMPLATE_MIDDLE Lcom/oracle/js/parser/TokenType; com/oracle/js/parser/TokenType
staticfield com/oracle/js/parser/TokenType TEMPLATE_TAIL Lcom/oracle/js/parser/TokenType; com/oracle/js/parser/TokenType
staticfield com/oracle/js/parser/TokenType PRIVATE_IDENT Lcom/oracle/js/parser/TokenType; com/oracle/js/parser/TokenType
staticfield com/oracle/js/parser/TokenType COMMALEFT Lcom/oracle/js/parser/TokenType; com/oracle/js/parser/TokenType
staticfield com/oracle/js/parser/TokenType DECPOSTFIX Lcom/oracle/js/parser/TokenType; com/oracle/js/parser/TokenType
staticfield com/oracle/js/parser/TokenType INCPOSTFIX Lcom/oracle/js/parser/TokenType; com/oracle/js/parser/TokenType
staticfield com/oracle/js/parser/TokenType SPREAD_ARGUMENT Lcom/oracle/js/parser/TokenType; com/oracle/js/parser/TokenType
staticfield com/oracle/js/parser/TokenType SPREAD_ARRAY Lcom/oracle/js/parser/TokenType; com/oracle/js/parser/TokenType
staticfield com/oracle/js/parser/TokenType SPREAD_OBJECT Lcom/oracle/js/parser/TokenType; com/oracle/js/parser/TokenType
staticfield com/oracle/js/parser/TokenType YIELD_STAR Lcom/oracle/js/parser/TokenType; com/oracle/js/parser/TokenType
staticfield com/oracle/js/parser/TokenType ASSIGN_INIT Lcom/oracle/js/parser/TokenType; com/oracle/js/parser/TokenType
staticfield com/oracle/js/parser/TokenType NAMEDEVALUATION Lcom/oracle/js/parser/TokenType; com/oracle/js/parser/TokenType
staticfield com/oracle/js/parser/TokenType tokenValues [Lcom/oracle/js/parser/TokenType; 147 [Lcom/oracle/js/parser/TokenType;
staticfield com/oracle/js/parser/TokenType $VALUES [Lcom/oracle/js/parser/TokenType; 147 [Lcom/oracle/js/parser/TokenType;
staticfield com/oracle/js/parser/TokenType $assertionsDisabled Z 1
ciInstanceKlass com/oracle/js/parser/Token 1 1 141 10 9 100 10 7 3 10 10 9 10 10 10 5 0 10 5 0 10 9 10 10 18 10 10 100 7 1 1 1 1 1 3 1 3 1 1 1 1 1 1 1 1 1 1 1 1 1 1 1 1 1 1 1 1 1 1 1 1 1 1 7 1 1 1 1 1 1 1 1 1 1 1 1 1 100 1 1 1 1 1 12 12 1 1 12 12 12 12 12 12 12 12 100 12 100 12 12 1 15 8 12 12 7 12 1 1 1 1 1 1 1 1 1 1 1 1 1 1 1 1 1 1 1 1 10 1 1 1 1 1 1 100 12 1 100 1 1 100 1 1
staticfield com/oracle/js/parser/Token $assertionsDisabled Z 1
instanceKlass com/oracle/js/parser/Lexer
ciInstanceKlass com/oracle/js/parser/Scanner 1 1 91 10 9 9 9 9 10 9 9 9 100 10 10 10 9 9 9 9 10 10 7 7 1 1 1 1 1 1 1 1 1 1 1 1 1 1 1 1 1 1 1 1 1 1 1 1 1 1 1 1 1 1 1 1 1 1 1 1 1 1 1 1 1 1 1 1 12 12 12 12 12 12 1 12 7 12 12 12 12 12 7 12 12 1 1 1 1 1 1 1 1
ciInstanceKlass com/oracle/js/parser/Lexer 1 1 880 10 10 10 10 9 9 9 9 9 9 9 9 9 9 9 9 7 10 9 10 9 9 9 7 9 9 9 10 10 9 10 10 10 9 10 10 10 10 7 10 3 10 10 10 9 9 100 10 10 9 9 10 9 9 9 10 9 10 10 10 10 7 10 10 10 10 10 10 7 10 10 9 10 10 10 10 10 10 10 10 9 8 7 10 10 10 8 10 8 3 10 10 10 10 10 9 10 10 10 9 10 10 10 10 9 9 8 9 10 8 3 10 10 9 10 8 8 10 10 9 9 10 9 10 9 9 10 9 9 9 10 10 10 10 10 7 5 0 5 0 10 10 100 10 10 100 10 10 10 9 10 9 10 9 9 9 9 9 9 8 100 10 10 9 10 8 10 10 10 10 10 9 10 10 100 10 10 8 10 10 10 11 8 10 10 10 9 10 10 10 10 10 10 10 10 10 9 10 10 10 10 10 10 10 10 10 10 10 10 10 10 100 10 11 7 11 10 11 18 10 10 10 9 10 10 8 10 7 7 1 1 1 100 1 1 100 1 1 1 1 1 1 1 8 1 1 1 1 1 1 8 1 1 1 1 1 1 1 1 1 1 1 1 1 1 1 1 1 1 1 1 1 1 1 1 1 1 1 1 1 3 1 1 1 1 1 1 1 1 1 1 1 1 1 1 1 1 1 1 1 100 1 1 1 1 1 1 1 1 1 1 1 1 1 1 1 1 1 1 1 1 1 1 1 1 1 1 1 1 1 1 1 1 7 1 1 1 1 1 1 1 1 1 1 1 1 1 1 1 1 1 1 1 1 1 1 1 1 1 1 1 1 1 1 1 1 1 1 1 1 1 1 1 1 1 1 1 1 1 1 1 1 1 1 1 1 1 1 1 1 1 1 1 1 1 1 1 1 1 1 1 1 1 1 1 1 1 1 1 1 1 1 1 1 1 1 1 1 1 1 1 1 1 1 1 1 1 1 1 1 1 1 1 1 1 1 1 1 1 1 1 1 1 1 1 1 1 1 1 1 1 1 1 1 1 1 1 1 1 1 1 1 100 1 1 1 1 1 1 1 1 1 1 1 1 1 1 1 1 1 1 1 1 7 12 12 12 12 12 12 12 12 12 12 12 12 12 12 12 12 1 12 12 12 12 1 12 12 12 12 12 7 12 7 12 12 12 12 12 12 12 1 12 12 12 12 12 12 1 12 12 12 12 12 12 12 12 12 12 12 12 12 1 12 12 12 12 12 12 1 12 12 12 12 12 12 12 12 7 12 12 12 12 1 1 12 12 12 1 7 12 1 12 12 12 12 12 12 12 12 12 12 12 12 7 12 12 12 1 12 12 1 12 12 12 12 1 1 12 12 12 12 12 12 12 12 12 12 12 12 12 12 12 12 7 12 1 12 12 1 100 12 12 1 12 12 12 12 12 12 12 12 12 12 12 12 12 1 1 12 12 12 7 12 1 12 12 12 12 12 12 12 12 1 12 12 1 12 12 12 1 12 12 12 12 12 12 12 12 12 12 12 12 12 12 12 12 12 12 12 12 7 12 12 12 12 12 12 1 12 7 12 1 12 7 12 12 1 15 8 12 100 12 12 12 100 12 12 7 12 1 7 12 1 1 1 1 1 1 1 1 1 1 1 1 1 1 1 1 1 1 1 1 1 1 1 1 1 1 1 1 1 1 1 1 1 1 1 1 1 1 1 1 1 1 1 1 1 1 1 1 1 1 1 1 1 1 1 1 1 1 1 1 1 1 1 1 1 1 1 1 1 1 1 1 1 1 1 1 1 1 1 1 1 1 1 1 1 1 1 1 1 1 1 1 1 1 1 1 1 1 1 1 1 1 1 1 1 1 1 1 1 1 1 1 1 1 1 1 1 1 1 1 1 1 1 1 1 1 1 1 1 1 1 1 1 1 1 1 1 1 1 1 1 10 1 1 1 1 1 1 1 1 1 1 1 1 1 1 1 100 12 1 100 1 1 100 1 1
staticfield com/oracle/js/parser/Lexer XML_LITERALS Z 0
staticfield com/oracle/js/parser/Lexer $assertionsDisabled Z 1
ciInstanceKlass com/oracle/js/parser/IdentUtils 1 1 914 10 7 9 9 10 9 9 3 3 3 3 3 3 3 3 3 3 3 3 3 3 3 3 3 3 3 3 3 3 3 3 3 3 3 3 3 3 3 3 3 3 3 3 3 3 3 3 3 3 3 3 3 3 3 3 3 3 3 3 3 3 3 3 3 3 3 3 3 3 3 3 3 3 3 3 3 3 3 3 3 3 3 3 3 3 3 3 3 3 3 3 3 3 3 3 3 3 3 3 3 3 3 3 3 3 3 3 3 3 3 3 3 3 3 3 3 3 3 3 3 3 3 3 3 3 3 3 3 3 3 3 3 3 3 3 3 3 3 3 3 3 3 3 3 3 3 3 3 3 3 3 3 3 3 3 3 3 3 3 3 3 3 3 3 3 3 3 3 3 3 3 3 3 3 3 3 3 3 3 3 3 3 3 3 3 3 3 3 3 3 3 3 3 3 3 3 3 3 3 3 3 3 3 3 3 3 3 3 3 3 3 3 3 3 3 3 3 3 3 3 3 3 3 3 3 3 3 3 3 3 3 3 3 3 3 3 3 3 3 3 3 3 3 3 3 3 3 3 3 3 3 3 3 3 3 3 3 3 3 3 3 3 3 3 3 3 3 3 3 3 3 3 3 3 3 3 3 3 3 3 3 3 3 3 3 3 3 3 3 3 3 3 3 3 3 3 3 3 3 3 3 3 3 3 3 3 3 3 3 3 3 3 3 3 3 3 3 3 3 3 3 3 3 3 3 3 3 3 3 3 3 3 3 3 3 3 3 3 3 3 3 3 3 3 3 3 3 3 3 3 3 3 3 3 3 3 3 3 3 3 3 3 3 3 3 3 3 3 3 3 3 3 3 3 3 3 3 3 3 3 3 3 3 3 3 3 3 3 3 3 3 3 3 3 3 3 3 3 3 3 3 3 3 3 3 3 3 3 3 3 3 3 3 3 3 3 3 3 3 3 3 3 3 3 3 3 3 3 3 3 3 3 3 3 3 3 3 3 3 3 3 3 3 3 3 3 3 3 3 3 3 3 3 3 3 3 3 3 3 3 3 3 3 3 3 3 3 3 3 3 3 3 3 3 3 3 3 3 3 3 3 3 3 3 3 3 3 3 3 3 3 3 3 3 3 3 3 3 3 3 3 3 3 3 3 3 3 3 3 3 3 3 3 3 3 3 3 3 3 3 3 3 3 3 3 3 3 3 3 3 3 3 3 3 3 3 3 3 3 3 3 3 3 3 3 3 3 3 3 3 3 3 3 3 3 3 3 3 3 3 3 3 3 3 3 3 3 3 3 3 3 3 3 3 3 3 3 3 3 3 3 3 3 3 3 3 3 3 3 3 3 3 3 3 3 3 3 3 3 3 3 3 3 3 3 3 3 3 3 3 3 3 3 3 3 3 3 3 3 3 3 3 3 3 3 3 3 3 3 3 3 3 3 3 3 3 3 3 3 3 3 3 3 3 3 3 3 3 3 3 3 3 3 3 3 3 3 3 3 3 3 3 3 3 3 3 3 3 3 3 3 3 3 3 3 3 3 3 3 3 3 3 3 3 3 3 3 3 3 3 3 3 3 3 3 3 3 3 3 3 3 3 3 3 3 3 3 3 3 3 3 3 3 3 3 3 3 3 3 3 3 3 3 3 3 3 3 3 3 3 3 3 3 3 3 3 3 3 3 3 3 3 3 3 3 3 3 3 3 3 3 3 3 3 3 3 3 3 3 3 3 3 3 3 3 3 3 3 3 3 3 3 3 3 3 3 3 3 3 3 3 3 3 3 3 3 3 3 3 3 3 3 3 3 3 3 3 3 3 3 3 3 3 3 3 3 3 3 3 3 3 3 3 3 3 3 3 3 3 3 3 3 3 3 3 3 3 3 3 3 3 3 3 3 3 3 3 3 3 3 3 3 3 3 3 3 3 3 3 3 3 3 3 3 3 3 3 3 3 3 3 3 3 3 3 10 100 1 1 1 1 1 1 3 1 1 1 1 1 1 1 1 1 1 1 1 1 1 1 1 1 1 1 1 1 1 1 1 1 1 100 1 1 1 12 1 12 12 12 12 12 12 1
staticfield com/oracle/js/parser/IdentUtils ID_PART_RANGES [I 1516
staticfield com/oracle/js/parser/IdentUtils ID_START_RANGES [I 1300
staticfield com/oracle/js/parser/IdentUtils ID_PART_ARRAY [Z 128
staticfield com/oracle/js/parser/IdentUtils ID_START_ARRAY [Z 128
ciInstanceKlass com/oracle/js/parser/Lexer$1 1 1 98 10 9 9 10 100 9 9 9 9 9 9 9 9 9 9 9 9 9 9 9 9 9 9 9 9 7 100 1 1 1 1 1 1 1 1 1 1 1 100 1 7 12 12 12 12 1 12 12 12 12 12 12 12 12 12 12 12 12 12 12 12 12 12 12 12 12 1 1 1 1 1 1 1 1 1 1 1 1 1 1 1 1 1 1 1 1 1 1 1 1 1 1 1 1 1 1 1
staticfield com/oracle/js/parser/Lexer$1 $SwitchMap$com$oracle$js$parser$TokenType [I 147
instanceKlass com/oracle/js/parser/Lexer$RegexToken
ciInstanceKlass com/oracle/js/parser/Lexer$LexerToken 1 1 36 10 9 10 7 7 1 1 1 1 1 1 1 1 1 1 1 1 1 1 1 1 1 1 1 100 12 12 7 12 1 1 1 1 1 1
ciInstanceKlass com/oracle/js/parser/Lexer$RegexToken 1 1 60 10 9 10 10 18 7 7 1 1 1 1 1 1 1 1 1 1 1 1 1 1 1 1 1 1 1 1 1 100 12 12 7 12 12 1 15 8 12 1 1 1 1 1 1 1 1 10 1 1 1 100 12 1 100 1 1 100 1 1
ciInstanceKlass com/oracle/js/parser/JSType 1 1 40 10 10 10 10 10 5 0 7 100 1 1 1 1 1 1 1 1 1 1 1 1 1 1 1 1 1 1 1 12 12 12 12 7 12 1 1 1 1 1
ciMethod java/lang/Object <init> ()V 1852 0 1230401 0 128
ciMethod java/lang/Object hashCode ()I 1024 0 512 0 -1
ciMethod java/lang/Object equals (Ljava/lang/Object;)Z 512 0 4665 0 -1
ciMethod java/lang/CharSequence length ()I 0 0 1 0 -1
ciMethod java/lang/CharSequence charAt (I)C 0 0 1 0 -1
ciMethod java/lang/String length ()I 600 0 1235078 0 96
ciMethod java/lang/String isEmpty ()Z 512 0 70360 0 96
ciMethod java/lang/String charAt (I)C 512 0 861956 0 160
ciMethod java/lang/String equals (Ljava/lang/Object;)Z 3020504 0 1133782 0 0
ciMethod java/lang/String hashCode ()I 544 0 15224 0 480
ciMethod java/lang/String indexOf (I)I 768 0 117101 0 416
ciMethod java/lang/String indexOf (II)I 548 0 132029 0 0
ciMethod java/lang/String substring (II)Ljava/lang/String; 512 0 84528 0 2880
ciMethod java/lang/String <init> ([BB)V 532 0 93708 0 256
ciMethod java/lang/String coder ()B 616 0 1391552 0 64
ciMethod java/lang/String isLatin1 ()Z 728 0 1155173 0 96
ciMethod java/lang/String checkIndex (II)V 110 0 5816 0 128
ciMethod java/lang/String checkBoundsBeginEnd (III)V 512 0 6400 0 -1
ciMethod java/lang/System arraycopy (Ljava/lang/Object;ILjava/lang/Object;II)V 768 0 384 0 -1
ciMethod java/util/Map get (Ljava/lang/Object;)Ljava/lang/Object; 0 0 1 0 -1
ciMethod java/util/Map put (Ljava/lang/Object;Ljava/lang/Object;)Ljava/lang/Object; 0 0 1 0 -1
ciMethod java/lang/AbstractStringBuilder <init> (I)V 256 0 6681 0 512
ciMethod java/lang/AbstractStringBuilder ensureCapacityInternal (I)V 516 0 5441 0 1088
ciMethod java/lang/AbstractStringBuilder newCapacity (I)I 122 0 954 0 0
ciMethod java/lang/AbstractStringBuilder inflate ()V 0 0 23 0 0
ciMethod java/lang/AbstractStringBuilder append (Ljava/lang/CharSequence;II)Ljava/lang/AbstractStringBuilder; 426 0 315 0 -1
ciMethod java/lang/AbstractStringBuilder append (C)Ljava/lang/AbstractStringBuilder; 1957500 0 711303 0 0
ciMethod java/lang/AbstractStringBuilder isLatin1 ()Z 514 0 32240 0 0
ciMethod java/lang/AbstractStringBuilder appendChars (Ljava/lang/String;II)V 526 0 315 0 -1
ciMethod java/lang/AbstractStringBuilder appendChars (Ljava/lang/CharSequence;II)V 0 0 1 0 -1
ciMethod java/lang/AbstractStringBuilder checkRange (III)V 512 0 405 0 -1
ciMethod java/lang/StringBuilder <init> (I)V 514 0 10530 0 0
ciMethod java/lang/StringBuilder append (Ljava/lang/CharSequence;II)Ljava/lang/StringBuilder; 424 0 314 0 -1
ciMethod java/lang/StringBuilder append (C)Ljava/lang/StringBuilder; 558 0 620061 0 1312
ciMethod java/lang/StringBuilder appendCodePoint (I)Ljava/lang/StringBuilder; 0 0 118 0 -1
ciMethod java/lang/StringBuilder toString ()Ljava/lang/String; 256 0 23188 0 1056
ciMethod java/lang/Character isBmpCodePoint (I)Z 0 0 118 0 -1
ciMethod java/lang/Character isHighSurrogate (C)Z 2936 0 202576 0 0
ciMethod java/lang/Character isLowSurrogate (C)Z 148 0 122 0 0
ciMethod java/lang/Character isSurrogate (C)Z 810 0 7640 0 -1
ciMethod java/lang/Character toCodePoint (CC)I 0 0 1 0 0
ciMethod java/lang/Character digit (CI)I 986 0 201122 0 288
ciMethod java/lang/Character digit (II)I 1044 0 201101 0 0
ciMethod java/lang/Number <init> ()V 1110 0 38003 0 0
ciMethod java/lang/Double valueOf (D)Ljava/lang/Double; 128 0 76 0 0
ciMethod java/lang/Double parseDouble (Ljava/lang/String;)D 22 0 32 0 0
ciMethod java/lang/Double <init> (D)V 126 0 75 0 0
ciMethod java/lang/Byte toUnsignedInt (B)I 1816 0 14103 0 -1
ciMethod java/lang/Integer valueOf (I)Ljava/lang/Integer; 244 0 103211 0 0
ciMethod java/lang/Integer <init> (I)V 540 0 35663 0 0
ciMethod java/lang/Long parseLong (Ljava/lang/String;I)J 2502 4094 59329 0 1856
ciMethod java/lang/Long valueOf (J)Ljava/lang/Long; 360 0 183 0 0
ciMethod java/lang/Long <init> (J)V 512 0 364 0 -1
ciMethod java/lang/Long longValue ()J 226 0 113 0 -1
ciMethod java/lang/Long equals (Ljava/lang/Object;)Z 6 0 3 0 0
ciMethod java/lang/StringLatin1 charAt ([BI)C 402 0 509139 0 128
ciMethod java/lang/StringLatin1 canEncode (I)Z 856 0 27600 0 0
ciMethod java/lang/StringLatin1 equals ([B[B)Z 412 362 1734 0 -1
ciMethod java/lang/StringLatin1 hashCode ([B)I 208 4380 1109 0 352
ciMethod java/lang/StringLatin1 indexOf ([BII)I 548 0 5415 0 448
ciMethod java/lang/StringLatin1 indexOfChar ([BIII)I 268 5192 2727 0 -1
ciMethod java/lang/StringLatin1 newString ([BII)Ljava/lang/String; 426 0 5405 0 1120
ciMethod java/lang/StringLatin1 inflate ([BI[BII)V 0 0 25 0 -1
ciMethod java/lang/Math max (II)I 538 0 220740 0 -1
ciMethod java/lang/Math min (II)I 514 0 145163 0 -1
ciMethod java/util/HashMap hash (Ljava/lang/Object;)I 806 0 36246 0 192
ciMethod java/util/HashMap get (Ljava/lang/Object;)Ljava/lang/Object; 392052 0 103117 0 0
ciMethod java/util/HashMap getNode (Ljava/lang/Object;)Ljava/util/HashMap$Node; 390962 19294 101721 0 0
ciMethod java/util/HashMap put (Ljava/lang/Object;Ljava/lang/Object;)Ljava/lang/Object; 1142 0 30435 0 0
ciMethod java/util/HashMap putVal (ILjava/lang/Object;Ljava/lang/Object;ZZ)Ljava/lang/Object; 538 22 43078 0 2848
ciMethod java/util/HashMap resize ()[Ljava/util/HashMap$Node; 60 116 3147 0 -1
ciMethod java/util/HashMap treeifyBin ([Ljava/util/HashMap$Node;I)V 0 0 1 0 -1
ciMethod java/util/HashMap newNode (ILjava/lang/Object;Ljava/lang/Object;Ljava/util/HashMap$Node;)Ljava/util/HashMap$Node; 568 0 5453 0 -1
ciMethod java/util/HashMap afterNodeAccess (Ljava/util/HashMap$Node;)V 28144 0 14713 0 -1
ciMethod java/util/HashMap afterNodeInsertion (Z)V 632 0 1352 0 -1
ciMethod java/util/HashMap$TreeNode getTreeNode (ILjava/lang/Object;)Ljava/util/HashMap$TreeNode; 0 0 1 0 -1
ciMethod java/util/HashMap$TreeNode putTreeVal (Ljava/util/HashMap;[Ljava/util/HashMap$Node;ILjava/lang/Object;Ljava/lang/Object;)Ljava/util/HashMap$TreeNode; 0 0 1 0 -1
ciMethod java/util/Arrays copyOf ([BI)[B 126 0 5217 0 672
ciMethod java/util/Arrays copyOfRange ([BII)[B 536 0 5424 0 736
ciMethod jdk/internal/util/ArraysSupport newLength (III)I 516 0 1415 0 0
ciMethod jdk/internal/util/ArraysSupport hugeLength (II)I 0 0 1 0 -1
ciMethod java/lang/StringUTF16 newBytesFor (I)[B 0 0 12 0 -1
ciMethod java/lang/StringUTF16 putChar ([BII)V 688 0 13447 0 -1
ciMethod java/lang/StringUTF16 getChar ([BI)C 1894 0 10162 0 -1
ciMethod java/lang/StringUTF16 length ([B)I 112 0 286012 0 0
ciMethod java/lang/StringUTF16 compress ([BII)[B 3008 0 77719 0 -1
ciMethod java/lang/StringUTF16 hashCode ([B)I 0 0 14924 0 0
ciMethod java/lang/StringUTF16 indexOf ([BII)I 0 0 1 0 -1
ciMethod java/lang/StringUTF16 newString ([BII)Ljava/lang/String; 0 0 77812 0 0
ciMethod java/lang/StringUTF16 putCharSB ([BII)V 0 0 129 0 0
ciMethod java/lang/StringUTF16 putCharsSB ([BILjava/lang/CharSequence;II)V 16 20 8 0 -1
ciMethod java/lang/StringUTF16 charAt ([BI)C 110 0 208846 0 128
ciMethod java/lang/StringUTF16 checkIndex (I[B)V 110 0 208954 0 0
ciMethod java/lang/StringUTF16 checkBoundsBeginEnd (II[B)V 16 0 8 0 -1
ciMethod java/lang/CharacterData digit (II)I 0 0 1 0 -1
ciMethod java/lang/CharacterData of (I)Ljava/lang/CharacterData; 516 0 11659 0 128
ciMethod java/lang/CharacterDataLatin1 digit (II)I 1588 0 20688 0 192
ciMethodData java/lang/StringLatin1 hashCode ([B)I 2 27774 orig 80 0 0 0 0 0 0 0 0 0 0 0 0 122 0 0 0 0 0 0 0 0 0 0 0 0 0 0 0 0 0 0 0 0 0 0 0 0 0 0 0 0 0 0 0 0 0 0 0 0 0 0 0 0 0 0 0 0 0 0 0 0 0 0 0 0 0 0 0 0 0 0 0 0 0 0 0 0 0 0 0 data 14 0xd0007 0x3ed 0x38 0x63f0 0x250003 0x63f0 0xffffffffffffffe0 0x0 0x0 0x0 0x0 0x9 0x1 0x0 oops 0 methods 0
ciMethodData java/lang/String charAt (I)C 2 861956 orig 80 0 0 0 0 0 0 0 0 0 0 0 0 122 0 0 0 0 0 0 0 0 0 0 0 0 0 0 0 0 0 0 0 0 0 0 0 0 0 0 0 0 0 0 0 0 0 0 0 0 0 0 0 0 0 0 0 0 0 0 0 0 0 0 0 0 0 0 0 0 0 0 0 0 0 0 0 0 0 0 0 data 25 0x10005 0xd26ca 0x0 0x0 0x0 0x0 0x0 0x40007 0x327f1 0x30 0xa000e 0xc0002 0xa0071 0x150002 0x329c6 0x0 0x0 0x0 0x0 0x0 0x0 0x9 0x2 0x0 0x0 oops 0 methods 0
ciMethodData java/lang/String isLatin1 ()Z 2 1155173 orig 80 0 0 0 0 0 0 0 0 0 0 0 0 122 0 0 0 0 0 0 0 0 0 0 0 0 0 0 0 0 0 0 0 0 0 0 0 0 0 0 0 0 0 0 0 0 0 0 0 0 0 0 0 0 0 0 0 0 0 0 0 0 0 0 0 0 0 0 0 0 0 0 0 0 0 0 0 0 0 0 0 data 18 0x30007 0x0 0x58 0x11a71c 0xa0007 0x4599a 0x38 0xd573b 0xe0003 0xd57dd 0x18 0x0 0x0 0x0 0x0 0x9 0x1 0x0 oops 0 methods 0
ciMethodData java/lang/StringLatin1 charAt ([BI)C 2 509139 orig 80 0 0 0 0 0 0 0 0 0 0 0 0 122 0 0 0 0 0 0 0 0 0 0 0 0 0 0 0 0 0 0 0 0 0 0 0 0 0 0 0 0 0 0 0 0 0 0 0 0 0 0 0 0 0 0 0 0 0 0 0 0 0 0 0 0 0 0 0 0 0 0 0 0 0 0 0 0 0 0 0 data 18 0x10007 0x0 0x40 0x7c395 0x70007 0x7c439 0x30 0x0 0xf0002 0x0 0x0 0x0 0x0 0x0 0x9 0x2 0x0 0x0 oops 0 methods 0
ciMethodData java/lang/StringUTF16 charAt ([BI)C 2 208846 orig 80 0 0 0 0 0 0 0 0 0 0 0 0 122 0 0 0 0 0 0 0 0 0 0 0 0 0 0 0 0 0 0 0 0 0 0 0 0 0 0 0 0 0 0 0 0 0 0 0 0 0 0 0 0 0 0 0 0 0 0 0 0 0 0 0 0 0 0 0 0 0 0 0 0 0 0 0 0 0 0 0 data 14 0x20002 0x32f92 0x70002 0x1ce 0x0 0x0 0x0 0x0 0x0 0x0 0x9 0x2 0x0 0x0 oops 0 methods 0
ciMethodData java/lang/StringUTF16 checkIndex (I[B)V 2 208954 orig 80 0 0 0 0 0 0 0 0 0 0 0 0 122 0 0 0 0 0 0 0 0 0 0 0 0 0 0 0 0 0 0 0 0 0 0 0 0 0 0 0 0 0 0 0 0 0 0 0 0 0 0 0 0 0 0 0 0 0 0 0 0 0 0 0 0 0 0 0 0 0 0 0 0 0 0 0 0 0 0 0 data 14 0x20002 0x32ff9 0x50002 0x32fdc 0x0 0x0 0x0 0x0 0x0 0x0 0x9 0x2 0x0 0x0 oops 0 methods 0
ciMethodData java/lang/StringUTF16 length ([B)I 2 286012 orig 80 0 0 0 0 0 0 0 0 0 0 0 0 122 0 0 0 0 0 0 0 0 0 0 0 0 0 0 0 0 0 0 0 0 0 0 0 0 0 0 0 0 0 0 0 0 0 0 0 0 0 0 0 0 0 0 0 0 0 0 0 0 0 0 0 0 0 0 0 0 0 0 0 0 0 0 0 0 0 0 0 data 6 0x0 0x0 0x0 0x9 0x1 0x0 oops 0 methods 0
ciMethodData java/lang/String checkIndex (II)V 2 5816 orig 80 0 0 0 0 0 0 0 0 0 0 0 0 122 0 0 0 0 0 0 0 0 0 0 0 0 0 0 0 0 0 0 0 0 0 0 0 0 0 0 0 0 0 0 0 0 0 0 0 0 0 0 0 0 0 0 0 0 0 0 0 0 0 0 0 0 0 0 0 0 0 0 0 0 0 0 0 0 0 0 0 data 57 0x10007 0x0 0x40 0x167f 0x60007 0x1680 0x158 0x0 0x110002 0x0 0x170005 0x0 0x0 0x0 0x0 0x0 0x0 0x1b0005 0x0 0x0 0x0 0x0 0x0 0x0 0x210005 0x0 0x0 0x0 0x0 0x0 0x0 0x250005 0x0 0x0 0x0 0x0 0x0 0x0 0x280005 0x0 0x0 0x0 0x0 0x0 0x0 0x2b0002 0x0 0x0 0x0 0x0 0x0 0x0 0x0 0x9 0x2 0x0 0x0 oops 0 methods 0
ciMethodData java/lang/String hashCode ()I 2 15224 orig 80 1 0 0 0 0 0 0 0 0 0 0 0 122 0 0 0 0 0 0 0 0 0 0 0 0 0 0 0 0 0 0 0 0 0 0 0 0 0 0 1 0 0 0 0 0 0 0 0 0 0 0 0 0 0 0 0 0 0 0 0 0 0 0 0 0 0 0 0 0 0 0 0 0 0 0 0 0 0 0 0 data 42 0x60007 0x23ea 0x108 0x1678 0xd0007 0x9b 0xe8 0x15e0 0x110005 0x15df 0x0 0x0 0x0 0x0 0x0 0x8000000600140007 0x1 0x48 0x15d8 0x1b0002 0x15d6 0x1e0003 0x15ea 0x28 0x250002 0x1 0x2a0007 0x15e8 0x38 0x1 0x320003 0x1 0x18 0x0 0x0 0x0 0x0 0x0 0x0 0x9 0x1 0xe oops 0 methods 0
ciMethodData java/lang/StringUTF16 hashCode ([B)I 2 154750 orig 80 2 0 0 0 1 0 0 0 0 0 0 0 122 0 0 0 0 0 0 0 0 0 0 0 0 0 0 0 0 0 0 0 0 0 0 0 0 0 0 3 0 0 0 0 0 0 0 0 0 0 0 0 0 0 0 0 0 0 0 0 0 0 0 0 0 0 0 0 0 0 0 0 0 0 0 0 0 0 0 0 data 18 0x80000006000b0007 0x3a4c 0x48 0x25c7d 0x140002 0x1c6b3 0x1c0003 0x25c7d 0xffffffffffffffd0 0x0 0x0 0x0 0x0 0x0 0x0 0x9 0x1 0x0 oops 0 methods 0
ciMethodData java/lang/Object <init> ()V 2 1230416 orig 80 1 0 0 0 0 0 0 0 0 0 0 0 122 0 0 0 0 0 0 0 0 0 0 0 0 0 0 0 0 0 0 0 0 0 0 0 0 0 0 0 0 0 0 0 0 0 0 0 0 0 0 0 0 0 0 0 0 0 0 0 0 0 0 0 0 0 0 0 0 0 0 0 0 0 0 0 0 0 0 0 data 4 0x0 0x9 0x1 0x0 oops 0 methods 0
ciMethodData java/lang/String equals (Ljava/lang/Object;)Z 2 1133880 orig 80 1 0 0 0 0 0 0 0 0 0 0 0 122 0 0 0 0 0 0 0 1 0 0 0 0 0 0 0 0 0 0 0 0 0 0 0 0 0 0 1 0 0 0 0 0 0 0 0 0 0 0 0 0 0 0 0 0 0 0 0 0 0 0 0 0 0 0 0 0 0 0 0 0 0 0 0 0 0 0 0 data 49 0x20007 0xf10 0x20 0x990 0x400080104 0xffffffffffffffff 0x0 0x209ff451240 0xefe 0x20994c99230 0x1 0xb0007 0x13 0xe0 0xefe 0xf0004 0x0 0x0 0x209ff451240 0xefe 0x0 0x0 0x160007 0x0 0x40 0xefe 0x8000000600210007 0x2 0x68 0xefd 0x2c0002 0xefd 0x2f0007 0x678 0x38 0x885 0x330003 0x885 0x18 0x0 0x0 0x0 0x0 0x0 0x0 0x9 0x2 0x0 0x0 oops 3 7 java/lang/String 9 com/mongodb/internal/connection/ScramShaAuthenticator$CacheKey 18 java/lang/String methods 0
ciMethod java/lang/Enum ordinal ()I 258 0 129 0 0
ciMethodData java/lang/String coder ()B 2 1391555 orig 80 0 0 0 0 0 0 0 0 0 0 0 0 122 0 0 0 0 0 0 0 0 0 0 0 0 0 0 0 0 0 0 0 0 0 0 0 0 0 0 0 0 0 0 0 0 0 0 0 0 0 0 0 0 0 0 0 0 0 0 0 0 0 0 0 0 0 0 0 0 0 0 0 0 0 0 0 0 0 0 0 data 14 0x30007 0x0 0x38 0x153f6e 0xa0003 0x154023 0x18 0x0 0x0 0x0 0x0 0x9 0x1 0x0 oops 0 methods 0
ciMethodData java/lang/String length ()I 2 1235078 orig 80 0 0 0 0 0 0 0 0 0 0 0 0 122 0 0 0 0 0 0 0 0 0 0 0 0 0 0 0 0 0 0 0 0 0 0 0 0 0 0 0 0 0 0 0 0 0 0 0 0 0 0 0 0 0 0 0 0 0 0 0 0 0 0 0 0 0 0 0 0 0 0 0 0 0 0 0 0 0 0 0 data 16 0x60005 0x12d967 0x0 0x0 0x0 0x0 0x0 0x0 0x0 0x0 0x0 0x0 0x0 0x9 0x1 0x0 oops 0 methods 0
ciMethodData java/util/HashMap hash (Ljava/lang/Object;)I 2 36262 orig 80 0 0 0 0 0 0 0 0 0 0 0 0 122 0 0 0 0 0 0 0 0 0 0 0 0 0 0 0 0 0 0 0 0 0 0 0 0 0 0 0 0 0 0 0 0 0 0 0 0 0 0 0 0 0 0 0 0 0 0 0 0 0 0 0 0 0 0 0 0 0 0 0 0 0 0 0 0 0 0 0 data 23 0x10007 0x8c05 0x38 0x2 0x50003 0x2 0x50 0x90005 0x1273 0x0 0x209ff451240 0x780e 0x209ff452870 0x176 0x0 0x0 0x0 0x0 0x0 0x0 0x9 0x1 0x0 oops 2 10 java/lang/String 12 java/lang/Module methods 0
ciMethodData java/util/HashMap putVal (ILjava/lang/Object;Ljava/lang/Object;ZZ)Ljava/lang/Object; 2 43078 orig 80 1 0 0 0 0 0 0 0 0 0 0 0 122 0 0 0 0 0 0 0 4 0 0 0 0 0 0 0 0 0 0 0 0 0 0 0 0 0 0 1 0 0 0 0 0 0 0 0 0 0 0 0 0 0 0 0 0 0 0 0 0 0 0 0 0 0 0 0 0 0 0 0 0 0 0 0 0 0 0 0 data 198 0x70007 0x906 0x40 0x9e35 0x100007 0x9e35 0x58 0x0 0x140005 0x8f2 0x0 0x0 0x0 0x0 0x0 0x2c0007 0x611b 0xa8 0x4618 0x380005 0x27 0x0 0x2099585c9e0 0x3d61 0x20993001ce0 0x888 0x3b0004 0x0 0x0 0x2099585db20 0x3d83 0x20993001d90 0x894 0x3c0003 0x461b 0x410 0x450007 0x279c 0xd0 0x397d 0x510007 0x3842 0x98 0x140 0x550007 0x0 0x90 0x140 0x5b0005 0x0 0x0 0x209ff451240 0x13f 0x0 0x0 0x5e0007 0x8d 0x38 0xb2 0x650003 0x38f1 0x2a8 0x6a0004 0xffffffffffffd7d6 0x0 0x2099585db20 0xae 0x20993001d90 0x7 0x6d0007 0x2829 0xa8 0x0 0x720004 0x0 0x0 0x0 0x0 0x0 0x0 0x7b0005 0x0 0x0 0x0 0x0 0x0 0x0 0x800003 0x0 0x1c8 0x8e0007 0xbdf 0xc8 0x2775 0x980005 0x1b 0x0 0x2099585c9e0 0x2621 0x20993001ce0 0x137 0x8000000600a20007 0x2771 0x158 0x1 0xa90005 0x1 0x0 0x0 0x0 0x0 0x0 0xac0003 0x1 0x100 0xb50007 0xb0b 0xd0 0xd3 0xc10007 0x70 0xc8 0x63 0xc50007 0x0 0x90 0x63 0x8000000400cb0005 0x0 0x0 0x209ff451240 0x63 0x209ff455040 0x4 0xce0007 0x1b 0x38 0x4c 0xd10003 0x4c 0x30 0xdb0003 0xb26 0xfffffffffffffe68 0xe00007 0x2772 0x98 0x39b0 0xec0007 0x99 0x40 0x3917 0xf10007 0x3917 0x20 0x0 0xfd0005 0x0 0x0 0x2099585c9e0 0x396e 0x20993001ce0 0x41 0x11c0007 0x6c98 0x58 0xf8 0x1200005 0xf8 0x0 0x0 0x0 0x0 0x0 0x1270005 0x42 0x0 0x2099585c9e0 0x6375 0x20993001ce0 0x9d1 0x0 0x0 0x0 0x0 0x0 0x0 0x0 0x0 0x0 0x9 0x6 0x0 0x0 0x0 0x0 0x0 0x0 oops 15 22 java/util/HashMap 24 java/util/LinkedHashMap 29 java/util/HashMap$Node 31 java/util/LinkedHashMap$Entry 51 java/lang/String 65 java/util/HashMap$Node 67 java/util/LinkedHashMap$Entry 97 java/util/HashMap 99 java/util/LinkedHashMap 130 java/lang/String 132 java/lang/Integer 159 java/util/HashMap 161 java/util/LinkedHashMap 177 java/util/HashMap 179 java/util/LinkedHashMap methods 0
ciMethodData java/util/HashMap put (Ljava/lang/Object;Ljava/lang/Object;)Ljava/lang/Object; 2 30435 orig 80 1 0 0 0 0 0 0 0 0 0 0 0 122 0 0 0 0 0 0 0 0 0 0 0 0 0 0 0 0 0 0 0 0 0 0 0 0 0 0 0 0 0 0 0 0 0 0 0 0 0 0 0 0 0 0 0 0 0 0 0 0 0 0 0 0 0 0 0 0 0 0 0 0 0 0 0 0 0 0 0 data 20 0x20002 0x749d 0x90005 0x74a2 0x0 0x0 0x0 0x0 0x0 0x0 0x0 0x0 0x0 0x0 0x0 0x9 0x3 0x0 0x0 0x0 oops 0 methods 0
ciMethodData java/util/HashMap getNode (Ljava/lang/Object;)Ljava/util/HashMap$Node; 2 101755 orig 80 1 0 0 0 0 0 0 0 0 0 0 0 122 0 0 0 0 0 0 0 0 0 0 0 0 0 0 0 0 0 0 0 0 0 0 0 0 0 0 2 0 0 0 0 0 0 0 0 0 0 0 0 0 0 0 0 0 0 0 0 0 0 0 0 0 0 0 0 0 0 0 0 0 0 0 0 0 0 0 0 data 103 0x60007 0x662 0x2e8 0xe7a 0xe0007 0x0 0x2c8 0xe7d 0x170002 0xe7c 0x210007 0x938 0x298 0x544 0x2a0007 0xf3 0xb8 0x452 0x350007 0x30f 0x98 0x142 0x390007 0x0 0x78 0x141 0x3f0005 0x22 0x0 0x209ff451240 0x113 0x20995862ca0 0xc 0x8000000600420007 0x2 0x20 0x140 0x4e0007 0x79 0x1c0 0x7c 0x520004 0xffffffffffffff84 0x0 0x2099585db20 0x1d 0x0 0x0 0x550007 0x7c 0x90 0x0 0x590004 0x0 0x0 0x0 0x0 0x0 0x0 0x5f0005 0x0 0x0 0x0 0x0 0x0 0x0 0x6a0007 0x37 0xb8 0x59 0x760007 0x35 0x98 0x24 0x7a0007 0x0 0x78 0x24 0x800005 0x0 0x0 0x209ff451240 0x23 0x209ff4550d0 0x1 0x830007 0x0 0x20 0x24 0x910007 0x14 0xffffffffffffff48 0x23 0x0 0x0 0x0 0x0 0x0 0x0 0x9 0x2 0x0 0x0 oops 5 29 java/lang/String 31 java/util/zip/ZipFile$Source$Key 44 java/util/HashMap$Node 81 java/lang/String 83 java/lang/Long methods 0
ciMethodData java/util/HashMap get (Ljava/lang/Object;)Ljava/lang/Object; 2 103133 orig 80 1 0 0 0 0 0 0 0 0 0 0 0 122 0 0 0 0 0 0 0 0 0 0 0 0 0 0 0 0 0 0 0 0 0 0 0 0 0 0 0 0 0 0 0 0 0 0 0 0 0 0 0 0 0 0 0 0 0 0 0 0 0 0 0 0 0 0 0 0 0 0 0 0 0 0 0 0 0 0 0 data 24 0x20005 0x18a2 0x0 0x0 0x0 0x0 0x0 0x70007 0x838 0x38 0x106c 0xb0003 0x106e 0x18 0x0 0x0 0x0 0x0 0x0 0x0 0x9 0x2 0x0 0x0 oops 0 methods 0
ciMethodData java/lang/AbstractStringBuilder ensureCapacityInternal (I)V 2 5441 orig 80 0 0 0 0 0 0 0 0 0 0 0 0 122 0 0 0 0 0 0 0 0 0 0 0 0 0 0 0 0 0 0 0 0 0 0 0 0 0 0 0 0 0 0 0 0 0 0 0 0 0 0 0 0 0 0 0 0 0 0 0 0 0 0 0 0 0 0 0 0 0 0 0 0 0 0 0 0 0 0 0 data 23 0xe0007 0x10c2 0x68 0x37d 0x180005 0x37d 0x0 0x0 0x0 0x0 0x0 0x200002 0x37d 0x0 0x0 0x0 0x0 0x0 0x0 0x9 0x2 0xc 0x0 oops 0 methods 0
ciMethodData java/lang/AbstractStringBuilder newCapacity (I)I 1 954 orig 80 0 0 0 0 0 0 0 0 0 0 0 0 122 0 0 0 0 0 0 0 0 0 0 0 0 0 0 0 0 0 0 0 0 0 0 0 0 0 0 0 0 0 0 0 0 0 0 0 0 0 0 0 0 0 0 0 0 0 0 0 0 0 0 0 0 0 0 0 0 0 0 0 0 0 0 0 0 0 0 0 data 18 0x1d0002 0x37d 0x260007 0x37d 0x30 0x0 0x2f0002 0x0 0x0 0x0 0x0 0x0 0x0 0x0 0x9 0x2 0x0 0x0 oops 0 methods 0
ciMethodData java/util/Arrays copyOf ([BI)[B 2 5217 orig 80 0 0 0 0 0 0 0 0 0 0 0 0 122 0 0 0 0 0 0 0 0 0 0 0 0 0 0 0 0 0 0 0 0 0 0 0 0 0 0 0 0 0 0 0 0 0 0 0 0 0 0 0 0 0 0 0 0 0 0 0 0 0 0 0 0 0 0 0 0 0 0 0 0 0 0 0 0 0 0 0 data 14 0xb0002 0x1421 0xe0002 0x1420 0x0 0x0 0x0 0x0 0x0 0x0 0x9 0x2 0x0 0x0 oops 0 methods 0
ciMethodData java/lang/StringLatin1 canEncode (I)Z 2 27600 orig 80 1 0 0 0 0 0 0 0 0 0 0 0 122 0 0 0 0 0 0 0 0 0 0 0 0 0 0 0 0 0 0 0 0 0 0 0 0 0 0 2 0 0 0 0 0 0 0 0 0 0 0 0 0 0 0 0 0 0 0 0 0 0 0 0 0 0 0 0 0 0 0 0 0 0 0 0 0 0 0 0 data 11 0x8000000600040007 0x2 0x38 0x6ace 0x80003 0x6acf 0x18 0x0 0x9 0x1 0x0 oops 0 methods 0
ciMethodData java/lang/String <init> ([BB)V 2 93708 orig 80 0 0 0 0 0 0 0 0 0 0 0 0 122 0 0 0 0 0 0 0 0 0 0 0 0 0 0 0 0 0 0 0 0 0 0 0 0 0 0 0 0 0 0 0 0 0 0 0 0 0 0 0 0 0 0 0 0 0 0 0 0 0 0 0 0 0 0 0 0 0 0 0 0 0 0 0 0 0 0 0 data 11 0x10002 0x16cf6 0x0 0x0 0x0 0x0 0x9 0x3 0xc 0x0 0x0 oops 0 methods 0
ciMethodData java/lang/AbstractStringBuilder isLatin1 ()Z 2 32303 orig 80 0 0 0 0 0 0 0 0 0 0 0 0 122 0 0 0 0 0 0 0 0 0 0 0 0 0 0 0 0 0 0 0 0 0 0 0 0 0 0 0 0 0 0 0 0 0 0 0 0 0 0 0 0 0 0 0 0 0 0 0 0 0 0 0 0 0 0 0 0 0 0 0 0 0 0 0 0 0 0 0 data 18 0x30007 0x0 0x58 0x7d25 0xa0007 0x119 0x38 0x7c0c 0xe0003 0x7c09 0x18 0x0 0x0 0x0 0x0 0x9 0x1 0x0 oops 0 methods 0
ciMethodData java/util/Arrays copyOfRange ([BII)[B 2 5424 orig 80 0 0 0 0 0 0 0 0 0 0 0 0 122 0 0 0 0 0 0 0 0 0 0 0 0 0 0 0 0 0 0 0 0 0 0 0 0 0 0 0 0 0 0 0 0 0 0 0 0 0 0 0 0 0 0 0 0 0 0 0 0 0 0 0 0 0 0 0 0 0 0 0 0 0 0 0 0 0 0 0 data 51 0x50007 0x1424 0x120 0x0 0x100002 0x0 0x140005 0x0 0x0 0x0 0x0 0x0 0x0 0x1a0005 0x0 0x0 0x0 0x0 0x0 0x0 0x1e0005 0x0 0x0 0x0 0x0 0x0 0x0 0x210005 0x0 0x0 0x0 0x0 0x0 0x0 0x240002 0x0 0x370002 0x1424 0x3a0002 0x1424 0x0 0x0 0x0 0x0 0x0 0x0 0x9 0x3 0xffffffffffffffff 0x0 0x0 oops 0 methods 0
ciMethodData java/lang/AbstractStringBuilder <init> (I)V 2 6681 orig 80 0 0 0 0 0 0 0 0 0 0 0 0 122 0 0 0 0 0 0 0 0 0 0 0 0 0 0 0 0 0 0 0 0 0 0 0 0 0 0 0 0 0 0 0 0 0 0 0 0 0 0 0 0 0 0 0 0 0 0 0 0 0 0 0 0 0 0 0 0 0 0 0 0 0 0 0 0 0 0 0 data 21 0x10002 0x1998 0x70007 0x0 0x38 0x1997 0x160003 0x1995 0x28 0x1b0002 0x0 0x0 0x0 0x0 0x0 0x0 0x0 0x9 0x2 0xc 0x0 oops 0 methods 0
ciMethodData java/lang/StringBuilder toString ()Ljava/lang/String; 2 23258 orig 80 0 0 0 0 0 0 0 0 0 0 0 0 122 0 0 0 0 0 0 0 0 0 0 0 0 0 0 0 0 0 0 0 0 0 0 0 0 0 0 0 0 0 0 0 0 0 0 0 0 0 0 0 0 0 0 0 0 0 0 0 0 0 0 0 0 0 0 0 0 0 0 0 0 0 0 0 0 0 0 0 data 27 0x10005 0x5a70 0x0 0x0 0x0 0x0 0x0 0x40007 0x7 0x48 0x5a5b 0x100002 0x5a5b 0x130003 0x5a4e 0x28 0x1f0002 0x7 0x0 0x0 0x0 0x0 0x0 0x0 0x9 0x1 0x0 oops 0 methods 0
ciMethodData java/lang/StringLatin1 newString ([BII)Ljava/lang/String; 2 5405 orig 80 0 0 0 0 0 0 0 0 0 0 0 0 122 0 0 0 0 0 0 0 0 0 0 0 0 0 0 0 0 0 0 0 0 0 0 0 0 0 0 0 0 0 0 0 0 0 0 0 0 0 0 0 0 0 0 0 0 0 0 0 0 0 0 0 0 0 0 0 0 0 0 0 0 0 0 0 0 0 0 0 data 19 0x10007 0x1446 0x20 0x2 0x100002 0x1446 0x140002 0x1446 0x0 0x0 0x0 0x0 0x0 0x0 0x9 0x3 0x0 0x0 0x0 oops 0 methods 0
ciMethodData java/lang/StringUTF16 newString ([BII)Ljava/lang/String; 2 77812 orig 80 0 0 0 0 0 0 0 0 0 0 0 0 122 0 0 0 0 0 0 0 0 0 0 0 0 0 0 0 0 0 0 0 0 0 0 0 0 0 0 0 0 0 0 0 0 0 0 0 0 0 0 0 0 0 0 0 0 0 0 0 0 0 0 0 0 0 0 0 0 0 0 0 0 0 0 0 0 0 0 0 data 31 0x10007 0x12f9c 0x20 0x51 0xb0007 0x0 0x60 0x12f9b 0x110002 0x12fa1 0x160007 0x34e0 0x30 0xfa3e 0x1f0002 0xfa17 0x320002 0x34c6 0x360002 0x34d9 0x0 0x0 0x0 0x0 0x0 0x0 0x9 0x3 0xffffffffffffffff 0x0 0x0 oops 0 methods 0
ciMethodData java/lang/String isEmpty ()Z 2 70361 orig 80 0 0 0 0 0 0 0 0 0 0 0 0 122 0 0 0 0 0 0 0 0 0 0 0 0 0 0 0 0 0 0 0 0 0 0 0 0 0 0 0 0 0 0 0 0 0 0 0 0 0 0 0 0 0 0 0 0 0 0 0 0 0 0 0 0 0 0 0 0 0 0 0 0 0 0 0 0 0 0 0 data 14 0x50007 0x10369 0x38 0xe68 0x90003 0xe68 0x18 0x0 0x0 0x0 0x0 0x9 0x1 0x0 oops 0 methods 0
ciMethodData java/lang/StringBuilder append (C)Ljava/lang/StringBuilder; 2 620947 orig 80 0 0 0 0 0 0 0 0 0 0 0 0 122 0 0 0 0 0 0 0 0 0 0 0 0 0 0 0 0 0 0 0 0 0 0 0 0 0 0 0 0 0 0 0 0 0 0 0 0 0 0 0 0 0 0 0 0 0 0 0 0 0 0 0 0 0 0 0 0 0 0 0 0 0 0 0 0 0 0 0 data 9 0x20002 0x97884 0x0 0x0 0x0 0x9 0x2 0xe 0x0 oops 0 methods 0
ciMethodData java/lang/AbstractStringBuilder append (C)Ljava/lang/AbstractStringBuilder; 2 712112 orig 80 1 0 0 0 0 0 0 0 0 0 0 0 122 0 0 0 0 0 0 0 0 0 0 0 0 0 0 0 0 0 0 0 0 0 0 0 0 0 0 0 0 0 0 0 0 0 0 0 0 0 0 0 0 0 0 0 0 0 0 0 0 0 0 0 0 0 0 0 0 0 0 0 0 0 0 0 0 0 0 0 data 57 0x70005 0x1c46 0x0 0x0 0x0 0x0 0x0 0xb0005 0x1c51 0x0 0x0 0x0 0x0 0x0 0xe0007 0x7f 0x68 0x1bd1 0x120002 0x1bd2 0x150007 0x2 0x38 0x1bd1 0x2a0003 0x1bd0 0xb8 0x2e0005 0x81 0x0 0x0 0x0 0x0 0x0 0x310007 0x7f 0x58 0x2 0x350005 0x2 0x0 0x0 0x0 0x0 0x0 0x480002 0x81 0x0 0x0 0x0 0x0 0x0 0x0 0x9 0x2 0xe 0x0 oops 0 methods 0
ciMethodData java/lang/AbstractStringBuilder inflate ()V 1 23 orig 80 0 0 0 0 0 0 0 0 0 0 0 0 122 0 0 0 0 0 0 0 0 0 0 0 0 0 0 0 0 0 0 0 0 0 0 0 0 0 0 0 0 0 0 0 0 0 0 0 0 0 0 0 0 0 0 0 0 0 0 0 0 0 0 0 0 0 0 0 0 0 0 0 0 0 0 0 0 0 0 0 data 24 0x10005 0x17 0x0 0x0 0x0 0x0 0x0 0x40007 0xb 0x20 0xc 0xd0002 0xb 0x1c0002 0xb 0x0 0x0 0x0 0x0 0x0 0x0 0x9 0x1 0xc oops 0 methods 0
ciMethodData java/lang/StringUTF16 putCharSB ([BII)V 1 129 orig 80 0 0 0 0 0 0 0 0 0 0 0 0 122 0 0 0 0 0 0 0 0 0 0 0 0 0 0 0 0 0 0 0 0 0 0 0 0 0 0 0 0 0 0 0 0 0 0 0 0 0 0 0 0 0 0 0 0 0 0 0 0 0 0 0 0 0 0 0 0 0 0 0 0 0 0 0 0 0 0 0 data 15 0x20002 0x81 0x80002 0x81 0x0 0x0 0x0 0x0 0x0 0x0 0x9 0x3 0xffffffffffffffff 0x0 0x0 oops 0 methods 0
ciMethodData java/lang/String indexOf (II)I 2 132031 orig 80 0 0 0 0 0 0 0 0 0 0 0 0 122 0 0 0 0 0 0 0 0 0 0 0 0 0 0 0 0 0 0 0 0 0 0 0 0 0 0 0 0 0 0 0 0 0 0 0 0 0 0 0 0 0 0 0 0 0 0 0 0 0 0 0 0 0 0 0 0 0 0 0 0 0 0 0 0 0 0 0 data 29 0x10005 0x202c2 0x0 0x0 0x0 0x0 0x0 0x40007 0x0 0x48 0x20296 0xd0002 0x202b6 0x100003 0x20369 0x28 0x190002 0x0 0x0 0x0 0x0 0x0 0x0 0x0 0x9 0x3 0x0 0x0 0x0 oops 0 methods 0
ciMethodData java/lang/StringLatin1 indexOf ([BII)I 2 5415 orig 80 0 0 0 0 0 0 0 0 0 0 0 0 122 0 0 0 0 0 0 0 0 0 0 0 0 0 0 0 0 0 0 0 0 0 0 0 0 0 0 0 0 0 0 0 0 0 0 0 0 0 0 0 0 0 0 0 0 0 0 0 0 0 0 0 0 0 0 0 0 0 0 0 0 0 0 0 0 0 0 0 data 30 0x10002 0x1415 0x40007 0x1415 0x20 0x0 0xd0007 0x1415 0x38 0x0 0x120003 0x0 0x38 0x170007 0x12c8 0x20 0x14d 0x200002 0x12c8 0x0 0x0 0x0 0x0 0x0 0x0 0x9 0x3 0x0 0x0 0x0 oops 0 methods 0
ciMethodData java/lang/String substring (II)Ljava/lang/String; 2 84528 orig 80 1 0 0 0 0 0 0 0 0 0 0 0 122 0 0 0 0 0 0 0 0 0 0 0 0 0 0 0 0 0 0 0 0 0 0 0 0 0 0 3 0 0 0 0 0 0 0 0 0 0 0 0 0 0 0 0 0 0 0 0 0 0 0 0 0 0 0 0 0 0 0 0 0 0 0 0 0 0 0 0 data 46 0x10005 0x1492c 0x0 0x0 0x0 0x0 0x0 0x80002 0x14926 0xc0007 0x1387b 0x40 0x112a 0x110007 0xddf 0x20 0x34b 0x1c0005 0x14643 0x0 0x0 0x0 0x0 0x0 0x80000006001f0007 0x12fea 0x48 0x164a 0x290002 0x164a 0x2c0003 0x164c 0x28 0x360002 0x12ff1 0x0 0x0 0x0 0x0 0x0 0x0 0x9 0x3 0x0 0x0 0x0 oops 0 methods 0
ciMethodData java/lang/String indexOf (I)I 2 118448 orig 80 0 0 0 0 0 0 0 0 0 0 0 0 122 0 0 0 0 0 0 0 0 0 0 0 0 0 0 0 0 0 0 0 0 0 0 0 0 0 0 0 0 0 0 0 0 0 0 0 0 0 0 0 0 0 0 0 0 0 0 0 0 0 0 0 0 0 0 0 0 0 0 0 0 0 0 0 0 0 0 0 data 17 0x30005 0x1cd5f 0x0 0x0 0x0 0x0 0x0 0x0 0x0 0x0 0x0 0x0 0x0 0x9 0x2 0x0 0x0 oops 0 methods 0
ciMethodData java/lang/CharacterData of (I)Ljava/lang/CharacterData; 2 11659 orig 80 1 0 0 0 0 0 0 0 0 0 0 0 122 0 0 0 0 0 0 0 0 0 0 0 0 0 0 0 0 0 0 0 0 0 0 0 0 0 0 2 0 0 0 0 0 0 0 0 0 0 0 0 0 0 0 0 0 0 0 0 0 0 0 0 0 0 0 0 0 0 0 0 0 0 0 0 0 0 0 0 data 67 0x8000000600040007 0x3 0x20 0x2c8a 0xf0008 0x24 0x0 0x1c0 0x3 0x130 0x0 0x148 0x0 0x160 0x0 0x178 0x0 0x1c0 0x0 0x1c0 0x0 0x1c0 0x0 0x1c0 0x0 0x1c0 0x0 0x1c0 0x0 0x1c0 0x0 0x1c0 0x0 0x1c0 0x0 0x1c0 0x0 0x190 0x0 0x1a8 0x0 0x1a8 0x630003 0x3 0x90 0x690003 0x0 0x78 0x6f0003 0x0 0x60 0x750003 0x0 0x48 0x7b0003 0x0 0x30 0x810003 0x0 0x18 0x0 0x0 0x0 0x0 0x9 0x1 0x0 oops 0 methods 0
ciMethodData jdk/internal/util/ArraysSupport newLength (III)I 2 1415 orig 80 0 0 0 0 0 0 0 0 0 0 0 0 122 0 0 0 0 0 0 0 0 0 0 0 0 0 0 0 0 0 0 0 0 0 0 0 0 0 0 0 0 0 0 0 0 0 0 0 0 0 0 0 0 0 0 0 0 0 0 0 0 0 0 0 0 0 0 0 0 0 0 0 0 0 0 0 0 0 0 0 data 23 0x30002 0x485 0xa0007 0x0 0x40 0x485 0x100007 0x0 0x20 0x485 0x170002 0x0 0x0 0x0 0x0 0x0 0x0 0x0 0x9 0x3 0x0 0x0 0x0 oops 0 methods 0
ciMethodData java/lang/Number <init> ()V 2 38003 orig 80 0 0 0 0 0 0 0 0 0 0 0 0 122 0 0 0 0 0 0 0 0 0 0 0 0 0 0 0 0 0 0 0 0 0 0 0 0 0 0 0 0 0 0 0 0 0 0 0 0 0 0 0 0 0 0 0 0 0 0 0 0 0 0 0 0 0 0 0 0 0 0 0 0 0 0 0 0 0 0 0 data 7 0x10002 0x9245 0x0 0x0 0x9 0x1 0x0 oops 0 methods 0
ciMethod com/oracle/truffle/api/strings/TruffleString createFromArray (Ljava/lang/Object;IIILcom/oracle/truffle/api/strings/TruffleString$Encoding;II)Lcom/oracle/truffle/api/strings/TruffleString; 848 0 34046 0 -1
ciMethod com/oracle/truffle/api/strings/TruffleString createWrapJavaString (Ljava/lang/String;II)Lcom/oracle/truffle/api/strings/TruffleString; 536 0 34620 0 -1
ciMethod com/oracle/truffle/api/strings/TruffleString cacheInsertFirstBeforePublished (Lcom/oracle/truffle/api/strings/TruffleString;)V 954 0 34009 0 -1
ciMethod com/oracle/truffle/api/strings/TruffleString fromJavaStringUncached (Ljava/lang/String;Lcom/oracle/truffle/api/strings/TruffleString$Encoding;)Lcom/oracle/truffle/api/strings/TruffleString; 926 0 23076 0 0
ciMethod com/oracle/truffle/api/strings/AbstractTruffleString checkArrayRange (III)V 1026 0 34662 0 -1
ciMethod com/oracle/truffle/api/CompilerAsserts partialEvaluationConstant (Z)V 1026 0 35131 0 -1
ciMethod com/oracle/truffle/api/strings/TruffleString$Encoding getEmpty ()Lcom/oracle/truffle/api/strings/TruffleString; 8 0 422 0 0
ciMethodData java/lang/Integer valueOf (I)Ljava/lang/Integer; 2 106800 orig 80 0 0 0 0 0 0 0 0 0 0 0 0 122 0 0 0 0 0 0 0 0 0 0 0 0 0 0 0 0 0 0 0 0 0 0 0 0 0 0 0 0 0 0 0 0 0 0 0 0 0 0 0 0 0 0 0 0 0 0 0 0 0 0 0 0 0 0 0 0 0 0 0 0 0 0 0 0 0 0 0 data 17 0x30007 0x4c 0x40 0x1a089 0xa0007 0x8b29 0x20 0x11571 0x1c0002 0x8b5d 0x0 0x0 0x0 0x0 0x9 0x1 0x0 oops 0 methods 0
ciMethodData java/lang/Integer <init> (I)V 2 35950 orig 80 0 0 0 0 0 0 0 0 0 0 0 0 122 0 0 0 0 0 0 0 0 0 0 0 0 0 0 0 0 0 0 0 0 0 0 0 0 0 0 0 0 0 0 0 0 0 0 0 0 0 0 0 0 0 0 0 0 0 0 0 0 0 0 0 0 0 0 0 0 0 0 0 0 0 0 0 0 0 0 0 data 10 0x10002 0x8b60 0x0 0x0 0x0 0x0 0x9 0x2 0x6 0x0 oops 0 methods 0
ciMethod com/oracle/truffle/api/strings/TStringOps readFromByteArray ([BII)I 2 0 7469 0 -1
ciMethod com/oracle/truffle/api/strings/TStringOps arraycopyWithStride (Lcom/oracle/truffle/api/nodes/Node;Ljava/lang/Object;IIILjava/lang/Object;IIII)Ljava/lang/Object; 0 0 1690 0 -1
ciMethod com/oracle/truffle/api/strings/TStringOps calcStringAttributesLatin1 (Lcom/oracle/truffle/api/nodes/Node;Ljava/lang/Object;II)I 612 0 23166 0 -1
ciMethod com/oracle/truffle/api/strings/TStringOps calcStringAttributesUTF16 (Lcom/oracle/truffle/api/nodes/Node;Ljava/lang/Object;IIZ)J 2 0 10870 0 -1
ciMethod com/oracle/truffle/api/profiles/ConditionProfile profile (Z)Z 0 0 1 0 -1
ciMethod com/oracle/truffle/api/profiles/ConditionProfile getUncached ()Lcom/oracle/truffle/api/profiles/ConditionProfile; 522 0 72109 0 64
ciMethod com/oracle/truffle/api/profiles/ConditionProfile$Disabled profile (Z)Z 544 0 75372 0 64
ciMethod com/oracle/truffle/api/strings/TruffleString$FromJavaStringNode execute (Ljava/lang/String;Lcom/oracle/truffle/api/strings/TruffleString$Encoding;)Lcom/oracle/truffle/api/strings/TruffleString; 768 0 25385 0 0
ciMethod com/oracle/truffle/api/strings/TruffleString$FromJavaStringNode execute (Ljava/lang/String;IILcom/oracle/truffle/api/strings/TruffleString$Encoding;Z)Lcom/oracle/truffle/api/strings/TruffleString; 0 0 1 0 -1
ciMethod com/oracle/truffle/api/strings/TruffleString$FromJavaStringNode doUTF16 (Ljava/lang/String;IILcom/oracle/truffle/api/strings/TruffleString$Encoding;ZLcom/oracle/truffle/api/strings/TStringInternalNodes$FromJavaStringUTF16Node;Lcom/oracle/truffle/api/strings/TruffleString$SwitchEncodingNode;Lcom/oracle/truffle/api/profiles/ConditionProfile;)Lcom/oracle/truffle/api/strings/TruffleString; 836 0 25385 0 0
ciMethod com/oracle/truffle/api/strings/TruffleString$FromJavaStringNode getUncached ()Lcom/oracle/truffle/api/strings/TruffleString$FromJavaStringNode; 518 0 25382 0 0
ciMethod com/oracle/truffle/api/strings/TruffleStringFactory$FromJavaStringNodeGen getUncached ()Lcom/oracle/truffle/api/strings/TruffleString$FromJavaStringNode; 520 0 25381 0 0
ciMethod com/oracle/truffle/api/strings/TStringInternalNodes$FromJavaStringUTF16Node execute (Ljava/lang/String;IIZ)Lcom/oracle/truffle/api/strings/TruffleString; 0 0 1 0 -1
ciMethod com/oracle/truffle/api/strings/TStringInternalNodes$FromJavaStringUTF16Node doNonEmpty (Ljava/lang/String;IIZLcom/oracle/truffle/api/profiles/ConditionProfile;)Lcom/oracle/truffle/api/strings/TruffleString; 1026 0 34656 0 -1
ciMethod com/oracle/truffle/api/strings/TruffleString$SwitchEncodingNode execute (Lcom/oracle/truffle/api/strings/AbstractTruffleString;Lcom/oracle/truffle/api/strings/TruffleString$Encoding;)Lcom/oracle/truffle/api/strings/TruffleString; 0 0 1 0 -1
ciMethod com/oracle/truffle/api/strings/TruffleString$SwitchEncodingNode getUncached ()Lcom/oracle/truffle/api/strings/TruffleString$SwitchEncodingNode; 822 0 25382 0 0
ciMethod com/oracle/truffle/api/strings/TruffleStringFactory$FromJavaStringNodeGen$Uncached execute (Ljava/lang/String;IILcom/oracle/truffle/api/strings/TruffleString$Encoding;Z)Lcom/oracle/truffle/api/strings/TruffleString; 814 0 25381 0 0
ciMethod com/oracle/truffle/api/strings/TStringInternalNodesFactory$FromJavaStringUTF16NodeGen getUncached ()Lcom/oracle/truffle/api/strings/TStringInternalNodes$FromJavaStringUTF16Node; 818 0 25381 0 0
ciMethod com/oracle/truffle/api/strings/TStringInternalNodesFactory$FromJavaStringUTF16NodeGen$Uncached execute (Ljava/lang/String;IIZ)Lcom/oracle/truffle/api/strings/TruffleString; 1026 0 25373 0 0
ciMethod com/oracle/truffle/api/strings/TruffleStringFactory$SwitchEncodingNodeGen getUncached ()Lcom/oracle/truffle/api/strings/TruffleString$SwitchEncodingNode; 824 0 25384 0 0
ciMethodData java/lang/StringBuilder <init> (I)V 2 10605 orig 80 0 0 0 0 0 0 0 0 0 0 0 0 122 0 0 0 0 0 0 0 0 0 0 0 0 0 0 0 0 0 0 0 0 0 0 0 0 0 0 0 0 0 0 0 0 0 0 0 0 0 0 0 0 0 0 0 0 0 0 0 0 0 0 0 0 0 0 0 0 0 0 0 0 0 0 0 0 0 0 0 data 8 0x20002 0x2862 0x0 0x0 0x9 0x2 0x0 0x0 oops 0 methods 0
ciMethod jdk/internal/math/FloatingDecimal parseDouble (Ljava/lang/String;)D 22 0 32 0 0
ciMethod jdk/internal/math/FloatingDecimal readJavaFormatString (Ljava/lang/String;)Ljdk/internal/math/FloatingDecimal$ASCIIToBinaryConverter; 3178 20024 32 0 -1
ciMethod jdk/internal/math/FloatingDecimal$ASCIIToBinaryConverter doubleValue ()D 0 0 1 0 -1
ciMethod com/oracle/truffle/api/strings/TStringUnsafe getJavaStringArray (Ljava/lang/String;)[B 2 0 69248 0 -1
ciMethod com/oracle/truffle/api/strings/TStringUnsafe getJavaStringStride (Ljava/lang/String;)I 548 0 69260 0 -1
ciMethod com/oracle/truffle/api/strings/TStringConstants getSingleByte (Lcom/oracle/truffle/api/strings/TruffleString$Encoding;I)Lcom/oracle/truffle/api/strings/TruffleString; 72 0 634 0 -1
ciMethodData com/oracle/truffle/api/profiles/ConditionProfile getUncached ()Lcom/oracle/truffle/api/profiles/ConditionProfile; 2 72109 orig 80 0 0 0 0 0 0 0 0 0 0 0 0 122 0 0 0 0 0 0 0 0 0 0 0 0 0 0 0 0 0 0 0 0 0 0 0 0 0 0 0 0 0 0 0 0 0 0 0 0 0 0 0 0 0 0 0 0 0 0 0 0 0 0 0 0 0 0 0 0 0 0 0 0 0 0 0 0 0 0 0 data 4 0x0 0x0 0x9 0x0 oops 0 methods 0
ciMethodData com/oracle/truffle/api/profiles/ConditionProfile$Disabled profile (Z)Z 2 75379 orig 80 0 0 0 0 0 0 0 0 0 0 0 0 122 0 0 0 0 0 0 0 0 0 0 0 0 0 0 0 0 0 0 0 0 0 0 0 0 0 0 0 0 0 0 0 0 0 0 0 0 0 0 0 0 0 0 0 0 0 0 0 0 0 0 0 0 0 0 0 0 0 0 0 0 0 0 0 0 0 0 0 data 5 0x0 0x9 0x2 0x0 0x0 oops 0 methods 0
ciMethodData com/oracle/truffle/api/strings/TruffleStringFactory$FromJavaStringNodeGen getUncached ()Lcom/oracle/truffle/api/strings/TruffleString$FromJavaStringNode; 2 25381 orig 80 0 0 0 0 0 0 0 0 0 0 0 0 122 0 0 0 0 0 0 0 0 0 0 0 0 0 0 0 0 0 0 0 0 0 0 0 0 0 0 0 0 0 0 0 0 0 0 0 0 0 0 0 0 0 0 0 0 0 0 0 0 0 0 0 0 0 0 0 0 0 0 0 0 0 0 0 0 0 0 0 data 4 0x0 0x0 0x9 0x0 oops 0 methods 0
ciMethod com/oracle/truffle/api/strings/Stride fromCodeRangeUTF16 (I)I 2 0 1992 0 -1
ciMethodData com/oracle/truffle/api/strings/TruffleString$FromJavaStringNode getUncached ()Lcom/oracle/truffle/api/strings/TruffleString$FromJavaStringNode; 2 25382 orig 80 0 0 0 0 0 0 0 0 0 0 0 0 122 0 0 0 0 0 0 0 0 0 0 0 0 0 0 0 0 0 0 0 0 0 0 0 0 0 0 0 0 0 0 0 0 0 0 0 0 0 0 0 0 0 0 0 0 0 0 0 0 0 0 0 0 0 0 0 0 0 0 0 0 0 0 0 0 0 0 0 data 10 0x2 0x6223 0x0 0x0 0x0 0x0 0x0 0x0 0x9 0x0 oops 0 methods 0
ciMethodData com/oracle/truffle/api/strings/TruffleString$FromJavaStringNode execute (Ljava/lang/String;Lcom/oracle/truffle/api/strings/TruffleString$Encoding;)Lcom/oracle/truffle/api/strings/TruffleString; 2 25385 orig 80 0 0 0 0 0 0 0 0 0 0 0 0 122 0 0 0 0 0 0 0 0 0 0 0 0 0 0 0 0 0 0 0 0 0 0 0 0 0 0 0 0 0 0 0 0 0 0 0 0 0 0 0 0 0 0 0 0 0 0 0 0 0 0 0 0 0 0 0 0 0 0 0 0 0 0 0 0 0 0 0 data 25 0x40005 0x61a7 0x0 0x0 0x0 0x0 0x0 0x90005 0x0 0x0 0x2099406d7c0 0x61a2 0x0 0x0 0x0 0x0 0x0 0x0 0x0 0x0 0x9 0x3 0x0 0x0 0x0 oops 1 10 com/oracle/truffle/api/strings/TruffleStringFactory$FromJavaStringNodeGen$Uncached methods 0
ciMethodData com/oracle/truffle/api/strings/TruffleStringFactory$FromJavaStringNodeGen$Uncached execute (Ljava/lang/String;IILcom/oracle/truffle/api/strings/TruffleString$Encoding;Z)Lcom/oracle/truffle/api/strings/TruffleString; 2 25381 orig 80 0 0 0 0 0 0 0 0 0 0 0 0 122 0 0 0 0 0 0 0 0 0 0 0 0 0 0 0 0 0 0 0 0 0 0 0 0 0 0 0 0 0 0 0 0 0 0 0 0 0 0 0 0 0 0 0 0 0 0 0 0 0 0 0 0 0 0 0 0 0 0 0 0 0 0 0 0 0 0 0 data 22 0x70002 0x618e 0xa0002 0x6191 0xd0002 0x6190 0x100002 0x6192 0x0 0x0 0x0 0x0 0x0 0x0 0x9 0x6 0x0 0x0 0x0 0x0 0x0 0x0 oops 0 methods 0
ciMethodData com/oracle/truffle/api/strings/TStringInternalNodesFactory$FromJavaStringUTF16NodeGen getUncached ()Lcom/oracle/truffle/api/strings/TStringInternalNodes$FromJavaStringUTF16Node; 2 25381 orig 80 0 0 0 0 0 0 0 0 0 0 0 0 122 0 0 0 0 0 0 0 0 0 0 0 0 0 0 0 0 0 0 0 0 0 0 0 0 0 0 0 0 0 0 0 0 0 0 0 0 0 0 0 0 0 0 0 0 0 0 0 0 0 0 0 0 0 0 0 0 0 0 0 0 0 0 0 0 0 0 0 data 4 0x0 0x0 0x9 0x0 oops 0 methods 0
ciMethodData com/oracle/truffle/api/strings/TruffleString$SwitchEncodingNode getUncached ()Lcom/oracle/truffle/api/strings/TruffleString$SwitchEncodingNode; 2 25382 orig 80 0 0 0 0 0 0 0 0 0 0 0 0 122 0 0 0 0 0 0 0 0 0 0 0 0 0 0 0 0 0 0 0 0 0 0 0 0 0 0 0 0 0 0 0 0 0 0 0 0 0 0 0 0 0 0 0 0 0 0 0 0 0 0 0 0 0 0 0 0 0 0 0 0 0 0 0 0 0 0 0 data 10 0x2 0x618c 0x0 0x0 0x0 0x0 0x0 0x0 0x9 0x0 oops 0 methods 0
ciMethodData com/oracle/truffle/api/strings/TruffleStringFactory$SwitchEncodingNodeGen getUncached ()Lcom/oracle/truffle/api/strings/TruffleString$SwitchEncodingNode; 2 25384 orig 80 0 0 0 0 0 0 0 0 0 0 0 0 122 0 0 0 0 0 0 0 0 0 0 0 0 0 0 0 0 0 0 0 0 0 0 0 0 0 0 0 0 0 0 0 0 0 0 0 0 0 0 0 0 0 0 0 0 0 0 0 0 0 0 0 0 0 0 0 0 0 0 0 0 0 0 0 0 0 0 0 data 4 0x0 0x0 0x9 0x0 oops 0 methods 0
ciMethodData com/oracle/truffle/api/strings/TruffleString$FromJavaStringNode doUTF16 (Ljava/lang/String;IILcom/oracle/truffle/api/strings/TruffleString$Encoding;ZLcom/oracle/truffle/api/strings/TStringInternalNodes$FromJavaStringUTF16Node;Lcom/oracle/truffle/api/strings/TruffleString$SwitchEncodingNode;Lcom/oracle/truffle/api/profiles/ConditionProfile;)Lcom/oracle/truffle/api/strings/TruffleString; 2 25391 orig 80 0 0 0 0 0 0 0 0 0 0 0 0 122 0 0 0 0 0 0 0 0 0 0 0 0 0 0 0 0 0 0 0 0 0 0 0 0 0 0 0 0 0 0 0 0 0 0 0 0 0 0 0 0 0 0 0 0 0 0 0 0 0 0 0 0 0 0 0 0 0 0 0 0 0 0 0 0 0 0 0 data 66 0x10005 0x618d 0x0 0x0 0x0 0x0 0x0 0x40007 0x6183 0x58 0x8 0x80005 0x8 0x0 0x0 0x0 0x0 0x0 0x130005 0x0 0x0 0x2099312c860 0x6183 0x0 0x0 0x1e0007 0x0 0x38 0x6181 0x220003 0x6181 0x18 0x260005 0x6152 0x0 0x2099312e660 0x2f 0x0 0x0 0x290007 0x0 0x20 0x617b 0x340005 0x0 0x0 0x0 0x0 0x0 0x0 0x0 0x0 0x0 0x0 0x0 0x0 0x9 0x8 0x0 0x0 0x0 0x0 0x0 0x0 0x0 0x0 oops 2 21 com/oracle/truffle/api/strings/TStringInternalNodesFactory$FromJavaStringUTF16NodeGen$Uncached 35 com/oracle/truffle/api/profiles/ConditionProfile$Disabled methods 0
ciMethodData com/oracle/truffle/api/strings/TruffleString$Encoding getEmpty ()Lcom/oracle/truffle/api/strings/TruffleString; 1 422 orig 80 0 0 0 0 0 0 0 0 0 0 0 0 122 0 0 0 0 0 0 0 0 0 0 0 0 0 0 0 0 0 0 0 0 0 0 0 0 0 0 0 0 0 0 0 0 0 0 0 0 0 0 0 0 0 0 0 0 0 0 0 0 0 0 0 0 0 0 0 0 0 0 0 0 0 0 0 0 0 0 0 data 7 0x0 0x0 0x0 0x0 0x9 0x1 0x0 oops 0 methods 0
ciMethod com/oracle/truffle/api/strings/StringAttributes getCodePointLength (J)I 2 0 10886 0 -1
ciMethod com/oracle/truffle/api/strings/StringAttributes getCodeRange (J)I 2 0 10887 0 -1
ciMethodData java/lang/StringBuilder append (Ljava/lang/CharSequence;II)Ljava/lang/StringBuilder; 1 314 orig 80 0 0 0 0 0 0 0 0 0 0 0 0 122 0 0 0 0 0 0 0 0 0 0 0 0 0 0 0 0 0 0 0 0 0 0 0 0 0 0 0 0 0 0 0 0 0 0 0 0 0 0 0 0 0 0 0 0 0 0 0 0 0 0 0 0 0 0 0 0 0 0 0 0 0 0 0 0 0 0 0 data 11 0x40002 0x66 0x0 0x0 0x0 0x9 0x4 0xffffffffffffffff 0xffffffffffffffff 0x0 0x0 oops 0 methods 0
ciMethodData java/lang/AbstractStringBuilder append (Ljava/lang/CharSequence;II)Ljava/lang/AbstractStringBuilder; 1 315 orig 80 0 0 0 0 0 0 0 0 0 0 0 0 122 0 0 0 0 0 0 0 0 0 0 0 0 0 0 0 0 0 0 0 0 0 0 0 0 0 0 0 0 0 0 0 0 0 0 0 0 0 0 0 0 0 0 0 0 0 0 0 0 0 0 0 0 0 0 0 0 0 0 0 0 0 0 0 0 0 0 0 data 67 0x10007 0x65 0x20 0x0 0xa0005 0x0 0x0 0x209ff451240 0x65 0x0 0x0 0xf0002 0x66 0x1f0005 0x66 0x0 0x0 0x0 0x0 0x0 0x230004 0x0 0x0 0x209ff451240 0x66 0x0 0x0 0x260007 0x0 0xa8 0x66 0x2b0004 0x0 0x0 0x209ff451240 0x65 0x0 0x0 0x300005 0x66 0x0 0x0 0x0 0x0 0x0 0x330003 0x66 0x50 0x3a0005 0x0 0x0 0x0 0x0 0x0 0x0 0x0 0x0 0x0 0x0 0x0 0x0 0x9 0x4 0xffffffffffffffff 0xffffffffffffffff 0x0 0x0 oops 3 7 java/lang/String 23 java/lang/String 34 java/lang/String methods 0
ciMethodData java/lang/Character isHighSurrogate (C)Z 2 202576 orig 80 1 0 0 0 0 0 0 0 0 0 0 0 122 0 0 0 0 0 0 0 0 0 0 0 0 0 0 0 0 0 0 0 0 0 0 0 0 0 0 1 0 0 0 0 0 0 0 0 0 0 0 0 0 0 0 0 0 0 0 0 0 0 0 0 0 0 0 0 0 0 0 0 0 0 0 0 0 0 0 0 data 17 0x8000000600030007 0x31182 0x58 0x5 0x90007 0x5 0x38 0x0 0xd0003 0x0 0x18 0x0 0x0 0x0 0x9 0x1 0x0 oops 0 methods 0
ciMethodData java/lang/Character isLowSurrogate (C)Z 1 122 orig 80 0 0 0 0 0 0 0 0 0 0 0 0 122 0 0 0 0 0 0 0 0 0 0 0 0 0 0 0 0 0 0 0 0 0 0 0 0 0 0 0 0 0 0 0 0 0 0 0 0 0 0 0 0 0 0 0 0 0 0 0 0 0 0 0 0 0 0 0 0 0 0 0 0 0 0 0 0 0 0 0 data 17 0x30007 0x30 0x58 0x0 0x90007 0x0 0x38 0x0 0xd0003 0x0 0x18 0x0 0x0 0x0 0x9 0x1 0x0 oops 0 methods 0
ciMethodData java/lang/Character toCodePoint (CC)I 1 0 orig 80 0 0 0 0 0 0 0 0 0 0 0 0 122 0 0 0 0 0 0 0 0 0 0 0 0 0 0 0 0 0 0 0 0 0 0 0 0 0 0 0 0 0 0 0 0 0 0 0 0 0 0 0 0 0 0 0 0 0 0 0 0 0 0 0 0 0 0 0 0 0 0 0 0 0 0 0 0 0 0 0 data 6 0x0 0x0 0x9 0x2 0x0 0x0 oops 0 methods 0
ciMethodData com/oracle/truffle/api/strings/TStringInternalNodesFactory$FromJavaStringUTF16NodeGen$Uncached execute (Ljava/lang/String;IIZ)Lcom/oracle/truffle/api/strings/TruffleString; 2 25373 orig 80 0 0 0 0 0 0 0 0 0 0 0 0 122 0 0 0 0 0 0 0 0 0 0 0 0 0 0 0 0 0 0 0 0 0 0 0 0 0 0 0 0 0 0 0 0 0 0 0 0 0 0 0 0 0 0 0 0 0 0 0 0 0 0 0 0 0 0 0 0 0 0 0 0 0 0 0 0 0 0 0 data 22 0x60002 0x6122 0x90005 0x0 0x0 0x2099312c860 0x611d 0x0 0x0 0x0 0x0 0x0 0x0 0x0 0x0 0x9 0x5 0x0 0x0 0x0 0x0 0x0 oops 1 5 com/oracle/truffle/api/strings/TStringInternalNodesFactory$FromJavaStringUTF16NodeGen$Uncached methods 0
ciMethodData com/oracle/truffle/api/strings/TStringInternalNodes$FromJavaStringUTF16Node doNonEmpty (Ljava/lang/String;IIZLcom/oracle/truffle/api/profiles/ConditionProfile;)Lcom/oracle/truffle/api/strings/TruffleString; 2 36015 orig 80 0 0 0 0 0 0 0 0 0 0 0 0 122 0 0 0 0 0 0 0 0 0 0 0 0 0 0 0 0 0 0 0 0 0 0 0 0 0 0 0 0 0 0 0 0 0 0 0 0 0 0 0 0 0 0 0 0 0 0 0 0 0 0 0 0 0 0 0 0 0 0 0 0 0 0 0 0 0 0 0 data 178 0x10005 0x8aae 0x0 0x0 0x0 0x0 0x0 0x60002 0x8aaf 0xb0002 0x8ab3 0xf0007 0x8ab5 0x58 0x0 0x150005 0x0 0x0 0x0 0x0 0x0 0x0 0x1a0002 0x8ab4 0x250002 0x8ab2 0x2e0007 0x2a76 0x38 0x6043 0x320003 0x6043 0x18 0x360005 0x8abb 0x0 0x0 0x0 0x0 0x0 0x390007 0x2a76 0x88 0x6040 0x3e0007 0x5dea 0x40 0x256 0x480002 0x256 0x4b0002 0x256 0x550002 0x5dea 0x5d0003 0x5df4 0x108 0x630007 0x2a76 0x50 0x0 0x690007 0x0 0x30 0x0 0x700002 0x0 0x760007 0xd49 0x70 0x1d2e 0x7d0002 0x1d2e 0x830007 0x1d2e 0x40 0x0 0x8d0002 0x0 0x900002 0x0 0x9b0002 0x2a77 0xa20002 0x2a72 0xa90002 0x2a72 0xb00007 0x8868 0x78 0x0 0xb50005 0x0 0x0 0x0 0x0 0x0 0x0 0xb80007 0x0 0x38 0x0 0xc70003 0x8867 0xf0 0xcc0002 0x0 0xdf0007 0x0 0x68 0x0 0xe40007 0x0 0x48 0x0 0xf50002 0x0 0xf90003 0x0 0x78 0xff0007 0x0 0x50 0x0 0x1060007 0x0 0x30 0x0 0x10d0002 0x0 0x1220002 0x0 0x1340002 0x8865 0x13b0005 0x885a 0x0 0x0 0x0 0x0 0x0 0x13e0007 0x0 0xb8 0x885d 0x1440007 0x885e 0x50 0x0 0x1480007 0x0 0x30 0x0 0x14f0002 0x0 0x1580002 0x885f 0x1610005 0x8868 0x0 0x0 0x0 0x0 0x0 0x0 0x0 0x0 0x0 0x0 0x0 0x9 0x6 0x0 0x0 0x0 0x0 0x0 0x0 oops 0 methods 0
ciMethodData java/lang/AbstractStringBuilder appendChars (Ljava/lang/String;II)V 1 315 orig 80 0 0 0 0 0 0 0 0 0 0 0 0 122 0 0 0 0 0 0 0 0 0 0 0 0 0 0 0 0 0 0 0 0 0 0 0 0 0 0 0 0 0 0 0 0 0 0 0 0 0 0 0 0 0 0 0 0 0 0 0 0 0 0 0 0 0 0 0 0 0 0 0 0 0 0 0 0 0 0 0 data 116 0x10005 0x34 0x0 0x0 0x0 0x0 0x0 0x40007 0x0 0x228 0x34 0x80005 0x34 0x0 0x0 0x0 0x0 0x0 0xb0007 0x0 0x80 0x34 0xf0005 0x34 0x0 0x0 0x0 0x0 0x0 0x1e0002 0x34 0x210003 0x34 0x230 0x360007 0x0 0x138 0x0 0x3c0005 0x0 0x0 0x0 0x0 0x0 0x0 0x430002 0x0 0x460007 0x0 0x38 0x0 0x540003 0x0 0x98 0x5e0005 0x0 0x0 0x0 0x0 0x0 0x0 0x620005 0x0 0x0 0x0 0x0 0x0 0x0 0x770002 0x0 0x8b0003 0x0 0xfffffffffffffee0 0x8e0003 0x0 0xe0 0x920005 0x0 0x0 0x0 0x0 0x0 0x0 0x950007 0x0 0x48 0x0 0xa30002 0x0 0xa60003 0x0 0x60 0xaa0005 0x0 0x0 0x0 0x0 0x0 0x0 0xbf0002 0x0 0x0 0x0 0x0 0x0 0x0 0x0 0x0 0x0 0x0 0x9 0x4 0x0 0x0 0x0 0x0 oops 0 methods 0
ciMethodData java/lang/StringUTF16 putCharsSB ([BILjava/lang/CharSequence;II)V 1 10 orig 80 0 0 0 0 0 0 0 0 0 0 0 0 122 0 0 0 0 0 0 0 0 0 0 0 0 0 0 0 0 0 0 0 0 0 0 0 0 0 0 0 0 0 0 0 0 0 0 0 0 0 0 0 0 0 0 0 0 0 0 0 0 0 0 0 0 0 0 0 0 0 0 0 0 0 0 0 0 0 0 0 data 31 0x80002 0x0 0x120007 0x0 0x80 0x0 0x1d0005 0x0 0x0 0x0 0x0 0x0 0x0 0x220002 0x0 0x280003 0x0 0xffffffffffffff98 0x0 0x0 0x0 0x0 0x0 0x0 0x9 0x5 0xffffffffffffffff 0x0 0xffffffffffffffff 0x0 0x0 oops 0 methods 0
ciMethodData java/lang/StringUTF16 putChar ([BII)V 2 13447 orig 80 0 0 0 0 0 0 0 0 0 0 0 0 122 0 0 0 0 0 0 0 0 0 0 0 0 0 0 0 0 0 0 0 0 0 0 0 0 0 0 0 0 0 0 0 0 0 0 0 0 0 0 0 0 0 0 0 0 0 0 0 0 0 0 0 0 0 0 0 0 0 0 0 0 0 0 0 0 0 0 0 data 27 0x30007 0x332f 0x80 0x0 0x70007 0x0 0x50 0x0 0xc0002 0x0 0xf0007 0x0 0x30 0x0 0x180002 0x0 0x0 0x0 0x0 0x0 0x0 0x0 0x9 0x3 0xffffffffffffffff 0x0 0x0 oops 0 methods 0
ciMethodData java/lang/Character digit (CI)I 2 201122 orig 80 0 0 0 0 0 0 0 0 0 0 0 0 122 0 0 0 0 0 0 0 0 0 0 0 0 0 0 0 0 0 0 0 0 0 0 0 0 0 0 0 0 0 0 0 0 0 0 0 0 0 0 0 0 0 0 0 0 0 0 0 0 0 0 0 0 0 0 0 0 0 0 0 0 0 0 0 0 0 0 0 data 12 0x20002 0x30fd4 0x0 0x0 0x0 0x0 0x0 0x0 0x9 0x2 0x0 0x0 oops 0 methods 0
ciMethodData java/lang/Character digit (II)I 2 201101 orig 80 0 0 0 0 0 0 0 0 0 0 0 0 122 0 0 0 0 0 0 0 0 0 0 0 0 0 0 0 0 0 0 0 0 0 0 0 0 0 0 0 0 0 0 0 0 0 0 0 0 0 0 0 0 0 0 0 0 0 0 0 0 0 0 0 0 0 0 0 0 0 0 0 0 0 0 0 0 0 0 0 data 19 0x10002 0x30fa3 0x60005 0x0 0x0 0x209ff74a550 0x31062 0x0 0x0 0x0 0x0 0x0 0x0 0x0 0x0 0x9 0x2 0x0 0x0 oops 1 5 java/lang/CharacterDataLatin1 methods 0
ciMethodData java/lang/CharacterDataLatin1 digit (II)I 2 20688 orig 80 0 0 0 0 0 0 0 0 0 0 0 0 122 0 0 0 0 0 0 0 0 0 0 0 0 0 0 0 0 0 0 0 0 0 0 0 0 0 0 0 0 0 0 0 0 0 0 0 0 0 0 0 0 0 0 0 0 0 0 0 0 0 0 0 0 0 0 0 0 0 0 0 0 0 0 0 0 0 0 0 data 27 0x70007 0x0 0x98 0x4db6 0xc0007 0x0 0x78 0x4db6 0x110007 0x0 0x58 0x4db6 0x170007 0x0 0x38 0x4db6 0x1b0003 0x4db6 0x18 0x0 0x0 0x0 0x9 0x3 0x0 0x0 0x0 oops 0 methods 0
ciMethodData java/lang/Double parseDouble (Ljava/lang/String;)D 1 32 orig 80 0 0 0 0 0 0 0 0 0 0 0 0 122 0 0 0 0 0 0 0 0 0 0 0 0 0 0 0 0 0 0 0 0 0 0 0 0 0 0 0 0 0 0 0 0 0 0 0 0 0 0 0 0 0 0 0 0 0 0 0 0 0 0 0 0 0 0 0 0 0 0 0 0 0 0 0 0 0 0 0 data 11 0x10002 0x15 0x0 0x0 0x0 0x0 0x0 0x0 0x9 0x1 0x0 oops 0 methods 0
ciMethodData jdk/internal/math/FloatingDecimal parseDouble (Ljava/lang/String;)D 1 34 orig 80 0 0 0 0 0 0 0 0 0 0 0 0 122 0 0 0 0 0 0 0 0 0 0 0 0 0 0 0 0 0 0 0 0 0 0 0 0 0 0 0 0 0 0 0 0 0 0 0 0 0 0 0 0 0 0 0 0 0 0 0 0 0 0 0 0 0 0 0 0 0 0 0 0 0 0 0 0 0 0 0 data 18 0x10002 0x17 0x40005 0x0 0x0 0x209930035c0 0x17 0x0 0x0 0x0 0x0 0x0 0x0 0x0 0x0 0x9 0x1 0xffffffffffffffff oops 1 5 jdk/internal/math/FloatingDecimal$ASCIIToBinaryBuffer methods 0
ciMethodData jdk/internal/math/FloatingDecimal readJavaFormatString (Ljava/lang/String;)Ljdk/internal/math/FloatingDecimal$ASCIIToBinaryConverter; 1 80 orig 80 0 0 0 0 0 0 0 0 0 0 0 0 122 0 0 0 0 0 0 0 0 0 0 0 0 0 0 0 0 0 0 0 0 0 0 0 0 0 0 0 0 0 0 0 0 0 0 0 0 0 0 0 0 0 0 0 0 0 0 0 0 0 0 0 0 0 0 0 0 0 0 0 0 0 0 0 0 0 0 0 data 442 0x50005 0x17 0x0 0x0 0x0 0x0 0x0 0xa0005 0x17 0x0 0x0 0x0 0x0 0x0 0x110007 0x17 0x30 0x0 0x1a0002 0x0 0x240005 0x17 0x0 0x0 0x0 0x0 0x0 0x270008 0x6 0x17 0x40 0x0 0x40 0x0 0x40 0x4a0005 0x17 0x0 0x0 0x0 0x0 0x0 0x530007 0x17 0xb0 0x0 0x5e0007 0x0 0x78 0x0 0x660005 0x0 0x0 0x0 0x0 0x0 0x0 0x6b0007 0x0 0x20 0x0 0x720003 0x0 0xa58 0x790007 0x17 0xe8 0x0 0x840007 0x0 0xb0 0x0 0x8c0005 0x0 0x0 0x0 0x0 0x0 0x0 0x910007 0x0 0x58 0x0 0x950007 0x0 0x38 0x0 0x9b0003 0x0 0x18 0xa20003 0x0 0x970 0xa90007 0x17 0xc8 0x0 0xb20007 0x0 0xa8 0x0 0xba0005 0x0 0x0 0x0 0x0 0x0 0x0 0xc30007 0x0 0x40 0x0 0xca0007 0x0 0x30 0x0 0xce0002 0x0 0xeb0007 0x0 0x118 0x23 0xf10005 0x23 0x0 0x0 0x0 0x0 0x0 0xfa0007 0x23 0x38 0x0 0x1000003 0x0 0x88 0x1070007 0x17 0x88 0xc 0x10c0007 0xc 0x30 0x0 0x1150002 0x0 0x11e0007 0xc 0x20 0x0 0x12a0003 0xc 0xffffffffffffff00 0x1310007 0xd 0x170 0x2d 0x1370005 0x2d 0x0 0x0 0x0 0x0 0x0 0x1400007 0x1 0x58 0x2c 0x1470007 0xa 0x38 0x22 0x1570003 0x22 0xc0 0x15e0007 0xb 0x38 0x0 0x16e0003 0x0 0x88 0x1750007 0xa 0x88 0x1 0x17a0007 0x1 0x30 0x0 0x1830002 0x0 0x18c0007 0x1 0x20 0x0 0x1980003 0x23 0xfffffffffffffea8 0x1a40007 0x17 0x38 0x0 0x1a80003 0x0 0x18 0x1b00007 0x17 0x58 0x0 0x1b50007 0x0 0x38 0x0 0x1b80003 0x0 0x590 0x1bd0007 0xa 0x38 0xd 0x1c60003 0xd 0x18 0x1d30007 0xd 0x320 0xa 0x1d90005 0xa 0x0 0x0 0x0 0x0 0x0 0x1e10007 0xa 0x40 0x0 0x1e80007 0x0 0x2a8 0x0 0x1fe0005 0xa 0x0 0x0 0x0 0x0 0x0 0x2010008 0x6 0xa 0x40 0x0 0x40 0x0 0x40 0x22a0007 0xa 0xe8 0xa 0x2310007 0xa 0x20 0x0 0x23d0005 0xa 0x0 0x0 0x0 0x0 0x0 0x2460007 0x0 0x58 0xa 0x24d0007 0x0 0x38 0xa 0x25d0003 0xa 0xffffffffffffff48 0x2630003 0x0 0x18 0x2730007 0x0 0x40 0xa 0x27a0007 0xa 0xd0 0x0 0x27f0007 0x0 0x98 0x0 0x2850007 0x0 0x78 0x0 0x2890007 0x0 0x58 0x0 0x2920007 0x0 0x38 0x0 0x29a0003 0x0 0x30 0x2a30003 0x0 0x18 0x2b20007 0xa 0x38 0x0 0x2b50003 0x0 0x238 0x2bc0007 0x17 0x1b8 0x0 0x2c50007 0x0 0x180 0x0 0x2cb0005 0x0 0x0 0x0 0x0 0x0 0x0 0x2d00007 0x0 0x140 0x0 0x2d60005 0x0 0x0 0x0 0x0 0x0 0x0 0x2db0007 0x0 0xe8 0x0 0x2e10005 0x0 0x0 0x0 0x0 0x0 0x0 0x2e60007 0x0 0x90 0x0 0x2ec0005 0x0 0x0 0x0 0x0 0x0 0x0 0x2f10007 0x0 0x38 0x0 0x2f40003 0x0 0x80 0x2f90007 0x17 0x58 0x0 0x2fd0007 0x0 0x38 0x0 0x3030003 0x0 0x18 0x3140002 0x17 0x3220002 0x0 0x3270005 0x0 0x0 0x0 0x0 0x0 0x0 0x32b0005 0x0 0x0 0x0 0x0 0x0 0x0 0x3300005 0x0 0x0 0x0 0x0 0x0 0x0 0x3330005 0x0 0x0 0x0 0x0 0x0 0x0 0x3360002 0x0 0x0 0x0 0x0 0x0 0x0 0x0 0x0 0x0 0x0 0x0 0x0 0x0 0x0 0x0 0x0 0x9 0x1 0x0 oops 0 methods 0
ciMethodData java/lang/Double valueOf (D)Ljava/lang/Double; 1 76 orig 80 0 0 0 0 0 0 0 0 0 0 0 0 122 0 0 0 0 0 0 0 0 0 0 0 0 0 0 0 0 0 0 0 0 0 0 0 0 0 0 0 0 0 0 0 0 0 0 0 0 0 0 0 0 0 0 0 0 0 0 0 0 0 0 0 0 0 0 0 0 0 0 0 0 0 0 0 0 0 0 0 data 8 0x50002 0xc 0x0 0x0 0x9 0x2 0x0 0x0 oops 0 methods 0
ciMethodData java/lang/Double <init> (D)V 1 75 orig 80 0 0 0 0 0 0 0 0 0 0 0 0 122 0 0 0 0 0 0 0 0 0 0 0 0 0 0 0 0 0 0 0 0 0 0 0 0 0 0 0 0 0 0 0 0 0 0 0 0 0 0 0 0 0 0 0 0 0 0 0 0 0 0 0 0 0 0 0 0 0 0 0 0 0 0 0 0 0 0 0 data 11 0x10002 0xc 0x0 0x0 0x0 0x0 0x9 0x3 0xc 0x0 0x0 oops 0 methods 0
ciMethodData java/lang/Long parseLong (Ljava/lang/String;I)J 2 183657 orig 80 0 0 0 0 0 0 0 0 0 0 0 0 122 0 0 0 0 0 0 0 0 0 0 0 0 0 0 0 0 0 0 0 0 0 0 0 0 0 0 0 0 0 0 0 0 0 0 0 0 0 0 0 0 0 0 0 0 0 0 0 0 0 0 0 0 0 0 0 0 0 0 0 0 0 0 0 0 0 0 0 data 173 0x10007 0xe333 0x30 0x0 0xa0002 0x0 0x100007 0xe344 0x120 0x0 0x1b0002 0x0 0x200005 0x0 0x0 0x0 0x0 0x0 0x0 0x240005 0x0 0x0 0x0 0x0 0x0 0x0 0x290005 0x0 0x0 0x0 0x0 0x0 0x0 0x2c0005 0x0 0x0 0x0 0x0 0x0 0x0 0x2f0002 0x0 0x360007 0xe345 0x120 0x0 0x410002 0x0 0x460005 0x0 0x0 0x0 0x0 0x0 0x0 0x4a0005 0x0 0x0 0x0 0x0 0x0 0x0 0x4f0005 0x0 0x0 0x0 0x0 0x0 0x0 0x520005 0x0 0x0 0x0 0x0 0x0 0x0 0x550002 0x0 0x5e0005 0xe34a 0x0 0x0 0x0 0x0 0x0 0x6a0007 0x0 0x248 0xe33d 0x6f0005 0xe343 0x0 0x0 0x0 0x0 0x0 0x780007 0xe316 0xb8 0x0 0x7f0007 0x0 0x38 0x0 0x890003 0x0 0x48 0x900007 0x0 0x30 0x0 0x950002 0x0 0x9c0007 0x0 0x30 0x0 0xa10002 0x0 0xb50007 0xe368 0x100 0x2c363 0xbd0005 0x2c3f4 0x0 0x0 0x0 0x0 0x0 0xc10002 0x2c40f 0xc80007 0x0 0x40 0x2c5db 0xd00007 0x2c578 0x30 0x0 0xd50002 0x0 0xe90007 0x2c59f 0x30 0x0 0xee0002 0x0 0xfa0003 0x2c58e 0xffffffffffffff18 0xfe0007 0xe344 0x38 0x0 0x1030003 0x0 0x18 0x10c0002 0x0 0x0 0x0 0x0 0x0 0x0 0x0 0x0 0x0 0x0 0x9 0x2 0x0 0x0 oops 0 methods 0
ciMethod com/oracle/js/parser/Source data ()Ljava/lang/String; 346 0 156116 0 0
ciMethod com/oracle/js/parser/Source getString (II)Ljava/lang/String; 322 0 153687 0 0
ciMethod com/oracle/js/parser/Source$Data data ()Ljava/lang/String; 0 0 1 0 -1
ciMethod com/oracle/js/parser/Source$RawData data ()Ljava/lang/String; 534 0 267 0 0
ciMethod com/oracle/js/parser/ParserStrings fromJavaString (Ljava/lang/String;)Lcom/oracle/truffle/api/strings/TruffleString; 902 0 23026 0 0
ciMethod com/oracle/js/parser/TokenType getValues ()[Lcom/oracle/js/parser/TokenType; 564 0 666403 0 0
ciMethod com/oracle/js/parser/Token descPosition (J)I 536 0 887160 0 64
ciMethod com/oracle/js/parser/Token descLength (J)I 520 0 707644 0 96
ciMethod com/oracle/js/parser/Token descType (J)Lcom/oracle/js/parser/TokenType; 546 0 666251 0 128
ciMethod com/oracle/js/parser/Lexer isJSEOL (C)Z 474 0 392746 0 160
ciMethod com/oracle/js/parser/Lexer isWhitespace (C)Z 920 0 14254 0 -1
ciMethod com/oracle/js/parser/Lexer isEOL (C)Z 472 0 523491 0 160
ciMethod com/oracle/js/parser/Lexer valueOfPattern (II)Lcom/oracle/js/parser/Lexer$RegexToken; 0 0 360 0 0
ciMethod com/oracle/js/parser/Lexer convertDigit (CI)I 2632 0 275937 0 128
ciMethod com/oracle/js/parser/Lexer hexSequence (ILcom/oracle/js/parser/TokenType;)I 0 0 15 0 -1
ciMethod com/oracle/js/parser/Lexer unicodeEscapeSequence (Lcom/oracle/js/parser/TokenType;)I 0 0 10 0 -1
ciMethod com/oracle/js/parser/Lexer octalSequence ()I 0 0 1 0 -1
ciMethod com/oracle/js/parser/Lexer valueOfIdent (IIZ)Lcom/oracle/truffle/api/strings/TruffleString; 97620 566232 48978 0 8800
ciMethod com/oracle/js/parser/Lexer valueOfString (IIZ)Lcom/oracle/truffle/api/strings/TruffleString; 378 33548 2674 0 -1
ciMethod com/oracle/js/parser/Lexer removeUnderscores (Ljava/lang/String;)Ljava/lang/String; 104 0 101464 0 0
ciMethod com/oracle/js/parser/Lexer valueOf (Ljava/lang/String;I)Ljava/lang/Number; 104 0 101506 0 0
ciMethod com/oracle/js/parser/Lexer valueOfBigInt (Ljava/lang/String;)Ljava/math/BigInteger; 0 0 1 0 -1
ciMethod com/oracle/js/parser/Lexer valueOfXML (II)Lcom/oracle/js/parser/Lexer$XMLToken; 0 0 1 0 -1
ciMethod com/oracle/js/parser/Lexer scanIdentifier ()I 1196 3478 6767 0 1056
ciMethod com/oracle/js/parser/Lexer getValueOf (JZZ)Ljava/lang/Object; 514 0 489247 0 -1
ciMethod com/oracle/js/parser/Lexer stringIntern (Ljava/lang/String;)Lcom/oracle/truffle/api/strings/TruffleString; 1834 0 104683 0 0
ciMethod com/oracle/js/parser/Lexer message (Ljava/lang/String;[Ljava/lang/String;)Ljava/lang/String; 0 0 1 0 -1
ciMethod com/oracle/js/parser/Lexer error (Ljava/lang/String;Lcom/oracle/js/parser/TokenType;II)V 0 0 1 0 -1
ciMethod com/oracle/js/parser/Scanner atEOF ()Z 608 0 1116278 0 96
ciMethod com/oracle/js/parser/Scanner charAt (I)C 988 0 174681 0 224
ciMethod com/oracle/js/parser/Scanner reset (I)V 28 0 39702 0 864
ciMethod com/oracle/js/parser/Scanner skip (I)V 1126 0 17281 0 384
ciMethod com/oracle/js/parser/IdentUtils isIdentifierStart (I)Z 1698 0 200279 0 128
ciMethod com/oracle/js/parser/IdentUtils isIdentifierPart (I)Z 2384 0 35833 0 0
ciMethod com/oracle/js/parser/IdentUtils contains ([II)Z 512 4272 256 0 -1
ciMethodData com/oracle/js/parser/Scanner atEOF ()Z 2 1116296 orig 80 0 0 0 0 0 0 0 0 0 0 0 0 122 0 0 0 0 0 0 0 0 0 0 0 0 0 0 0 0 0 0 0 0 0 0 0 0 0 0 0 0 0 0 0 0 0 0 0 0 0 0 0 0 0 0 0 0 0 0 0 0 0 0 0 0 0 0 0 0 0 0 0 0 0 0 0 0 0 0 0 data 14 0x80007 0x111caf 0x38 0x3 0xc0003 0x3 0x18 0x0 0x0 0x0 0x0 0x9 0x1 0x0 oops 0 methods 0
ciMethodData com/oracle/js/parser/Scanner charAt (I)C 2 174681 orig 80 0 0 0 0 0 0 0 0 0 0 0 0 122 0 0 0 0 0 0 0 0 0 0 0 0 0 0 0 0 0 0 0 0 0 0 0 0 0 0 0 0 0 0 0 0 0 0 0 0 0 0 0 0 0 0 0 0 0 0 0 0 0 0 0 0 0 0 0 0 0 0 0 0 0 0 0 0 0 0 0 data 24 0x50007 0x4 0x70 0x29d53 0xd0005 0x2a88d 0x0 0x0 0x0 0x0 0x0 0x100003 0x2a894 0x18 0x0 0x0 0x0 0x0 0x0 0x0 0x9 0x2 0x0 0x0 oops 0 methods 0
ciMethodData com/oracle/js/parser/Scanner skip (I)V 2 17281 orig 80 0 0 0 0 0 0 0 0 0 0 0 0 122 0 0 0 0 0 0 0 0 0 0 0 0 0 0 0 0 0 0 0 0 0 0 0 0 0 0 0 0 0 0 0 0 0 0 0 0 0 0 0 0 0 0 0 0 0 0 0 0 0 0 0 0 0 0 0 0 0 0 0 0 0 0 0 0 0 0 0 data 47 0x20007 0xe5 0xc8 0x4068 0x60005 0x4075 0x0 0x0 0x0 0x0 0x0 0x90007 0x0 0x70 0x4070 0x2c0005 0x406e 0x0 0x0 0x0 0x0 0x0 0x3c0003 0x4059 0x70 0x400007 0x0 0x58 0xe5 0x4a0005 0xe5 0x0 0x0 0x0 0x0 0x0 0x0 0x0 0x0 0x0 0x0 0x0 0x0 0x9 0x2 0x1e 0x0 oops 0 methods 0
ciMethodData com/oracle/js/parser/Scanner reset (I)V 2 39702 orig 80 0 0 0 0 0 0 0 0 0 0 0 0 122 0 0 0 0 0 0 0 0 0 0 0 0 0 0 0 0 0 0 0 0 0 0 0 0 0 0 0 0 0 0 0 0 0 0 0 0 0 0 0 0 0 0 0 0 0 0 0 0 0 0 0 0 0 0 0 0 0 0 0 0 0 0 0 0 0 0 0 data 40 0x30005 0x9b10 0x0 0x0 0x0 0x0 0x0 0xe0005 0x9b10 0x0 0x0 0x0 0x0 0x0 0x190005 0x9b0b 0x0 0x0 0x0 0x0 0x0 0x240005 0x9b06 0x0 0x0 0x0 0x0 0x0 0x300002 0x9afb 0x0 0x0 0x0 0x0 0x0 0x0 0x9 0x2 0x1e 0x0 oops 0 methods 0
ciMethodData com/oracle/js/parser/Token descPosition (J)I 2 887285 orig 80 0 0 0 0 0 0 0 0 0 0 0 0 122 0 0 0 0 0 0 0 0 0 0 0 0 0 0 0 0 0 0 0 0 0 0 0 0 0 0 0 0 0 0 0 0 0 0 0 0 0 0 0 0 0 0 0 0 0 0 0 0 0 0 0 0 0 0 0 0 0 0 0 0 0 0 0 0 0 0 0 data 5 0x0 0x9 0x2 0x0 0x0 oops 0 methods 0
ciMethodData com/oracle/js/parser/TokenType getValues ()[Lcom/oracle/js/parser/TokenType; 2 666411 orig 80 0 0 0 0 0 0 0 0 0 0 0 0 122 0 0 0 0 0 0 0 0 0 0 0 0 0 0 0 0 0 0 0 0 0 0 0 0 0 0 0 0 0 0 0 0 0 0 0 0 0 0 0 0 0 0 0 0 0 0 0 0 0 0 0 0 0 0 0 0 0 0 0 0 0 0 0 0 0 0 0 data 4 0x0 0x0 0x9 0x0 oops 0 methods 0
ciMethodData com/oracle/js/parser/Token descType (J)Lcom/oracle/js/parser/TokenType; 2 666398 orig 80 0 0 0 0 0 0 0 0 0 0 0 0 122 0 0 0 0 0 0 0 0 0 0 0 0 0 0 0 0 0 0 0 0 0 0 0 0 0 0 0 0 0 0 0 0 0 0 0 0 0 0 0 0 0 0 0 0 0 0 0 0 0 0 0 0 0 0 0 0 0 0 0 0 0 0 0 0 0 0 0 data 12 0x2 0xa2a96 0x0 0x0 0x0 0x0 0x0 0x0 0x9 0x2 0x0 0x0 oops 0 methods 0
ciMethodData com/oracle/js/parser/Token descLength (J)I 2 707774 orig 80 0 0 0 0 0 0 0 0 0 0 0 0 122 0 0 0 0 0 0 0 0 0 0 0 0 0 0 0 0 0 0 0 0 0 0 0 0 0 0 0 0 0 0 0 0 0 0 0 0 0 0 0 0 0 0 0 0 0 0 0 0 0 0 0 0 0 0 0 0 0 0 0 0 0 0 0 0 0 0 0 data 6 0x0 0x0 0x9 0x2 0x0 0x0 oops 0 methods 0
ciMethodData com/oracle/js/parser/Lexer isEOL (C)Z 2 523507 orig 80 0 0 0 0 0 0 0 0 0 0 0 0 122 0 0 0 0 0 0 0 0 0 0 0 0 0 0 0 0 0 0 0 0 0 0 0 0 0 0 0 0 0 0 0 0 0 0 0 0 0 0 0 0 0 0 0 0 0 0 0 0 0 0 0 0 0 0 0 0 0 0 0 0 0 0 0 0 0 0 0 data 12 0x10002 0x7fcd1 0x0 0x0 0x0 0x0 0x0 0x0 0x9 0x2 0x0 0x0 oops 0 methods 0
ciMethodData com/oracle/js/parser/Lexer isJSEOL (C)Z 2 392746 orig 80 0 0 0 0 0 0 0 0 0 0 0 0 122 0 0 0 0 0 0 0 0 0 0 0 0 0 0 0 0 0 0 0 0 0 0 0 0 0 0 0 0 0 0 0 0 0 0 0 0 0 0 0 0 0 0 0 0 0 0 0 0 0 0 0 0 0 0 0 0 0 0 0 0 0 0 0 0 0 0 0 data 23 0x30007 0x5d 0x80 0x5fdcf 0x90007 0x0 0x60 0x5bbc4 0x100007 0x0 0x40 0x5fd63 0x170007 0x5fe08 0x38 0x0 0x1b0003 0x5d 0x18 0x0 0x9 0x1 0x0 oops 0 methods 0
ciMethodData com/oracle/js/parser/IdentUtils isIdentifierPart (I)Z 2 35833 orig 80 0 0 0 0 0 0 0 0 0 0 0 0 122 0 0 0 0 0 0 0 0 0 0 0 0 0 0 0 0 0 0 0 0 0 0 0 0 0 0 0 0 0 0 0 0 0 0 0 0 0 0 0 0 0 0 0 0 0 0 0 0 0 0 0 0 0 0 0 0 0 0 0 0 0 0 0 0 0 0 0 data 18 0x40007 0x0 0x38 0x8748 0xc0003 0x8759 0x28 0x130002 0x0 0x0 0x0 0x0 0x0 0x0 0x0 0x9 0x1 0x0 oops 0 methods 0
ciMethodData com/oracle/js/parser/Lexer getValueOf (JZZ)Ljava/lang/Object; 2 489263 orig 80 0 0 0 0 0 0 0 0 0 0 0 0 122 0 0 0 0 0 0 0 0 0 0 0 0 0 0 0 0 0 0 0 0 0 0 0 0 0 0 0 0 0 0 0 0 0 0 0 0 0 0 0 0 0 0 0 0 0 0 0 0 0 0 0 0 0 0 0 0 0 0 0 0 0 0 0 0 0 0 0 data 227 0x10002 0x776b1 0x70002 0x775b6 0x100002 0x775ed 0x130005 0x774ff 0x0 0x0 0x0 0x0 0x0 0x170008 0x28 0x0 0x610 0x18cfd 0x150 0x0 0x150 0x0 0x198 0x0 0x1e0 0x0 0x228 0x0 0x270 0x0 0x2b8 0x15 0x300 0xca13 0x450 0x19b 0x4c0 0x51525 0x4f8 0x0 0x4f8 0x168 0x530 0x0 0x568 0x350 0x568 0x102 0x568 0x350 0x568 0x0 0x5a0 0x0 0x5d8 0x780005 0x18d0f 0x0 0x0 0x0 0x0 0x0 0x7d0002 0x18c7c 0x8d0005 0x0 0x0 0x0 0x0 0x0 0x0 0x920002 0x0 0x9e0005 0x0 0x0 0x0 0x0 0x0 0x0 0xa30002 0x0 0xb30005 0x0 0x0 0x0 0x0 0x0 0x0 0xb80002 0x0 0xc80005 0x0 0x0 0x0 0x0 0x0 0x0 0xcc0002 0x0 0xda0005 0x0 0x0 0x0 0x0 0x0 0x0 0xdd0002 0x0 0xe90005 0x15 0x0 0x0 0x0 0x0 0x0 0xec0002 0x15 0xf30002 0x15 0xfc0005 0x15 0x0 0x0 0x0 0x0 0x0 0x1000007 0x9 0x30 0xc 0x1050002 0xc 0x10b0002 0x0 0x10e0007 0x0 0x30 0x9 0x1140002 0x9 0x11a0002 0x0 0x11d0007 0x0 0x30 0x0 0x1230002 0x0 0x1290002 0x0 0x1360005 0xca0d 0x0 0x0 0x0 0x0 0x0 0x1390005 0x0 0x0 0x20995863fa0 0xc9f9 0x0 0x0 0x1430005 0x19b 0x0 0x0 0x0 0x0 0x0 0x14e0005 0x516b2 0x0 0x0 0x0 0x0 0x0 0x1570005 0x0 0x0 0x20995863fa0 0x168 0x0 0x0 0x1610005 0x7a2 0x0 0x0 0x0 0x0 0x0 0x16a0005 0x0 0x0 0x0 0x0 0x0 0x0 0x1760005 0x0 0x0 0x0 0x0 0x0 0x0 0x0 0x0 0x0 0x0 0x0 0x0 0x0 0x0 0x0 0x0 0x0 0x0 0x0 0x9 0x5 0x0 0x0 0x0 0x0 0x0 oops 2 161 com/oracle/js/parser/Lexer 182 com/oracle/js/parser/Lexer methods 0
ciMethodData com/oracle/js/parser/IdentUtils isIdentifierStart (I)Z 2 200279 orig 80 0 0 0 0 0 0 0 0 0 0 0 0 122 0 0 0 0 0 0 0 0 0 0 0 0 0 0 0 0 0 0 0 0 0 0 0 0 0 0 0 0 0 0 0 0 0 0 0 0 0 0 0 0 0 0 0 0 0 0 0 0 0 0 0 0 0 0 0 0 0 0 0 0 0 0 0 0 0 0 0 data 18 0x40007 0x0 0x38 0x30ae9 0xc0003 0x30b0f 0x28 0x130002 0x0 0x0 0x0 0x0 0x0 0x0 0x0 0x9 0x1 0x0 oops 0 methods 0
ciMethodData com/oracle/js/parser/Lexer scanIdentifier ()I 2 29097 orig 80 0 0 0 0 0 0 0 0 0 0 0 0 122 0 0 0 0 0 0 0 0 0 0 0 0 0 0 0 0 0 0 0 0 0 0 0 0 0 0 0 0 0 0 0 0 0 0 0 0 0 0 0 0 0 0 0 0 0 0 0 0 0 0 0 0 0 0 0 0 0 0 0 0 0 0 0 0 0 0 0 data 203 0xb0007 0x1818 0x140 0x0 0x140007 0x0 0x120 0x0 0x190005 0x0 0x0 0x0 0x0 0x0 0x0 0x200005 0x0 0x0 0x0 0x0 0x0 0x0 0x250002 0x0 0x280007 0x0 0x68 0x0 0x320002 0x0 0x3f0005 0x0 0x0 0x0 0x0 0x0 0x0 0x420003 0x0 0x188 0x490002 0x1819 0x4c0007 0xf 0x70 0x180c 0x510005 0x1821 0x0 0x0 0x0 0x0 0x0 0x540003 0x1822 0x108 0x5b0002 0xf 0x5e0007 0xf 0xe0 0x0 0x650002 0x0 0x680007 0x0 0xb0 0x0 0x730002 0x0 0x760002 0x0 0x790007 0x0 0x70 0x0 0x7e0005 0x0 0x0 0x0 0x0 0x0 0x0 0x810003 0x0 0x18 0x870005 0x82da 0x0 0x0 0x0 0x0 0x0 0x8a0007 0x0 0x2d0 0x82db 0x930007 0x82e8 0x140 0x0 0x9c0007 0x0 0x120 0x0 0xa10005 0x0 0x0 0x0 0x0 0x0 0x0 0xa80005 0x0 0x0 0x0 0x0 0x0 0x0 0xad0002 0x0 0xb00007 0x0 0x68 0x0 0xba0002 0x0 0xc70005 0x0 0x0 0x0 0x0 0x0 0x0 0xca0003 0x0 0xfffffffffffffe80 0xd10002 0x82ed 0xd40007 0x182a 0x70 0x6adf 0xd90005 0x6adf 0x0 0x0 0x0 0x0 0x0 0xdc0003 0x6ae1 0xfffffffffffffe00 0xe30002 0x1829 0xe60007 0x1828 0xe0 0x0 0xed0002 0x0 0xf00007 0x0 0xb0 0x0 0xfb0002 0x0 0xfe0002 0x0 0x1010007 0x0 0x70 0x0 0x1060005 0x0 0x0 0x0 0x0 0x0 0x0 0x1090003 0x0 0xfffffffffffffd10 0x0 0x0 0x0 0x0 0x0 0x0 0x0 0x0 0x0 0x0 0x0 0x0 0x0 0x0 0x0 0x0 0x0 0x9 0x1 0x0 oops 0 methods 0
ciMethodData com/oracle/js/parser/Lexer valueOfIdent (IIZ)Lcom/oracle/truffle/api/strings/TruffleString; 2 278192 orig 80 1 0 0 0 0 0 0 0 0 0 0 0 122 0 0 0 0 0 0 0 0 0 0 0 0 0 0 0 0 0 0 0 0 1 0 0 0 0 0 0 0 0 0 0 0 0 0 0 0 0 0 0 0 0 0 0 0 0 0 0 0 0 0 0 0 0 0 0 0 0 0 0 0 0 0 0 0 0 0 0 data 137 0xa0002 0x149f 0x160007 0x14c0 0x368 0x731c 0x1f0005 0x7316 0x0 0x0 0x0 0x0 0x0 0x250007 0x6 0x2c0 0x7321 0x2c0007 0x7321 0x2a0 0x0 0x340005 0x0 0x0 0x0 0x0 0x0 0x0 0x390007 0x0 0x248 0x0 0x470005 0x0 0x0 0x0 0x0 0x0 0x0 0x4e0005 0x0 0x0 0x0 0x0 0x0 0x0 0x550002 0x0 0x580007 0x0 0x78 0x0 0x5f0005 0x0 0x0 0x0 0x0 0x0 0x0 0x620007 0x0 0x20 0x0 0x690007 0x0 0xa8 0x0 0x700005 0x0 0x0 0x0 0x0 0x0 0x0 0x780005 0x0 0x0 0x0 0x0 0x0 0x0 0x7c0003 0x0 0x50 0x830005 0x0 0x0 0x0 0x0 0x0 0x0 0x900005 0x0 0x0 0x0 0x0 0x0 0x0 0x930003 0x0 0x50 0x9a0005 0x7323 0x0 0x0 0x0 0x0 0x0 0xa10003 0x7326 0xfffffffffffffcb0 0xa70005 0x14c0 0x0 0x0 0x0 0x0 0x0 0xaa0005 0x0 0x0 0x20995863fa0 0x14ba 0x0 0x0 0x0 0x0 0x0 0x0 0x0 0x0 0x9 0x4 0x0 0x0 0x0 0x0 oops 1 121 com/oracle/js/parser/Lexer methods 0
ciMethodData com/oracle/js/parser/Lexer stringIntern (Ljava/lang/String;)Lcom/oracle/truffle/api/strings/TruffleString; 2 105398 orig 80 0 0 0 0 0 0 0 0 0 0 0 0 122 0 0 0 0 0 0 0 0 0 0 0 0 0 0 0 0 0 0 0 0 0 0 0 0 0 0 0 0 0 0 0 0 0 0 0 0 0 0 0 0 0 0 0 0 0 0 0 0 0 0 0 0 0 0 0 0 0 0 0 0 0 0 0 0 0 0 0 data 37 0x50005 0x0 0x0 0x2099585c9e0 0x1988c 0x0 0x0 0xa0104 0x0 0x0 0x2099591e460 0x14006 0x0 0x0 0xf0007 0x14003 0x68 0x589a 0x130002 0x589a 0x1d0005 0x0 0x0 0x2099585c9e0 0x589d 0x0 0x0 0x0 0x0 0x0 0x0 0x0 0x0 0x9 0x2 0x0 0x0 oops 3 3 java/util/HashMap 10 com/oracle/truffle/api/strings/TruffleString 23 java/util/HashMap methods 0
ciMethodData com/oracle/js/parser/Source getString (II)Ljava/lang/String; 2 155896 orig 80 0 0 0 0 0 0 0 0 0 0 0 0 122 0 0 0 0 0 0 0 0 0 0 0 0 0 0 0 0 0 0 0 0 0 0 0 0 0 0 0 0 0 0 0 0 0 0 0 0 0 0 0 0 0 0 0 0 0 0 0 0 0 0 0 0 0 0 0 0 0 0 0 0 0 0 0 0 0 0 0 data 25 0x10005 0x2604b 0x0 0x0 0x0 0x0 0x0 0x80005 0x26054 0x0 0x0 0x0 0x0 0x0 0x0 0x0 0x0 0x0 0x0 0x0 0x9 0x3 0x0 0x0 0x0 oops 0 methods 0
ciMethodData com/oracle/js/parser/Source data ()Ljava/lang/String; 2 156147 orig 80 0 0 0 0 0 0 0 0 0 0 0 0 122 0 0 0 0 0 0 0 0 0 0 0 0 0 0 0 0 0 0 0 0 0 0 0 0 0 0 0 0 0 0 0 0 0 0 0 0 0 0 0 0 0 0 0 0 0 0 0 0 0 0 0 0 0 0 0 0 0 0 0 0 0 0 0 0 0 0 0 data 16 0x40005 0x0 0x0 0x2099514bce0 0x2614d 0x0 0x0 0x0 0x0 0x0 0x0 0x0 0x0 0x9 0x1 0x0 oops 1 3 com/oracle/js/parser/Source$RawData methods 0
ciMethodData com/oracle/js/parser/Lexer valueOf (Ljava/lang/String;I)Ljava/lang/Number; 2 102911 orig 80 0 0 0 0 0 0 0 0 0 0 0 0 122 0 0 0 0 0 0 0 0 0 0 0 0 0 0 0 0 0 0 0 0 0 0 0 0 0 0 0 0 0 0 0 0 0 0 0 0 0 0 0 0 0 0 0 0 0 0 0 0 0 0 0 0 0 0 0 0 0 0 0 0 0 0 0 0 0 0 0 data 85 0x10002 0x191ce 0x70002 0x1926c 0x100007 0x0 0x50 0x1929d 0x180007 0x0 0x30 0x192a0 0x1d0002 0x192a5 0x220002 0x0 0x2a0007 0x0 0x40 0x0 0x2e0002 0x0 0x310002 0x0 0x380007 0x0 0xd0 0x0 0x3c0005 0x0 0x0 0x0 0x0 0x0 0x0 0x410007 0x0 0x78 0x0 0x4b0002 0x0 0x4e0005 0x0 0x0 0x0 0x0 0x0 0x0 0x510002 0x0 0x5e0005 0x0 0x0 0x0 0x0 0x0 0x0 0x610007 0x0 0x80 0x0 0x670005 0x0 0x0 0x0 0x0 0x0 0x0 0x6f0002 0x0 0x860003 0x0 0xffffffffffffff60 0x8b0002 0x0 0x0 0x0 0x0 0x0 0x0 0x0 0x9 0x2 0x0 0x0 oops 0 methods 0
ciMethodData com/oracle/js/parser/Lexer removeUnderscores (Ljava/lang/String;)Ljava/lang/String; 2 102869 orig 80 0 0 0 0 0 0 0 0 0 0 0 0 122 0 0 0 0 0 0 0 0 0 0 0 0 0 0 0 0 0 0 0 0 0 0 0 0 0 0 0 0 0 0 0 0 0 0 0 0 0 0 0 0 0 0 0 0 0 0 0 0 0 0 0 0 0 0 0 0 0 0 0 0 0 0 0 0 0 0 0 data 71 0x30005 0x191f7 0x0 0x0 0x0 0x0 0x0 0x80007 0x0 0x20 0x1927d 0x140005 0x0 0x0 0x0 0x0 0x0 0x0 0x170002 0x0 0x1c0007 0x0 0xa8 0x0 0x230005 0x0 0x0 0x0 0x0 0x0 0x0 0x2f0005 0x0 0x0 0x0 0x0 0x0 0x0 0x330003 0x0 0xffffffffffffff70 0x3a0005 0x0 0x0 0x0 0x0 0x0 0x0 0x3d0005 0x0 0x0 0x0 0x0 0x0 0x0 0x420005 0x0 0x0 0x0 0x0 0x0 0x0 0x0 0x0 0x0 0x0 0x0 0x0 0x9 0x1 0xffffffffffffffff oops 0 methods 0
ciMethodData com/oracle/js/parser/Lexer valueOfPattern (II)Lcom/oracle/js/parser/Lexer$RegexToken; 2 176168 orig 80 0 0 0 0 0 0 0 0 0 0 0 0 122 0 0 0 0 0 0 0 0 0 0 0 0 0 0 0 0 0 0 0 0 0 0 0 0 0 0 0 0 0 0 0 0 0 0 0 0 0 0 0 0 0 0 0 0 0 0 0 0 0 0 0 0 0 0 0 0 0 0 0 0 0 0 0 0 0 0 0 data 168 0x70005 0x168 0x0 0x0 0x0 0x0 0x0 0xf0002 0x168 0x160005 0x168 0x0 0x0 0x0 0x0 0x0 0x1d0005 0x2b188 0x0 0x0 0x0 0x0 0x0 0x200007 0x0 0x98 0x2b0f5 0x290007 0x177 0x78 0x2af6d 0x310005 0x0 0x0 0x20995863fa0 0x2aee7 0x0 0x0 0x340007 0x2af43 0x40 0x0 0x390007 0x168 0x1e0 0xf 0x420007 0x246e3 0xe0 0x677a 0x4b0005 0x67cb 0x0 0x0 0x0 0x0 0x0 0x550005 0x67c6 0x0 0x0 0x0 0x0 0x0 0x5b0005 0x67ca 0x0 0x0 0x0 0x0 0x0 0x5e0003 0x67ba 0xfffffffffffffe48 0x670007 0x24674 0x38 0x12c 0x6d0003 0x12c 0x38 0x760007 0x24598 0x20 0x123 0x820005 0x24800 0x0 0x0 0x0 0x0 0x0 0x880005 0x248e9 0x0 0x0 0x0 0x0 0x0 0x8b0003 0x24908 0xfffffffffffffd68 0x910005 0x168 0x0 0x0 0x0 0x0 0x0 0x940005 0x0 0x0 0x20995863fa0 0x168 0x0 0x0 0x9b0005 0x168 0x0 0x0 0x0 0x0 0x0 0xa80005 0x168 0x0 0x0 0x0 0x0 0x0 0xab0005 0x168 0x0 0x0 0x0 0x0 0x0 0xae0005 0x0 0x0 0x20995863fa0 0x168 0x0 0x0 0xb50005 0x167 0x0 0x0 0x0 0x0 0x0 0xc00002 0x167 0x0 0x0 0x0 0x0 0x0 0x0 0x0 0x0 0x0 0x0 0x9 0x3 0x0 0x0 0x0 oops 3 34 com/oracle/js/parser/Lexer 112 com/oracle/js/parser/Lexer 140 com/oracle/js/parser/Lexer methods 0
ciMethodData com/oracle/js/parser/Lexer valueOfString (IIZ)Lcom/oracle/truffle/api/strings/TruffleString; 2 474188 orig 80 0 0 0 0 0 0 0 0 0 0 0 0 122 0 0 0 0 0 0 0 0 0 0 0 0 0 0 0 0 0 0 0 0 0 0 0 0 0 0 0 0 0 0 0 0 0 0 0 0 0 0 0 0 0 0 0 0 0 0 0 0 0 0 0 0 0 0 0 0 0 0 0 0 0 0 0 0 0 0 0 data 477 0xd0005 0xa54 0x0 0x0 0x0 0x0 0x0 0x150002 0xa54 0x200007 0xa55 0xd40 0x6faba 0x290007 0x6ebee 0xbb8 0xec3 0x2e0005 0xec3 0x0 0x0 0x0 0x0 0x0 0x3f0005 0xec3 0x0 0x0 0x0 0x0 0x0 0x440008 0x34 0x26 0xad8 0x0 0x770 0x0 0x718 0x2b 0x678 0x3ba 0x628 0x0 0x1b0 0x0 0x1b0 0x0 0x1b0 0x0 0x1b0 0x0 0x1b0 0x0 0x1b0 0x0 0x1b0 0x0 0x1b0 0x0 0x3e0 0x0 0x3e0 0x68b 0x6c8 0x9 0x538 0x9 0x588 0x3ed 0x498 0x12 0x5d8 0x9 0x4e8 0xa 0x8b8 0x9 0xa88 0x0 0x788 0x0 0x770 0x0 0x770 0x1190007 0x0 0xc8 0x0 0x1200007 0x0 0x60 0x0 0x1290007 0x0 0x88 0x0 0x1320007 0x0 0x68 0x0 0x13c0002 0x0 0x14f0005 0x0 0x0 0x0 0x0 0x0 0x0 0x1550005 0x0 0x0 0x0 0x0 0x0 0x0 0x1590005 0x0 0x0 0x0 0x0 0x0 0x0 0x1600007 0x0 0xa8 0x0 0x1670005 0x0 0x0 0x0 0x0 0x0 0x0 0x16f0005 0x0 0x0 0x0 0x0 0x0 0x0 0x1730003 0x0 0x798 0x17b0005 0x0 0x0 0x0 0x0 0x0 0x0 0x17f0003 0x0 0x748 0x1830007 0x0 0x68 0x0 0x18d0002 0x0 0x1a00005 0x0 0x0 0x0 0x0 0x0 0x0 0x1a70005 0x0 0x0 0x0 0x0 0x0 0x0 0x1ab0003 0x0 0x690 0x1b20005 0x3ed 0x0 0x0 0x0 0x0 0x0 0x1b60003 0x3ed 0x640 0x1bd0005 0x9 0x0 0x0 0x0 0x0 0x0 0x1c10003 0x9 0x5f0 0x1c80005 0x9 0x0 0x0 0x0 0x0 0x0 0x1cc0003 0x9 0x5a0 0x1d30005 0x9 0x0 0x0 0x0 0x0 0x0 0x1d70003 0x9 0x550 0x1de0005 0x12 0x0 0x0 0x0 0x0 0x0 0x1e20003 0x12 0x500 0x1e90005 0x3ba 0x0 0x0 0x0 0x0 0x0 0x1ed0003 0x3ba 0x4b0 0x1f40005 0x2b 0x0 0x0 0x0 0x0 0x0 0x1f80003 0x2b 0x460 0x1ff0005 0x68b 0x0 0x0 0x0 0x0 0x0 0x2030003 0x68b 0x410 0x20c0007 0x0 0x58 0x0 0x2110005 0x0 0x0 0x0 0x0 0x0 0x0 0x2140003 0x0 0x3a0 0x21c0005 0x0 0x0 0x0 0x0 0x0 0x0 0x2230007 0x0 0xa8 0x0 0x22a0005 0x0 0x0 0x0 0x0 0x0 0x0 0x2320005 0x0 0x0 0x0 0x0 0x0 0x0 0x2360003 0x0 0x2c0 0x23e0005 0x0 0x0 0x0 0x0 0x0 0x0 0x2420003 0x0 0x270 0x2490005 0xa 0x0 0x0 0x0 0x0 0x0 0x2500007 0xa 0xa8 0x0 0x2570005 0x0 0x0 0x0 0x0 0x0 0x0 0x25f0005 0x0 0x0 0x0 0x0 0x0 0x0 0x2630003 0x0 0x190 0x26a0007 0x0 0xa0 0xa 0x2700002 0xa 0x2730007 0xa 0x70 0x0 0x27b0005 0x0 0x0 0x0 0x0 0x0 0x0 0x27f0003 0x0 0xf0 0x2860005 0xa 0x0 0x0 0x0 0x0 0x0 0x28a0003 0xa 0xa0 0x2910005 0x9 0x0 0x0 0x0 0x0 0x0 0x2950003 0x9 0x50 0x29c0005 0x26 0x0 0x0 0x0 0x0 0x0 0x2a00003 0xec3 0xfffffffffffff440 0x2a90007 0x6ebf3 0xe0 0x0 0x2b00005 0x0 0x0 0x0 0x0 0x0 0x0 0x2bb0007 0x0 0x38 0x0 0x2bf0003 0x0 0x18 0x2c30005 0x0 0x0 0x0 0x0 0x0 0x0 0x2c60003 0x0 0xfffffffffffff360 0x2cf0005 0x6ebfb 0x0 0x0 0x0 0x0 0x0 0x2d50005 0x6ec27 0x0 0x0 0x0 0x0 0x0 0x2d80003 0x6ec0c 0xfffffffffffff2d8 0x2de0005 0xa55 0x0 0x0 0x0 0x0 0x0 0x2e40005 0xa55 0x0 0x0 0x0 0x0 0x0 0x2e70005 0x0 0x0 0x20995863fa0 0xa55 0x0 0x0 0x0 0x0 0x0 0x0 0x0 0x0 0x0 0x0 0x0 0x0 0x0 0x0 0x0 0x0 0x0 0x0 0x0 0x9 0x4 0x0 0x0 0x0 0x0 oops 1 450 com/oracle/js/parser/Lexer methods 0
ciMethodData com/oracle/js/parser/ParserStrings fromJavaString (Ljava/lang/String;)Lcom/oracle/truffle/api/strings/TruffleString; 2 23064 orig 80 0 0 0 0 0 0 0 0 0 0 0 0 122 0 0 0 0 0 0 0 0 0 0 0 0 0 0 0 0 0 0 0 0 0 0 0 0 0 0 0 0 0 0 0 0 0 0 0 0 0 0 0 0 0 0 0 0 0 0 0 0 0 0 0 0 0 0 0 0 0 0 0 0 0 0 0 0 0 0 0 data 11 0x40002 0x5856 0x0 0x0 0x0 0x0 0x0 0x0 0x9 0x1 0x0 oops 0 methods 0
ciMethodData com/oracle/truffle/api/strings/TruffleString fromJavaStringUncached (Ljava/lang/String;Lcom/oracle/truffle/api/strings/TruffleString$Encoding;)Lcom/oracle/truffle/api/strings/TruffleString; 2 23076 orig 80 0 0 0 0 0 0 0 0 0 0 0 0 122 0 0 0 0 0 0 0 0 0 0 0 0 0 0 0 0 0 0 0 0 0 0 0 0 0 0 0 0 0 0 0 0 0 0 0 0 0 0 0 0 0 0 0 0 0 0 0 0 0 0 0 0 0 0 0 0 0 0 0 0 0 0 0 0 0 0 0 data 19 0x2 0x5856 0x50005 0x5855 0x0 0x0 0x0 0x0 0x0 0x0 0x0 0x0 0x0 0x0 0x0 0x9 0x2 0x0 0x0 oops 0 methods 0
ciMethod com/oracle/js/parser/Lexer$RegexToken <init> (Lcom/oracle/truffle/api/strings/TruffleString;Lcom/oracle/truffle/api/strings/TruffleString;)V 114 0 360 0 0
ciMethod com/oracle/js/parser/Lexer$LexerToken <init> (Lcom/oracle/truffle/api/strings/TruffleString;)V 114 0 366 0 0
ciMethodData com/oracle/js/parser/Lexer$RegexToken <init> (Lcom/oracle/truffle/api/strings/TruffleString;Lcom/oracle/truffle/api/strings/TruffleString;)V 1 366 orig 80 0 0 0 0 0 0 0 0 0 0 0 0 122 0 0 0 0 0 0 0 0 0 0 0 0 0 0 0 0 0 0 0 0 0 0 0 0 0 0 0 0 0 0 0 0 0 0 0 0 0 0 0 0 0 0 0 0 0 0 0 0 0 0 0 0 0 0 0 0 0 0 0 0 0 0 0 0 0 0 0 data 11 0x20002 0x135 0x0 0x0 0x0 0x0 0x9 0x3 0x6 0x0 0x0 oops 0 methods 0
ciMethodData com/oracle/js/parser/Lexer$LexerToken <init> (Lcom/oracle/truffle/api/strings/TruffleString;)V 1 366 orig 80 0 0 0 0 0 0 0 0 0 0 0 0 122 0 0 0 0 0 0 0 0 0 0 0 0 0 0 0 0 0 0 0 0 0 0 0 0 0 0 0 0 0 0 0 0 0 0 0 0 0 0 0 0 0 0 0 0 0 0 0 0 0 0 0 0 0 0 0 0 0 0 0 0 0 0 0 0 0 0 0 data 10 0x10002 0x135 0x0 0x0 0x0 0x0 0x9 0x2 0x6 0x0 oops 0 methods 0
ciMethod com/oracle/js/parser/JSType isRepresentableAsInt (D)Z 516 0 9 0 -1
ciMethod com/oracle/js/parser/JSType isStrictlyRepresentableAsInt (D)Z 598 0 9 0 0
ciMethod com/oracle/js/parser/JSType isRepresentableAsLong (D)Z 0 0 1 0 -1
ciMethod com/oracle/js/parser/JSType isStrictlyRepresentableAsLong (D)Z 0 0 1 0 0
ciMethod com/oracle/js/parser/JSType isNotNegativeZero (D)Z 514 0 9 0 -1
compile com/oracle/js/parser/Lexer getValueOf (JZZ)Ljava/lang/Object; -1 4 inline 354 0 -1 com/oracle/js/parser/Lexer getValueOf (JZZ)Ljava/lang/Object; 1 1 com/oracle/js/parser/Token descPosition (J)I 1 7 com/oracle/js/parser/Token descLength (J)I 1 16 com/oracle/js/parser/Token descType (J)Lcom/oracle/js/parser/TokenType; 2 0 com/oracle/js/parser/TokenType getValues ()[Lcom/oracle/js/parser/TokenType; 1 19 java/lang/Enum ordinal ()I 1 343 com/oracle/js/parser/Lexer valueOfPattern (II)Lcom/oracle/js/parser/Lexer$RegexToken; 2 7 com/oracle/js/parser/Scanner reset (I)V 3 3 com/oracle/js/parser/Scanner charAt (I)C 4 13 java/lang/String charAt (I)C 5 1 java/lang/String isLatin1 ()Z 5 12 java/lang/StringLatin1 charAt ([BI)C 5 21 java/lang/StringUTF16 charAt ([BI)C 6 2 java/lang/StringUTF16 checkIndex (I[B)V 7 2 java/lang/StringUTF16 length ([B)I 7 5 java/lang/String checkIndex (II)V 3 14 com/oracle/js/parser/Scanner charAt (I)C 4 13 java/lang/String charAt (I)C 5 1 java/lang/String isLatin1 ()Z 5 12 java/lang/StringLatin1 charAt ([BI)C 5 21 java/lang/StringUTF16 charAt ([BI)C 6 2 java/lang/StringUTF16 checkIndex (I[B)V 7 2 java/lang/StringUTF16 length ([B)I 7 5 java/lang/String checkIndex (II)V 3 25 com/oracle/js/parser/Scanner charAt (I)C 4 13 java/lang/String charAt (I)C 5 1 java/lang/String isLatin1 ()Z 5 12 java/lang/StringLatin1 charAt ([BI)C 5 21 java/lang/StringUTF16 charAt ([BI)C 6 2 java/lang/StringUTF16 checkIndex (I[B)V 7 2 java/lang/StringUTF16 length ([B)I 7 5 java/lang/String checkIndex (II)V 3 36 com/oracle/js/parser/Scanner charAt (I)C 4 13 java/lang/String charAt (I)C 5 1 java/lang/String isLatin1 ()Z 5 12 java/lang/StringLatin1 charAt ([BI)C 5 21 java/lang/StringUTF16 charAt ([BI)C 6 2 java/lang/StringUTF16 checkIndex (I[B)V 7 2 java/lang/StringUTF16 length ([B)I 7 5 java/lang/String checkIndex (II)V 2 15 java/lang/StringBuilder <init> (I)V 2 22 com/oracle/js/parser/Scanner skip (I)V 3 6 com/oracle/js/parser/Scanner atEOF ()Z 3 44 com/oracle/js/parser/Scanner charAt (I)C 4 13 java/lang/String charAt (I)C 5 1 java/lang/String isLatin1 ()Z 5 12 java/lang/StringLatin1 charAt ([BI)C 5 21 java/lang/StringUTF16 charAt ([BI)C 6 2 java/lang/StringUTF16 checkIndex (I[B)V 7 2 java/lang/StringUTF16 length ([B)I 7 5 java/lang/String checkIndex (II)V 2 29 com/oracle/js/parser/Scanner atEOF ()Z 2 49 com/oracle/js/parser/Lexer isEOL (C)Z 3 1 com/oracle/js/parser/Lexer isJSEOL (C)Z 2 75 java/lang/StringBuilder append (C)Ljava/lang/StringBuilder; 2 85 java/lang/StringBuilder append (C)Ljava/lang/StringBuilder; 3 2 java/lang/AbstractStringBuilder append (C)Ljava/lang/AbstractStringBuilder; 4 7 java/lang/AbstractStringBuilder ensureCapacityInternal (I)V 5 24 java/lang/AbstractStringBuilder newCapacity (I)I 6 29 jdk/internal/util/ArraysSupport newLength (III)I 5 32 java/util/Arrays copyOf ([BI)[B 4 11 java/lang/AbstractStringBuilder isLatin1 ()Z 2 91 com/oracle/js/parser/Scanner skip (I)V 3 74 com/oracle/js/parser/Scanner reset (I)V 4 3 com/oracle/js/parser/Scanner charAt (I)C 5 13 java/lang/String charAt (I)C 6 1 java/lang/String isLatin1 ()Z 6 12 java/lang/StringLatin1 charAt ([BI)C 6 21 java/lang/StringUTF16 charAt ([BI)C 7 2 java/lang/StringUTF16 checkIndex (I[B)V 8 2 java/lang/StringUTF16 length ([B)I 8 5 java/lang/String checkIndex (II)V 4 14 com/oracle/js/parser/Scanner charAt (I)C 5 13 java/lang/String charAt (I)C 6 1 java/lang/String isLatin1 ()Z 6 12 java/lang/StringLatin1 charAt ([BI)C 6 21 java/lang/StringUTF16 charAt ([BI)C 7 2 java/lang/StringUTF16 checkIndex (I[B)V 8 2 java/lang/StringUTF16 length ([B)I 8 5 java/lang/String checkIndex (II)V 4 25 com/oracle/js/parser/Scanner charAt (I)C 5 13 java/lang/String charAt (I)C 6 1 java/lang/String isLatin1 ()Z 6 12 java/lang/StringLatin1 charAt ([BI)C 6 21 java/lang/StringUTF16 charAt ([BI)C 7 2 java/lang/StringUTF16 checkIndex (I[B)V 8 2 java/lang/StringUTF16 length ([B)I 8 5 java/lang/String checkIndex (II)V 4 36 com/oracle/js/parser/Scanner charAt (I)C 5 13 java/lang/String charAt (I)C 6 1 java/lang/String isLatin1 ()Z 6 12 java/lang/StringLatin1 charAt ([BI)C 6 21 java/lang/StringUTF16 charAt ([BI)C 7 2 java/lang/StringUTF16 checkIndex (I[B)V 8 2 java/lang/StringUTF16 length ([B)I 8 5 java/lang/String checkIndex (II)V 2 130 java/lang/StringBuilder append (C)Ljava/lang/StringBuilder; 3 2 java/lang/AbstractStringBuilder append (C)Ljava/lang/AbstractStringBuilder; 4 7 java/lang/AbstractStringBuilder ensureCapacityInternal (I)V 5 24 java/lang/AbstractStringBuilder newCapacity (I)I 6 29 jdk/internal/util/ArraysSupport newLength (III)I 5 32 java/util/Arrays copyOf ([BI)[B 4 11 java/lang/AbstractStringBuilder isLatin1 ()Z 4 18 java/lang/StringLatin1 canEncode (I)Z 4 46 java/lang/AbstractStringBuilder isLatin1 ()Z 2 136 com/oracle/js/parser/Scanner skip (I)V 3 6 com/oracle/js/parser/Scanner atEOF ()Z 3 44 com/oracle/js/parser/Scanner charAt (I)C 4 13 java/lang/String charAt (I)C 5 1 java/lang/String isLatin1 ()Z 5 12 java/lang/StringLatin1 charAt ([BI)C 5 21 java/lang/StringUTF16 charAt ([BI)C 6 2 java/lang/StringUTF16 checkIndex (I[B)V 7 2 java/lang/StringUTF16 length ([B)I 7 5 java/lang/String checkIndex (II)V 2 145 java/lang/StringBuilder toString ()Ljava/lang/String; 3 1 java/lang/AbstractStringBuilder isLatin1 ()Z 3 16 java/lang/StringLatin1 newString ([BII)Ljava/lang/String; 4 16 java/util/Arrays copyOfRange ([BII)[B 4 20 java/lang/String <init> ([BB)V 5 1 java/lang/Object <init> ()V 2 148 com/oracle/js/parser/Lexer stringIntern (Ljava/lang/String;)Lcom/oracle/truffle/api/strings/TruffleString; 3 5 java/util/HashMap get (Ljava/lang/Object;)Ljava/lang/Object; 4 2 java/util/HashMap getNode (Ljava/lang/Object;)Ljava/util/HashMap$Node; 5 23 java/util/HashMap hash (Ljava/lang/Object;)I 6 9 java/lang/String hashCode ()I 7 17 java/lang/String isLatin1 ()Z 7 27 java/lang/StringLatin1 hashCode ([B)I 7 37 java/lang/StringUTF16 hashCode ([B)I 5 63 java/lang/String equals (Ljava/lang/Object;)Z 5 128 java/lang/String equals (Ljava/lang/Object;)Z 3 19 com/oracle/js/parser/ParserStrings fromJavaString (Ljava/lang/String;)Lcom/oracle/truffle/api/strings/TruffleString; 4 4 com/oracle/truffle/api/strings/TruffleString fromJavaStringUncached (Ljava/lang/String;Lcom/oracle/truffle/api/strings/TruffleString$Encoding;)Lcom/oracle/truffle/api/strings/TruffleString; 5 0 com/oracle/truffle/api/strings/TruffleString$FromJavaStringNode getUncached ()Lcom/oracle/truffle/api/strings/TruffleString$FromJavaStringNode; 6 0 com/oracle/truffle/api/strings/TruffleStringFactory$FromJavaStringNodeGen getUncached ()Lcom/oracle/truffle/api/strings/TruffleString$FromJavaStringNode; 5 5 com/oracle/truffle/api/strings/TruffleString$FromJavaStringNode execute (Ljava/lang/String;Lcom/oracle/truffle/api/strings/TruffleString$Encoding;)Lcom/oracle/truffle/api/strings/TruffleString; 6 4 java/lang/String length ()I 7 6 java/lang/String coder ()B 6 9 com/oracle/truffle/api/strings/TruffleStringFactory$FromJavaStringNodeGen$Uncached execute (Ljava/lang/String;IILcom/oracle/truffle/api/strings/TruffleString$Encoding;Z)Lcom/oracle/truffle/api/strings/TruffleString; 7 7 com/oracle/truffle/api/strings/TStringInternalNodesFactory$FromJavaStringUTF16NodeGen getUncached ()Lcom/oracle/truffle/api/strings/TStringInternalNodes$FromJavaStringUTF16Node; 7 10 com/oracle/truffle/api/strings/TruffleString$SwitchEncodingNode getUncached ()Lcom/oracle/truffle/api/strings/TruffleString$SwitchEncodingNode; 8 0 com/oracle/truffle/api/strings/TruffleStringFactory$SwitchEncodingNodeGen getUncached ()Lcom/oracle/truffle/api/strings/TruffleString$SwitchEncodingNode; 7 13 com/oracle/truffle/api/profiles/ConditionProfile getUncached ()Lcom/oracle/truffle/api/profiles/ConditionProfile; 7 16 com/oracle/truffle/api/strings/TruffleString$FromJavaStringNode doUTF16 (Ljava/lang/String;IILcom/oracle/truffle/api/strings/TruffleString$Encoding;ZLcom/oracle/truffle/api/strings/TStringInternalNodes$FromJavaStringUTF16Node;Lcom/oracle/truffle/api/strings/TruffleString$SwitchEncodingNode;Lcom/oracle/truffle/api/profiles/ConditionProfile;)Lcom/oracle/truffle/api/strings/TruffleString; 8 1 java/lang/String isEmpty ()Z 8 8 com/oracle/truffle/api/strings/TruffleString$Encoding getEmpty ()Lcom/oracle/truffle/api/strings/TruffleString; 8 19 com/oracle/truffle/api/strings/TStringInternalNodesFactory$FromJavaStringUTF16NodeGen$Uncached execute (Ljava/lang/String;IIZ)Lcom/oracle/truffle/api/strings/TruffleString; 9 6 com/oracle/truffle/api/profiles/ConditionProfile getUncached ()Lcom/oracle/truffle/api/profiles/ConditionProfile; 8 38 com/oracle/truffle/api/profiles/ConditionProfile$Disabled profile (Z)Z 3 29 java/util/HashMap put (Ljava/lang/Object;Ljava/lang/Object;)Ljava/lang/Object; 4 2 java/util/HashMap hash (Ljava/lang/Object;)I 5 9 java/lang/String hashCode ()I 6 17 java/lang/String isLatin1 ()Z 6 27 java/lang/StringLatin1 hashCode ([B)I 6 37 java/lang/StringUTF16 hashCode ([B)I 2 155 com/oracle/js/parser/Scanner skip (I)V 3 6 com/oracle/js/parser/Scanner atEOF ()Z 3 44 com/oracle/js/parser/Scanner charAt (I)C 4 13 java/lang/String charAt (I)C 5 1 java/lang/String isLatin1 ()Z 5 12 java/lang/StringLatin1 charAt ([BI)C 5 21 java/lang/StringUTF16 charAt ([BI)C 6 2 java/lang/StringUTF16 checkIndex (I[B)V 7 2 java/lang/StringUTF16 length ([B)I 7 5 java/lang/String checkIndex (II)V 2 168 com/oracle/js/parser/Lexer scanIdentifier ()I 3 73 com/oracle/js/parser/IdentUtils isIdentifierStart (I)Z 3 81 com/oracle/js/parser/Scanner skip (I)V 4 6 com/oracle/js/parser/Scanner atEOF ()Z 4 44 com/oracle/js/parser/Scanner charAt (I)C 5 13 java/lang/String charAt (I)C 6 1 java/lang/String isLatin1 ()Z 6 12 java/lang/StringLatin1 charAt ([BI)C 6 21 java/lang/StringUTF16 charAt ([BI)C 7 2 java/lang/StringUTF16 checkIndex (I[B)V 8 2 java/lang/StringUTF16 length ([B)I 8 5 java/lang/String checkIndex (II)V 3 91 java/lang/Character isHighSurrogate (C)Z 3 135 com/oracle/js/parser/Scanner atEOF ()Z 3 209 com/oracle/js/parser/IdentUtils isIdentifierPart (I)Z 3 217 com/oracle/js/parser/Scanner skip (I)V 4 6 com/oracle/js/parser/Scanner atEOF ()Z 4 44 com/oracle/js/parser/Scanner charAt (I)C 5 13 java/lang/String charAt (I)C 6 1 java/lang/String isLatin1 ()Z 6 12 java/lang/StringLatin1 charAt ([BI)C 6 21 java/lang/StringUTF16 charAt ([BI)C 7 2 java/lang/StringUTF16 checkIndex (I[B)V 8 2 java/lang/StringUTF16 length ([B)I 8 5 java/lang/String checkIndex (II)V 3 227 java/lang/Character isHighSurrogate (C)Z 2 171 com/oracle/js/parser/Source getString (II)Ljava/lang/String; 3 1 com/oracle/js/parser/Source data ()Ljava/lang/String; 4 4 com/oracle/js/parser/Source$RawData data ()Ljava/lang/String; 2 174 com/oracle/js/parser/Lexer stringIntern (Ljava/lang/String;)Lcom/oracle/truffle/api/strings/TruffleString; 3 5 java/util/HashMap get (Ljava/lang/Object;)Ljava/lang/Object; 4 2 java/util/HashMap getNode (Ljava/lang/Object;)Ljava/util/HashMap$Node; 5 23 java/util/HashMap hash (Ljava/lang/Object;)I 6 9 java/lang/String hashCode ()I 7 17 java/lang/String isLatin1 ()Z 7 27 java/lang/StringLatin1 hashCode ([B)I 7 37 java/lang/StringUTF16 hashCode ([B)I 5 63 java/lang/String equals (Ljava/lang/Object;)Z 5 128 java/lang/String equals (Ljava/lang/Object;)Z 3 19 com/oracle/js/parser/ParserStrings fromJavaString (Ljava/lang/String;)Lcom/oracle/truffle/api/strings/TruffleString; 4 4 com/oracle/truffle/api/strings/TruffleString fromJavaStringUncached (Ljava/lang/String;Lcom/oracle/truffle/api/strings/TruffleString$Encoding;)Lcom/oracle/truffle/api/strings/TruffleString; 5 0 com/oracle/truffle/api/strings/TruffleString$FromJavaStringNode getUncached ()Lcom/oracle/truffle/api/strings/TruffleString$FromJavaStringNode; 6 0 com/oracle/truffle/api/strings/TruffleStringFactory$FromJavaStringNodeGen getUncached ()Lcom/oracle/truffle/api/strings/TruffleString$FromJavaStringNode; 5 5 com/oracle/truffle/api/strings/TruffleString$FromJavaStringNode execute (Ljava/lang/String;Lcom/oracle/truffle/api/strings/TruffleString$Encoding;)Lcom/oracle/truffle/api/strings/TruffleString; 6 4 java/lang/String length ()I 7 6 java/lang/String coder ()B 6 9 com/oracle/truffle/api/strings/TruffleStringFactory$FromJavaStringNodeGen$Uncached execute (Ljava/lang/String;IILcom/oracle/truffle/api/strings/TruffleString$Encoding;Z)Lcom/oracle/truffle/api/strings/TruffleString; 7 7 com/oracle/truffle/api/strings/TStringInternalNodesFactory$FromJavaStringUTF16NodeGen getUncached ()Lcom/oracle/truffle/api/strings/TStringInternalNodes$FromJavaStringUTF16Node; 7 10 com/oracle/truffle/api/strings/TruffleString$SwitchEncodingNode getUncached ()Lcom/oracle/truffle/api/strings/TruffleString$SwitchEncodingNode; 8 0 com/oracle/truffle/api/strings/TruffleStringFactory$SwitchEncodingNodeGen getUncached ()Lcom/oracle/truffle/api/strings/TruffleString$SwitchEncodingNode; 7 13 com/oracle/truffle/api/profiles/ConditionProfile getUncached ()Lcom/oracle/truffle/api/profiles/ConditionProfile; 7 16 com/oracle/truffle/api/strings/TruffleString$FromJavaStringNode doUTF16 (Ljava/lang/String;IILcom/oracle/truffle/api/strings/TruffleString$Encoding;ZLcom/oracle/truffle/api/strings/TStringInternalNodes$FromJavaStringUTF16Node;Lcom/oracle/truffle/api/strings/TruffleString$SwitchEncodingNode;Lcom/oracle/truffle/api/profiles/ConditionProfile;)Lcom/oracle/truffle/api/strings/TruffleString; 8 1 java/lang/String isEmpty ()Z 8 8 com/oracle/truffle/api/strings/TruffleString$Encoding getEmpty ()Lcom/oracle/truffle/api/strings/TruffleString; 8 19 com/oracle/truffle/api/strings/TStringInternalNodesFactory$FromJavaStringUTF16NodeGen$Uncached execute (Ljava/lang/String;IIZ)Lcom/oracle/truffle/api/strings/TruffleString; 9 6 com/oracle/truffle/api/profiles/ConditionProfile getUncached ()Lcom/oracle/truffle/api/profiles/ConditionProfile; 8 38 com/oracle/truffle/api/profiles/ConditionProfile$Disabled profile (Z)Z 3 29 java/util/HashMap put (Ljava/lang/Object;Ljava/lang/Object;)Ljava/lang/Object; 4 2 java/util/HashMap hash (Ljava/lang/Object;)I 5 9 java/lang/String hashCode ()I 6 17 java/lang/String isLatin1 ()Z 6 27 java/lang/StringLatin1 hashCode ([B)I 6 37 java/lang/StringUTF16 hashCode ([B)I 2 181 com/oracle/js/parser/Scanner reset (I)V 3 3 com/oracle/js/parser/Scanner charAt (I)C 4 13 java/lang/String charAt (I)C 5 1 java/lang/String isLatin1 ()Z 5 12 java/lang/StringLatin1 charAt ([BI)C 5 21 java/lang/StringUTF16 charAt ([BI)C 6 2 java/lang/StringUTF16 checkIndex (I[B)V 7 2 java/lang/StringUTF16 length ([B)I 7 5 java/lang/String checkIndex (II)V 3 14 com/oracle/js/parser/Scanner charAt (I)C 4 13 java/lang/String charAt (I)C 5 1 java/lang/String isLatin1 ()Z 5 12 java/lang/StringLatin1 charAt ([BI)C 5 21 java/lang/StringUTF16 charAt ([BI)C 6 2 java/lang/StringUTF16 checkIndex (I[B)V 7 2 java/lang/StringUTF16 length ([B)I 7 5 java/lang/String checkIndex (II)V 3 25 com/oracle/js/parser/Scanner charAt (I)C 4 13 java/lang/String charAt (I)C 5 1 java/lang/String isLatin1 ()Z 5 12 java/lang/StringLatin1 charAt ([BI)C 5 21 java/lang/StringUTF16 charAt ([BI)C 6 2 java/lang/StringUTF16 checkIndex (I[B)V 7 2 java/lang/StringUTF16 length ([B)I 7 5 java/lang/String checkIndex (II)V 3 36 com/oracle/js/parser/Scanner charAt (I)C 4 13 java/lang/String charAt (I)C 5 1 java/lang/String isLatin1 ()Z 5 12 java/lang/StringLatin1 charAt ([BI)C 5 21 java/lang/StringUTF16 charAt ([BI)C 6 2 java/lang/StringUTF16 checkIndex (I[B)V 7 2 java/lang/StringUTF16 length ([B)I 7 5 java/lang/String checkIndex (II)V 2 192 com/oracle/js/parser/Lexer$RegexToken <init> (Lcom/oracle/truffle/api/strings/TruffleString;Lcom/oracle/truffle/api/strings/TruffleString;)V 3 2 com/oracle/js/parser/Lexer$LexerToken <init> (Lcom/oracle/truffle/api/strings/TruffleString;)V 4 1 java/lang/Object <init> ()V 1 310 com/oracle/js/parser/Source getString (II)Ljava/lang/String; 2 1 com/oracle/js/parser/Source data ()Ljava/lang/String; 3 4 com/oracle/js/parser/Source$RawData data ()Ljava/lang/String; 1 313 com/oracle/js/parser/Lexer stringIntern (Ljava/lang/String;)Lcom/oracle/truffle/api/strings/TruffleString; 2 5 java/util/HashMap get (Ljava/lang/Object;)Ljava/lang/Object; 3 2 java/util/HashMap getNode (Ljava/lang/Object;)Ljava/util/HashMap$Node; 4 23 java/util/HashMap hash (Ljava/lang/Object;)I 5 9 java/lang/String hashCode ()I 6 17 java/lang/String isLatin1 ()Z 6 27 java/lang/StringLatin1 hashCode ([B)I 6 37 java/lang/StringUTF16 hashCode ([B)I 4 63 java/lang/String equals (Ljava/lang/Object;)Z 4 128 java/lang/String equals (Ljava/lang/Object;)Z 2 19 com/oracle/js/parser/ParserStrings fromJavaString (Ljava/lang/String;)Lcom/oracle/truffle/api/strings/TruffleString; 3 4 com/oracle/truffle/api/strings/TruffleString fromJavaStringUncached (Ljava/lang/String;Lcom/oracle/truffle/api/strings/TruffleString$Encoding;)Lcom/oracle/truffle/api/strings/TruffleString; 4 0 com/oracle/truffle/api/strings/TruffleString$FromJavaStringNode getUncached ()Lcom/oracle/truffle/api/strings/TruffleString$FromJavaStringNode; 5 0 com/oracle/truffle/api/strings/TruffleStringFactory$FromJavaStringNodeGen getUncached ()Lcom/oracle/truffle/api/strings/TruffleString$FromJavaStringNode; 4 5 com/oracle/truffle/api/strings/TruffleString$FromJavaStringNode execute (Ljava/lang/String;Lcom/oracle/truffle/api/strings/TruffleString$Encoding;)Lcom/oracle/truffle/api/strings/TruffleString; 5 4 java/lang/String length ()I 6 6 java/lang/String coder ()B 5 9 com/oracle/truffle/api/strings/TruffleStringFactory$FromJavaStringNodeGen$Uncached execute (Ljava/lang/String;IILcom/oracle/truffle/api/strings/TruffleString$Encoding;Z)Lcom/oracle/truffle/api/strings/TruffleString; 6 7 com/oracle/truffle/api/strings/TStringInternalNodesFactory$FromJavaStringUTF16NodeGen getUncached ()Lcom/oracle/truffle/api/strings/TStringInternalNodes$FromJavaStringUTF16Node; 6 10 com/oracle/truffle/api/strings/TruffleString$SwitchEncodingNode getUncached ()Lcom/oracle/truffle/api/strings/TruffleString$SwitchEncodingNode; 7 0 com/oracle/truffle/api/strings/TruffleStringFactory$SwitchEncodingNodeGen getUncached ()Lcom/oracle/truffle/api/strings/TruffleString$SwitchEncodingNode; 6 13 com/oracle/truffle/api/profiles/ConditionProfile getUncached ()Lcom/oracle/truffle/api/profiles/ConditionProfile; 6 16 com/oracle/truffle/api/strings/TruffleString$FromJavaStringNode doUTF16 (Ljava/lang/String;IILcom/oracle/truffle/api/strings/TruffleString$Encoding;ZLcom/oracle/truffle/api/strings/TStringInternalNodes$FromJavaStringUTF16Node;Lcom/oracle/truffle/api/strings/TruffleString$SwitchEncodingNode;Lcom/oracle/truffle/api/profiles/ConditionProfile;)Lcom/oracle/truffle/api/strings/TruffleString; 7 1 java/lang/String isEmpty ()Z 7 8 com/oracle/truffle/api/strings/TruffleString$Encoding getEmpty ()Lcom/oracle/truffle/api/strings/TruffleString; 7 19 com/oracle/truffle/api/strings/TStringInternalNodesFactory$FromJavaStringUTF16NodeGen$Uncached execute (Ljava/lang/String;IIZ)Lcom/oracle/truffle/api/strings/TruffleString; 8 6 com/oracle/truffle/api/profiles/ConditionProfile getUncached ()Lcom/oracle/truffle/api/profiles/ConditionProfile; 7 38 com/oracle/truffle/api/profiles/ConditionProfile$Disabled profile (Z)Z 2 29 java/util/HashMap put (Ljava/lang/Object;Ljava/lang/Object;)Ljava/lang/Object; 3 2 java/util/HashMap hash (Ljava/lang/Object;)I 4 9 java/lang/String hashCode ()I 5 17 java/lang/String isLatin1 ()Z 5 27 java/lang/StringLatin1 hashCode ([B)I 5 37 java/lang/StringUTF16 hashCode ([B)I 1 233 com/oracle/js/parser/Source getString (II)Ljava/lang/String; 2 1 com/oracle/js/parser/Source data ()Ljava/lang/String; 3 4 com/oracle/js/parser/Source$RawData data ()Ljava/lang/String; 1 243 java/lang/Double parseDouble (Ljava/lang/String;)D 1 252 java/lang/String indexOf (I)I 2 3 java/lang/String indexOf (II)I 3 1 java/lang/String isLatin1 ()Z 3 13 java/lang/StringLatin1 indexOf ([BII)I 4 1 java/lang/StringLatin1 canEncode (I)Z 1 261 java/lang/Double valueOf (D)Ljava/lang/Double; 2 5 java/lang/Double <init> (D)V 3 1 java/lang/Number <init> ()V 4 1 java/lang/Object <init> ()V 1 276 java/lang/Integer valueOf (I)Ljava/lang/Integer; 2 28 java/lang/Integer <init> (I)V 3 1 java/lang/Number <init> ()V 4 1 java/lang/Object <init> ()V 1 120 com/oracle/js/parser/Source getString (II)Ljava/lang/String; 2 1 com/oracle/js/parser/Source data ()Ljava/lang/String; 3 4 com/oracle/js/parser/Source$RawData data ()Ljava/lang/String; 1 125 com/oracle/js/parser/Lexer valueOf (Ljava/lang/String;I)Ljava/lang/Number; 2 1 com/oracle/js/parser/Lexer removeUnderscores (Ljava/lang/String;)Ljava/lang/String; 3 3 java/lang/String indexOf (I)I 4 3 java/lang/String indexOf (II)I 5 1 java/lang/String isLatin1 ()Z 5 13 java/lang/StringLatin1 indexOf ([BII)I 6 1 java/lang/StringLatin1 canEncode (I)Z 2 7 java/lang/Long parseLong (Ljava/lang/String;I)J 3 94 java/lang/String length ()I 4 6 java/lang/String coder ()B 3 111 java/lang/String charAt (I)C 4 1 java/lang/String isLatin1 ()Z 4 12 java/lang/StringLatin1 charAt ([BI)C 4 21 java/lang/StringUTF16 charAt ([BI)C 5 2 java/lang/StringUTF16 checkIndex (I[B)V 6 2 java/lang/StringUTF16 length ([B)I 6 5 java/lang/String checkIndex (II)V 3 189 java/lang/String charAt (I)C 4 1 java/lang/String isLatin1 ()Z 4 12 java/lang/StringLatin1 charAt ([BI)C 4 21 java/lang/StringUTF16 charAt ([BI)C 5 2 java/lang/StringUTF16 checkIndex (I[B)V 6 2 java/lang/StringUTF16 length ([B)I 6 5 java/lang/String checkIndex (II)V 3 193 java/lang/Character digit (CI)I 4 2 java/lang/Character digit (II)I 5 1 java/lang/CharacterData of (I)Ljava/lang/CharacterData; 5 6 java/lang/CharacterDataLatin1 digit (II)I 2 29 java/lang/Integer valueOf (I)Ljava/lang/Integer; 3 28 java/lang/Integer <init> (I)V 4 1 java/lang/Number <init> ()V 5 1 java/lang/Object <init> ()V 2 46 java/lang/Double parseDouble (Ljava/lang/String;)D
