#
# There is insufficient memory for the Java Runtime Environment to continue.
# Native memory allocation (malloc) failed to allocate 1815216 bytes for Chunk::new
# Possible reasons:
#   The system is out of physical RAM or swap space
#   The process is running with CompressedOops enabled, and the Java Heap may be blocking the growth of the native heap
# Possible solutions:
#   Reduce memory load on the system
#   Increase physical memory or swap space
#   Check if swap backing store is full
#   Decrease Java heap size (-Xmx/-Xms)
#   Decrease number of Java threads
#   Decrease Java thread stack sizes (-Xss)
#   Set larger code cache with -XX:ReservedCodeCacheSize=
#   JVM is running with Unscaled Compressed Oops mode in which the Java heap is
#     placed in the first 4GB address space. The Java Heap base address is the
#     maximum limit for the native heap growth. Please use -XX:HeapBaseMinAddress
#     to set the Java Heap base and to place the Java Heap above 4GB virtual address.
# This output file may be truncated or incomplete.
#
#  Out of Memory Error (arena.cpp:189), pid=27952, tid=10552
#
# JRE version: OpenJDK Runtime Environment JBR-17.0.8+7-1000.8-nomod (17.0.8+7) (build 17.0.8+7-b1000.8)
# Java VM: OpenJDK 64-Bit Server VM JBR-17.0.8+7-1000.8-nomod (17.0.8+7-b1000.8, mixed mode, tiered, compressed oops, compressed class ptrs, g1 gc, windows-amd64)
# No core dump will be written. Minidumps are not enabled by default on client versions of Windows
#

---------------  S U M M A R Y ------------

Command Line: --add-opens=java.base/java.util=ALL-UNNAMED --add-opens=java.base/java.lang=ALL-UNNAMED --add-opens=java.base/java.lang.invoke=ALL-UNNAMED --add-opens=java.prefs/java.util.prefs=ALL-UNNAMED --add-opens=java.base/java.nio.charset=ALL-UNNAMED --add-opens=java.base/java.net=ALL-UNNAMED --add-opens=java.base/java.util.concurrent.atomic=ALL-UNNAMED -XX:MaxMetaspaceSize=384m -XX:+HeapDumpOnOutOfMemoryError -Xms256m -Xmx512m -Dfile.encoding=windows-1251 -Duser.country=RU -Duser.language=ru -Duser.variant -javaagent:C:\Users\mihai\.gradle\wrapper\dists\gradle-8.2-bin\bbg7u40eoinfdyxsxr3z4i7ta\gradle-8.2\lib\agents\gradle-instrumentation-agent-8.2.jar org.gradle.launcher.daemon.bootstrap.GradleDaemon 8.2

Host: AMD Ryzen 7 3700U with Radeon Vega Mobile Gfx  , 8 cores, 14G,  Windows 11 , 64 bit Build 22621 (10.0.22621.3235)
Time: Thu Apr  4 10:03:34 2024 RTZ 2 (s 11 , 64 bit Build 22621 (10.0.22621.3235) elapsed time: 264.394070 seconds (0d 0h 4m 24s)

---------------  T H R E A D  ---------------

Current thread (0x00000161390434b0):  JavaThread "C2 CompilerThread0" daemon [_thread_in_native, id=10552, stack(0x0000003313a00000,0x0000003313b00000)]


Current CompileTask:
C2: 264394 12284   !   4       io.spring.gradle.dependencymanagement.org.apache.maven.model.ModelBase::clone (397 bytes)

Stack: [0x0000003313a00000,0x0000003313b00000]
Native frames: (J=compiled Java code, j=interpreted, Vv=VM code, C=native code)
V  [jvm.dll+0x6852da]  os::platform_print_native_stack+0xca  (os_windows_x86.cpp:235)
V  [jvm.dll+0x844c84]  VMError::report+0xc34  (vmError.cpp:745)
V  [jvm.dll+0x84659e]  VMError::report_and_die+0x78e  (vmError.cpp:1586)
V  [jvm.dll+0x846c03]  VMError::report_and_die+0x43  (vmError.cpp:1372)
V  [jvm.dll+0x24b7cf]  report_vm_out_of_memory+0x8f  (debug.cpp:321)
V  [jvm.dll+0xac3bc]  Chunk::operator new+0xcc  (arena.cpp:189)
V  [jvm.dll+0xac98c]  Arena::grow+0x3c  (arena.cpp:350)
V  [jvm.dll+0x36af42]  PhaseIFG::init+0xa2  (ifg.cpp:50)
V  [jvm.dll+0x3352b1]  PhaseCFG::global_code_motion+0x441  (gcm.cpp:1555)
V  [jvm.dll+0x33475a]  PhaseCFG::do_global_code_motion+0x3a  (gcm.cpp:1622)
V  [jvm.dll+0x21d7f1]  Compile::Code_Gen+0x261  (compile.cpp:2727)
V  [jvm.dll+0x21cc11]  Compile::Compile+0xe51  (compile.cpp:836)
V  [jvm.dll+0x1a660d]  C2Compiler::compile_method+0xad  (c2compiler.cpp:110)
V  [jvm.dll+0x22c9c8]  CompileBroker::invoke_compiler_on_method+0x878  (compileBroker.cpp:2372)
V  [jvm.dll+0x22a990]  CompileBroker::compiler_thread_loop+0x2d0  (compileBroker.cpp:2030)
V  [jvm.dll+0x7f9d3c]  JavaThread::run+0x13c  (thread.cpp:1296)
V  [jvm.dll+0x7f415a]  Thread::call_run+0x8a  (thread.cpp:404)
V  [jvm.dll+0x684115]  thread_native_entry+0x75  (os_windows.cpp:549)
C  [ucrtbase.dll+0x29363]
C  [KERNEL32.DLL+0x1257d]
C  [ntdll.dll+0x5aa58]


---------------  P R O C E S S  ---------------

Threads class SMR info:
_java_thread_list=0x000001613ee3dba0, length=135, elements={
0x000001611e50dcd0, 0x0000016134d3ac50, 0x0000016139034b60, 0x0000016134d8da30,
0x0000016134d8e400, 0x000001613903ffd0, 0x00000161390428b0, 0x00000161390434b0,
0x0000016139043e70, 0x0000016139068410, 0x0000016134d1ff40, 0x00000161392b1b00,
0x0000016139cee730, 0x000001613a5fdd20, 0x000001613acfc9e0, 0x000001613b34c6e0,
0x000001613b34ad90, 0x000001613b349440, 0x000001613b348f30, 0x000001613b34b2a0,
0x000001613b34c1d0, 0x000001613a7f64c0, 0x000001613a7f5080, 0x000001613a7f3730,
0x000001613a7f18d0, 0x000001613a7f8320, 0x000001613a7f4150, 0x000001613a7f5590,
0x000001613a7f0eb0, 0x000001613a7f4b70, 0x000001613a7f7900, 0x000001613ed91150,
0x000001613ed92080, 0x000001613ed92aa0, 0x000001613ed8ede0, 0x000001613ed8d490,
0x000001613ed91b70, 0x000001613ed8c560, 0x000001613ed8e3c0, 0x000001613e0b23e0,
0x000001613ed92590, 0x000001613ed8c050, 0x000001613ed934c0, 0x000001613ed8fd10,
0x000001613ed90c40, 0x000001613ed8f2f0, 0x000001613ed91660, 0x000001613ed8e8d0,
0x000001613ed8d9a0, 0x000001613ed8f800, 0x000001613ed92fb0, 0x000001613ed939d0,
0x000001613ed90220, 0x000001613ed90730, 0x000001613ed8ca70, 0x000001613ed8cf80,
0x000001613ed8deb0, 0x000001613a7f1de0, 0x000001613a7f5fb0, 0x000001613a7f73f0,
0x000001613a7f13c0, 0x000001613a7f8830, 0x000001613a7f22f0, 0x000001613a7f69d0,
0x000001613a7f4660, 0x000001613a7f2d10, 0x000001613a7f7e10, 0x000001613a7f3220,
0x000001613b349950, 0x000001613b34a370, 0x000001613b34b7b0, 0x000001613b34bcc0,
0x000001613eb13fc0, 0x000001613eb149e0, 0x000001613eb14ef0, 0x000001613eb11740,
0x000001613eb11c50, 0x000001613eb13090, 0x000001613eb12670, 0x000001613eb12160,
0x000001613eb12b80, 0x000001613eb135a0, 0x000001613eb13ab0, 0x000001613eb144d0,
0x000001613af338e0, 0x000001613af35230, 0x000001613af30640, 0x000001613af2f710,
0x000001613af2ecf0, 0x000001613af2e7e0, 0x000001613af30130, 0x000001613af30b50,
0x000001613af34d20, 0x000001613af31060, 0x000001613af2fc20, 0x000001613af34300,
0x000001613af324a0, 0x000001613af31570, 0x000001613af31a80, 0x000001613af31f90,
0x000001613af36160, 0x000001613af329b0, 0x000001613af32ec0, 0x000001613af333d0,
0x000001613af33df0, 0x000001613af34810, 0x000001613af35740, 0x000001613af35c50,
0x000001613af2f200, 0x000001613c81dd00, 0x000001613c823310, 0x000001613c81e210,
0x000001613c81e720, 0x000001613c820580, 0x000001613c820a90, 0x000001613c820070,
0x000001613c81ec30, 0x000001613c81c8c0, 0x000001613c822e00, 0x000001613c81d2e0,
0x000001613c81f140, 0x000001613c823820, 0x000001613c81f650, 0x000001613c823d30,
0x000001613c824240, 0x000001613c81d7f0, 0x000001613c8219c0, 0x000001613c81cdd0,
0x000001613c81fb60, 0x000001613c820fa0, 0x000001613c8214b0, 0x000001613c821ed0,
0x000001613c8223e0, 0x000001613c8228f0, 0x000001613c2e5770
}

Java Threads: ( => current thread )
  0x000001611e50dcd0 JavaThread "main" [_thread_blocked, id=27540, stack(0x0000003312d00000,0x0000003312e00000)]
  0x0000016134d3ac50 JavaThread "Reference Handler" daemon [_thread_blocked, id=27296, stack(0x0000003313400000,0x0000003313500000)]
  0x0000016139034b60 JavaThread "Finalizer" daemon [_thread_blocked, id=20204, stack(0x0000003313500000,0x0000003313600000)]
  0x0000016134d8da30 JavaThread "Signal Dispatcher" daemon [_thread_blocked, id=11224, stack(0x0000003313600000,0x0000003313700000)]
  0x0000016134d8e400 JavaThread "Attach Listener" daemon [_thread_blocked, id=15996, stack(0x0000003313700000,0x0000003313800000)]
  0x000001613903ffd0 JavaThread "Service Thread" daemon [_thread_blocked, id=26248, stack(0x0000003313800000,0x0000003313900000)]
  0x00000161390428b0 JavaThread "Monitor Deflation Thread" daemon [_thread_blocked, id=26716, stack(0x0000003313900000,0x0000003313a00000)]
=>0x00000161390434b0 JavaThread "C2 CompilerThread0" daemon [_thread_in_native, id=10552, stack(0x0000003313a00000,0x0000003313b00000)]
  0x0000016139043e70 JavaThread "C1 CompilerThread0" daemon [_thread_blocked, id=12092, stack(0x0000003313b00000,0x0000003313c00000)]
  0x0000016139068410 JavaThread "Sweeper thread" daemon [_thread_blocked, id=13044, stack(0x0000003313c00000,0x0000003313d00000)]
  0x0000016134d1ff40 JavaThread "Common-Cleaner" daemon [_thread_blocked, id=8608, stack(0x0000003313d00000,0x0000003313e00000)]
  0x00000161392b1b00 JavaThread "Notification Thread" daemon [_thread_blocked, id=15932, stack(0x0000003313e00000,0x0000003313f00000)]
  0x0000016139cee730 JavaThread "Daemon health stats" [_thread_blocked, id=25504, stack(0x0000003314700000,0x0000003314800000)]
  0x000001613a5fdd20 JavaThread "Incoming local TCP Connector on port 56841" [_thread_in_native, id=4120, stack(0x0000003314000000,0x0000003314100000)]
  0x000001613acfc9e0 JavaThread "Daemon periodic checks" [_thread_blocked, id=27412, stack(0x0000003314600000,0x0000003314700000)]
  0x000001613b34c6e0 JavaThread "Cache worker for journal cache (C:\Users\mihai\.gradle\caches\journal-1)" [_thread_blocked, id=29196, stack(0x0000003315200000,0x0000003315300000)]
  0x000001613b34ad90 JavaThread "File lock request listener" [_thread_in_native, id=26564, stack(0x0000003315300000,0x0000003315400000)]
  0x000001613b349440 JavaThread "Cache worker for file hash cache (C:\Users\mihai\.gradle\caches\8.2\fileHashes)" [_thread_blocked, id=26048, stack(0x0000003315500000,0x0000003315600000)]
  0x000001613b348f30 JavaThread "File watcher server" daemon [_thread_in_native, id=9356, stack(0x0000003315700000,0x0000003315800000)]
  0x000001613b34b2a0 JavaThread "File watcher consumer" daemon [_thread_blocked, id=25548, stack(0x0000003315800000,0x0000003315900000)]
  0x000001613b34c1d0 JavaThread "Cache worker for file content cache (C:\Users\mihai\.gradle\caches\8.2\fileContent)" [_thread_blocked, id=24792, stack(0x0000003315b00000,0x0000003315c00000)]
  0x000001613a7f64c0 JavaThread "Cache worker for execution history cache (C:\Users\mihai\.gradle\caches\8.2\executionHistory)" [_thread_blocked, id=16996, stack(0x0000003315400000,0x0000003315500000)]
  0x000001613a7f5080 JavaThread "jar transforms" [_thread_blocked, id=26748, stack(0x0000003315f00000,0x0000003316000000)]
  0x000001613a7f3730 JavaThread "jar transforms Thread 2" [_thread_blocked, id=15180, stack(0x0000003316000000,0x0000003316100000)]
  0x000001613a7f18d0 JavaThread "jar transforms Thread 3" [_thread_blocked, id=19608, stack(0x0000003316100000,0x0000003316200000)]
  0x000001613a7f8320 JavaThread "jar transforms Thread 4" [_thread_blocked, id=6192, stack(0x0000003316200000,0x0000003316300000)]
  0x000001613a7f4150 JavaThread "jar transforms Thread 5" [_thread_blocked, id=24308, stack(0x0000003316300000,0x0000003316400000)]
  0x000001613a7f5590 JavaThread "jar transforms Thread 6" [_thread_blocked, id=21848, stack(0x0000003316400000,0x0000003316500000)]
  0x000001613a7f0eb0 JavaThread "jar transforms Thread 7" [_thread_blocked, id=20016, stack(0x0000003316500000,0x0000003316600000)]
  0x000001613a7f4b70 JavaThread "jar transforms Thread 8" [_thread_blocked, id=22800, stack(0x0000003316600000,0x0000003316700000)]
  0x000001613a7f7900 JavaThread "Memory manager" [_thread_blocked, id=2816, stack(0x0000003317000000,0x0000003317100000)]
  0x000001613ed91150 JavaThread "Daemon Thread 2" [_thread_blocked, id=22556, stack(0x0000003312a00000,0x0000003312b00000)]
  0x000001613ed92080 JavaThread "Handler for socket connection from /127.0.0.1:56841 to /127.0.0.1:64855" [_thread_in_native, id=29020, stack(0x0000003312b00000,0x0000003312c00000)]
  0x000001613ed92aa0 JavaThread "Daemon Thread 3" [_thread_blocked, id=13632, stack(0x0000003312c00000,0x0000003312d00000)]
  0x000001613ed8ede0 JavaThread "Cancel handler" [_thread_blocked, id=26024, stack(0x0000003314900000,0x0000003314a00000)]
  0x000001613ed8d490 JavaThread "Daemon worker Thread 2" [_thread_blocked, id=11872, stack(0x0000003314b00000,0x0000003314c00000)]
  0x000001613ed91b70 JavaThread "Asynchronous log dispatcher for DefaultDaemonConnection: socket connection from /127.0.0.1:56841 to /127.0.0.1:64855" [_thread_blocked, id=28944, stack(0x0000003314800000,0x0000003314900000)]
  0x000001613ed8c560 JavaThread "Stdin handler" [_thread_blocked, id=10440, stack(0x0000003314a00000,0x0000003314b00000)]
  0x000001613ed8e3c0 JavaThread "Daemon client event forwarder" [_thread_blocked, id=10068, stack(0x0000003314c00000,0x0000003314d00000)]
  0x000001613e0b23e0 JavaThread "C2 CompilerThread1" daemon [_thread_in_native, id=9048, stack(0x0000003314d00000,0x0000003314e00000)]
  0x000001613ed92590 JavaThread "Cache worker for checksums cache (C:\Users\mihai\IdeaProjects\kursach2\.gradle\8.2\checksums)" [_thread_blocked, id=2408, stack(0x0000003314e00000,0x0000003314f00000)]
  0x000001613ed8c050 JavaThread "Cache worker for cache directory md-rule (C:\Users\mihai\.gradle\caches\8.2\md-rule)" [_thread_blocked, id=4396, stack(0x0000003315600000,0x0000003315700000)]
  0x000001613ed934c0 JavaThread "Cache worker for file hash cache (C:\Users\mihai\IdeaProjects\kursach2\.gradle\8.2\fileHashes)" [_thread_blocked, id=25892, stack(0x0000003315900000,0x0000003315a00000)]
  0x000001613ed8fd10 JavaThread "Cache worker for cache directory md-supplier (C:\Users\mihai\.gradle\caches\8.2\md-supplier)" [_thread_blocked, id=4168, stack(0x0000003315a00000,0x0000003315b00000)]
  0x000001613ed90c40 JavaThread "Cache worker for dependencies-accessors (C:\Users\mihai\IdeaProjects\kursach2\.gradle\8.2\dependencies-accessors)" [_thread_blocked, id=28284, stack(0x0000003315c00000,0x0000003315d00000)]
  0x000001613ed8f2f0 JavaThread "Cache worker for Build Output Cleanup Cache (C:\Users\mihai\IdeaProjects\kursach2\.gradle\buildOutputCleanup)" [_thread_blocked, id=15872, stack(0x0000003315d00000,0x0000003315e00000)]
  0x000001613ed91660 JavaThread "Unconstrained build operations" [_thread_blocked, id=25824, stack(0x0000003315e00000,0x0000003315f00000)]
  0x000001613ed8e8d0 JavaThread "Unconstrained build operations Thread 2" [_thread_blocked, id=14552, stack(0x0000003316700000,0x0000003316800000)]
  0x000001613ed8d9a0 JavaThread "Unconstrained build operations Thread 3" [_thread_blocked, id=26972, stack(0x0000003316800000,0x0000003316900000)]
  0x000001613ed8f800 JavaThread "Unconstrained build operations Thread 4" [_thread_blocked, id=29532, stack(0x0000003316900000,0x0000003316a00000)]
  0x000001613ed92fb0 JavaThread "Unconstrained build operations Thread 5" [_thread_blocked, id=28460, stack(0x0000003316a00000,0x0000003316b00000)]
  0x000001613ed939d0 JavaThread "Unconstrained build operations Thread 6" [_thread_blocked, id=28584, stack(0x0000003316b00000,0x0000003316c00000)]
  0x000001613ed90220 JavaThread "Unconstrained build operations Thread 7" [_thread_blocked, id=26244, stack(0x0000003316c00000,0x0000003316d00000)]
  0x000001613ed90730 JavaThread "included builds" [_thread_blocked, id=2760, stack(0x0000003316d00000,0x0000003316e00000)]
  0x000001613ed8ca70 JavaThread "Execution worker" [_thread_blocked, id=19288, stack(0x0000003316e00000,0x0000003316f00000)]
  0x000001613ed8cf80 JavaThread "Execution worker Thread 2" [_thread_blocked, id=29664, stack(0x0000003316f00000,0x0000003317000000)]
  0x000001613ed8deb0 JavaThread "Execution worker Thread 3" [_thread_blocked, id=12348, stack(0x0000003317100000,0x0000003317200000)]
  0x000001613a7f1de0 JavaThread "Execution worker Thread 4" [_thread_in_native, id=5636, stack(0x0000003317200000,0x0000003317300000)]
  0x000001613a7f5fb0 JavaThread "Execution worker Thread 5" [_thread_blocked, id=24380, stack(0x0000003317300000,0x0000003317400000)]
  0x000001613a7f73f0 JavaThread "Execution worker Thread 6" [_thread_blocked, id=14804, stack(0x0000003317400000,0x0000003317500000)]
  0x000001613a7f13c0 JavaThread "Execution worker Thread 7" [_thread_blocked, id=28692, stack(0x0000003317500000,0x0000003317600000)]
  0x000001613a7f8830 JavaThread "Cache worker for execution history cache (C:\Users\mihai\IdeaProjects\kursach2\.gradle\8.2\executionHistory)" [_thread_blocked, id=13508, stack(0x0000003317600000,0x0000003317700000)]
  0x000001613a7f22f0 JavaThread "Unconstrained build operations Thread 8" [_thread_blocked, id=28380, stack(0x0000003317700000,0x0000003317800000)]
  0x000001613a7f69d0 JavaThread "Unconstrained build operations Thread 9" [_thread_blocked, id=20588, stack(0x0000003317800000,0x0000003317900000)]
  0x000001613a7f4660 JavaThread "Unconstrained build operations Thread 10" [_thread_blocked, id=5856, stack(0x0000003317900000,0x0000003317a00000)]
  0x000001613a7f2d10 JavaThread "Unconstrained build operations Thread 11" [_thread_blocked, id=17008, stack(0x0000003317a00000,0x0000003317b00000)]
  0x000001613a7f7e10 JavaThread "Unconstrained build operations Thread 12" [_thread_blocked, id=23168, stack(0x0000003317b00000,0x0000003317c00000)]
  0x000001613a7f3220 JavaThread "Unconstrained build operations Thread 13" [_thread_blocked, id=18252, stack(0x0000003317c00000,0x0000003317d00000)]
  0x000001613b349950 JavaThread "Unconstrained build operations Thread 14" [_thread_blocked, id=20684, stack(0x0000003317d00000,0x0000003317e00000)]
  0x000001613b34a370 JavaThread "Unconstrained build operations Thread 15" [_thread_blocked, id=18596, stack(0x0000003317e00000,0x0000003317f00000)]
  0x000001613b34b7b0 JavaThread "Unconstrained build operations Thread 16" [_thread_blocked, id=11060, stack(0x0000003317f00000,0x0000003318000000)]
  0x000001613b34bcc0 JavaThread "Unconstrained build operations Thread 17" [_thread_blocked, id=7104, stack(0x0000003318000000,0x0000003318100000)]
  0x000001613eb13fc0 JavaThread "Unconstrained build operations Thread 18" [_thread_blocked, id=18888, stack(0x0000003318100000,0x0000003318200000)]
  0x000001613eb149e0 JavaThread "Unconstrained build operations Thread 19" [_thread_blocked, id=21856, stack(0x0000003318200000,0x0000003318300000)]
  0x000001613eb14ef0 JavaThread "Unconstrained build operations Thread 20" [_thread_blocked, id=14128, stack(0x0000003318300000,0x0000003318400000)]
  0x000001613eb11740 JavaThread "Unconstrained build operations Thread 21" [_thread_blocked, id=16068, stack(0x0000003318400000,0x0000003318500000)]
  0x000001613eb11c50 JavaThread "Unconstrained build operations Thread 22" [_thread_blocked, id=16856, stack(0x0000003318500000,0x0000003318600000)]
  0x000001613eb13090 JavaThread "Unconstrained build operations Thread 23" [_thread_blocked, id=25756, stack(0x0000003318600000,0x0000003318700000)]
  0x000001613eb12670 JavaThread "Unconstrained build operations Thread 24" [_thread_blocked, id=26480, stack(0x0000003318700000,0x0000003318800000)]
  0x000001613eb12160 JavaThread "Unconstrained build operations Thread 25" [_thread_blocked, id=15988, stack(0x0000003318800000,0x0000003318900000)]
  0x000001613eb12b80 JavaThread "Unconstrained build operations Thread 26" [_thread_blocked, id=4048, stack(0x0000003318900000,0x0000003318a00000)]
  0x000001613eb135a0 JavaThread "Unconstrained build operations Thread 27" [_thread_blocked, id=23860, stack(0x0000003318a00000,0x0000003318b00000)]
  0x000001613eb13ab0 JavaThread "Unconstrained build operations Thread 28" [_thread_blocked, id=11184, stack(0x0000003318b00000,0x0000003318c00000)]
  0x000001613eb144d0 JavaThread "Unconstrained build operations Thread 29" [_thread_blocked, id=3796, stack(0x0000003318c00000,0x0000003318d00000)]
  0x000001613af338e0 JavaThread "Unconstrained build operations Thread 30" [_thread_blocked, id=26724, stack(0x0000003318d00000,0x0000003318e00000)]
  0x000001613af35230 JavaThread "Unconstrained build operations Thread 31" [_thread_blocked, id=13840, stack(0x0000003318e00000,0x0000003318f00000)]
  0x000001613af30640 JavaThread "Unconstrained build operations Thread 32" [_thread_blocked, id=21080, stack(0x0000003318f00000,0x0000003319000000)]
  0x000001613af2f710 JavaThread "Unconstrained build operations Thread 33" [_thread_blocked, id=8668, stack(0x0000003319000000,0x0000003319100000)]
  0x000001613af2ecf0 JavaThread "Unconstrained build operations Thread 34" [_thread_blocked, id=29644, stack(0x0000003319100000,0x0000003319200000)]
  0x000001613af2e7e0 JavaThread "Unconstrained build operations Thread 35" [_thread_blocked, id=23372, stack(0x0000003319200000,0x0000003319300000)]
  0x000001613af30130 JavaThread "Unconstrained build operations Thread 36" [_thread_blocked, id=6156, stack(0x0000003319300000,0x0000003319400000)]
  0x000001613af30b50 JavaThread "Unconstrained build operations Thread 37" [_thread_blocked, id=21488, stack(0x0000003319400000,0x0000003319500000)]
  0x000001613af34d20 JavaThread "Unconstrained build operations Thread 38" [_thread_blocked, id=16484, stack(0x0000003319500000,0x0000003319600000)]
  0x000001613af31060 JavaThread "Unconstrained build operations Thread 39" [_thread_blocked, id=2720, stack(0x0000003319600000,0x0000003319700000)]
  0x000001613af2fc20 JavaThread "Unconstrained build operations Thread 40" [_thread_blocked, id=22624, stack(0x0000003319700000,0x0000003319800000)]
  0x000001613af34300 JavaThread "Unconstrained build operations Thread 41" [_thread_blocked, id=23536, stack(0x0000003319800000,0x0000003319900000)]
  0x000001613af324a0 JavaThread "Unconstrained build operations Thread 42" [_thread_blocked, id=22756, stack(0x0000003319900000,0x0000003319a00000)]
  0x000001613af31570 JavaThread "Unconstrained build operations Thread 43" [_thread_blocked, id=16092, stack(0x0000003319a00000,0x0000003319b00000)]
  0x000001613af31a80 JavaThread "Unconstrained build operations Thread 44" [_thread_blocked, id=20508, stack(0x0000003319b00000,0x0000003319c00000)]
  0x000001613af31f90 JavaThread "Unconstrained build operations Thread 45" [_thread_blocked, id=2956, stack(0x0000003319c00000,0x0000003319d00000)]
  0x000001613af36160 JavaThread "Unconstrained build operations Thread 46" [_thread_blocked, id=27768, stack(0x0000003319d00000,0x0000003319e00000)]
  0x000001613af329b0 JavaThread "Unconstrained build operations Thread 47" [_thread_blocked, id=7432, stack(0x0000003319e00000,0x0000003319f00000)]
  0x000001613af32ec0 JavaThread "Unconstrained build operations Thread 48" [_thread_blocked, id=6804, stack(0x0000003319f00000,0x000000331a000000)]
  0x000001613af333d0 JavaThread "Unconstrained build operations Thread 49" [_thread_blocked, id=23148, stack(0x000000331a000000,0x000000331a100000)]
  0x000001613af33df0 JavaThread "Unconstrained build operations Thread 50" [_thread_blocked, id=26220, stack(0x000000331a100000,0x000000331a200000)]
  0x000001613af34810 JavaThread "Unconstrained build operations Thread 51" [_thread_blocked, id=21564, stack(0x000000331a200000,0x000000331a300000)]
  0x000001613af35740 JavaThread "Unconstrained build operations Thread 52" [_thread_blocked, id=18256, stack(0x000000331a300000,0x000000331a400000)]
  0x000001613af35c50 JavaThread "Unconstrained build operations Thread 53" [_thread_blocked, id=17760, stack(0x000000331a400000,0x000000331a500000)]
  0x000001613af2f200 JavaThread "Unconstrained build operations Thread 54" [_thread_blocked, id=2600, stack(0x000000331a500000,0x000000331a600000)]
  0x000001613c81dd00 JavaThread "Unconstrained build operations Thread 55" [_thread_blocked, id=20616, stack(0x000000331a600000,0x000000331a700000)]
  0x000001613c823310 JavaThread "Unconstrained build operations Thread 56" [_thread_blocked, id=11612, stack(0x000000331a700000,0x000000331a800000)]
  0x000001613c81e210 JavaThread "Unconstrained build operations Thread 57" [_thread_blocked, id=29608, stack(0x000000331a800000,0x000000331a900000)]
  0x000001613c81e720 JavaThread "Unconstrained build operations Thread 58" [_thread_blocked, id=15668, stack(0x000000331a900000,0x000000331aa00000)]
  0x000001613c820580 JavaThread "Unconstrained build operations Thread 59" [_thread_blocked, id=28576, stack(0x000000331aa00000,0x000000331ab00000)]
  0x000001613c820a90 JavaThread "Unconstrained build operations Thread 60" [_thread_blocked, id=15664, stack(0x000000331ab00000,0x000000331ac00000)]
  0x000001613c820070 JavaThread "Unconstrained build operations Thread 61" [_thread_blocked, id=28616, stack(0x000000331ac00000,0x000000331ad00000)]
  0x000001613c81ec30 JavaThread "Unconstrained build operations Thread 62" [_thread_blocked, id=24872, stack(0x000000331ad00000,0x000000331ae00000)]
  0x000001613c81c8c0 JavaThread "Unconstrained build operations Thread 63" [_thread_blocked, id=8520, stack(0x000000331ae00000,0x000000331af00000)]
  0x000001613c822e00 JavaThread "Unconstrained build operations Thread 64" [_thread_blocked, id=28040, stack(0x000000331af00000,0x000000331b000000)]
  0x000001613c81d2e0 JavaThread "Unconstrained build operations Thread 65" [_thread_blocked, id=29408, stack(0x000000331b000000,0x000000331b100000)]
  0x000001613c81f140 JavaThread "Unconstrained build operations Thread 66" [_thread_blocked, id=9116, stack(0x000000331b100000,0x000000331b200000)]
  0x000001613c823820 JavaThread "Unconstrained build operations Thread 67" [_thread_blocked, id=13472, stack(0x000000331b200000,0x000000331b300000)]
  0x000001613c81f650 JavaThread "Unconstrained build operations Thread 68" [_thread_blocked, id=28308, stack(0x000000331b300000,0x000000331b400000)]
  0x000001613c823d30 JavaThread "Unconstrained build operations Thread 69" [_thread_blocked, id=2764, stack(0x000000331b400000,0x000000331b500000)]
  0x000001613c824240 JavaThread "Unconstrained build operations Thread 70" [_thread_blocked, id=22852, stack(0x000000331b500000,0x000000331b600000)]
  0x000001613c81d7f0 JavaThread "Unconstrained build operations Thread 71" [_thread_blocked, id=18928, stack(0x000000331b600000,0x000000331b700000)]
  0x000001613c8219c0 JavaThread "Unconstrained build operations Thread 72" [_thread_blocked, id=6900, stack(0x000000331b700000,0x000000331b800000)]
  0x000001613c81cdd0 JavaThread "Unconstrained build operations Thread 73" [_thread_blocked, id=28984, stack(0x000000331b800000,0x000000331b900000)]
  0x000001613c81fb60 JavaThread "Unconstrained build operations Thread 74" [_thread_blocked, id=12360, stack(0x000000331b900000,0x000000331ba00000)]
  0x000001613c820fa0 JavaThread "Unconstrained build operations Thread 75" [_thread_blocked, id=24144, stack(0x000000331ba00000,0x000000331bb00000)]
  0x000001613c8214b0 JavaThread "Unconstrained build operations Thread 76" [_thread_blocked, id=29448, stack(0x000000331bb00000,0x000000331bc00000)]
  0x000001613c821ed0 JavaThread "Unconstrained build operations Thread 77" [_thread_blocked, id=21820, stack(0x000000331bd00000,0x000000331be00000)]
  0x000001613c8223e0 JavaThread "Unconstrained build operations Thread 78" [_thread_blocked, id=28688, stack(0x000000331be00000,0x000000331bf00000)]
  0x000001613c8228f0 JavaThread "Unconstrained build operations Thread 79" [_thread_blocked, id=5000, stack(0x000000331bf00000,0x000000331c000000)]
  0x000001613c2e5770 JavaThread "Unconstrained build operations Thread 80" [_thread_blocked, id=22212, stack(0x000000331c000000,0x000000331c100000)]

Other Threads:
  0x0000016139020d00 VMThread "VM Thread" [stack: 0x0000003313300000,0x0000003313400000] [id=2892]
  0x000001611e50ea60 WatcherThread [stack: 0x0000003313f00000,0x0000003314000000] [id=20372]
  0x000001611e53cf50 GCTaskThread "GC Thread#0" [stack: 0x0000003312e00000,0x0000003312f00000] [id=29560]
  0x0000016139c3a4e0 GCTaskThread "GC Thread#1" [stack: 0x0000003314100000,0x0000003314200000] [id=15940]
  0x0000016139c3a7a0 GCTaskThread "GC Thread#2" [stack: 0x0000003314200000,0x0000003314300000] [id=19420]
  0x0000016139e834d0 GCTaskThread "GC Thread#3" [stack: 0x0000003314300000,0x0000003314400000] [id=21836]
  0x0000016139e83790 GCTaskThread "GC Thread#4" [stack: 0x0000003314400000,0x0000003314500000] [id=22716]
  0x0000016139e83a50 GCTaskThread "GC Thread#5" [stack: 0x0000003314500000,0x0000003314600000] [id=22344]
  0x000001613aec1660 GCTaskThread "GC Thread#6" [stack: 0x0000003314f00000,0x0000003315000000] [id=26000]
  0x000001613aec0b60 GCTaskThread "GC Thread#7" [stack: 0x0000003315000000,0x0000003315100000] [id=7156]
  0x000001611e541db0 ConcurrentGCThread "G1 Main Marker" [stack: 0x0000003312f00000,0x0000003313000000] [id=27840]
  0x000001611e5436e0 ConcurrentGCThread "G1 Conc#0" [stack: 0x0000003313000000,0x0000003313100000] [id=20844]
  0x000001613aec10e0 ConcurrentGCThread "G1 Conc#1" [stack: 0x0000003315100000,0x0000003315200000] [id=14668]
  0x000001611e5bea40 ConcurrentGCThread "G1 Refine#0" [stack: 0x0000003313100000,0x0000003313200000] [id=23656]
  0x000001613d47e910 ConcurrentGCThread "G1 Refine#1" [stack: 0x000000331c300000,0x000000331c400000] [id=22156]
  0x000001613d47bff0 ConcurrentGCThread "G1 Refine#2" [stack: 0x000000331c400000,0x000000331c500000] [id=12300]
  0x000001613d47ba10 ConcurrentGCThread "G1 Refine#3" [stack: 0x000000331c500000,0x000000331c600000] [id=9352]
  0x000001613d47cea0 ConcurrentGCThread "G1 Refine#4" [stack: 0x000000331c600000,0x000000331c700000] [id=12096]
  0x000001613d47e620 ConcurrentGCThread "G1 Refine#5" [stack: 0x000000331c700000,0x000000331c800000] [id=20960]
  0x0000016134bf0530 ConcurrentGCThread "G1 Service" [stack: 0x0000003313200000,0x0000003313300000] [id=8052]

Threads with active compile tasks:
C2 CompilerThread0   264756 12284   !   4       io.spring.gradle.dependencymanagement.org.apache.maven.model.ModelBase::clone (397 bytes)
C1 CompilerThread0   264756 12547       3       org.gradle.internal.component.external.model.AbstractModuleComponentResolveMetadata::artifact (35 bytes)
C2 CompilerThread1   264756 12480       4       org.gradle.api.internal.DefaultNamedDomainObjectCollection::findByName (61 bytes)
C2 CompilerThread2   264756 12481       4       org.gradle.api.internal.DefaultNamedDomainObjectCollection$UnfilteredIndex::getPending (14 bytes)

VM state: not at safepoint (normal execution)

VM Mutex/Monitor currently owned by a thread: None

Heap address: 0x00000000e0000000, size: 512 MB, Compressed Oops mode: 32-bit

CDS archive(s) not mapped
Compressed class space mapped at: 0x0000000100000000-0x0000000114000000, reserved size: 335544320
Narrow klass base: 0x0000000000000000, Narrow klass shift: 3, Narrow klass range: 0x114000000

GC Precious Log:
 CPUs: 8 total, 8 available
 Memory: 15295M
 Large Page Support: Disabled
 NUMA Support: Disabled
 Compressed Oops: Enabled (32-bit)
 Heap Region Size: 1M
 Heap Min Capacity: 256M
 Heap Initial Capacity: 256M
 Heap Max Capacity: 512M
 Pre-touch: Disabled
 Parallel Workers: 8
 Concurrent Workers: 2
 Concurrent Refinement Workers: 8
 Periodic GC: Disabled

Heap:
 garbage-first heap   total 262144K, used 116641K [0x00000000e0000000, 0x0000000100000000)
  region size 1024K, 49 young (50176K), 16 survivors (16384K)
 Metaspace       used 68320K, committed 69184K, reserved 393216K
  class space    used 9071K, committed 9472K, reserved 327680K

Heap Regions: E=young(eden), S=young(survivor), O=old, HS=humongous(starts), HC=humongous(continues), CS=collection set, F=free, OA=open archive, CA=closed archive, TAMS=top-at-mark-start (previous, next)
|   0|0x00000000e0000000, 0x00000000e0100000, 0x00000000e0100000|100%|HS|  |TAMS 0x00000000e0100000, 0x00000000e0000000| Complete 
|   1|0x00000000e0100000, 0x00000000e0200000, 0x00000000e0200000|100%|HC|  |TAMS 0x00000000e0200000, 0x00000000e0100000| Complete 
|   2|0x00000000e0200000, 0x00000000e0300000, 0x00000000e0300000|100%|HC|  |TAMS 0x00000000e0300000, 0x00000000e0200000| Complete 
|   3|0x00000000e0300000, 0x00000000e0400000, 0x00000000e0400000|100%|HC|  |TAMS 0x00000000e0400000, 0x00000000e0300000| Complete 
|   4|0x00000000e0400000, 0x00000000e0500000, 0x00000000e0500000|100%| O|  |TAMS 0x00000000e0400000, 0x00000000e0400000| Untracked 
|   5|0x00000000e0500000, 0x00000000e0600000, 0x00000000e0600000|100%| O|  |TAMS 0x00000000e0600000, 0x00000000e0500000| Untracked 
|   6|0x00000000e0600000, 0x00000000e0700000, 0x00000000e0700000|100%| O|  |TAMS 0x00000000e0700000, 0x00000000e0600000| Untracked 
|   7|0x00000000e0700000, 0x00000000e0800000, 0x00000000e0800000|100%| O|  |TAMS 0x00000000e0800000, 0x00000000e0700000| Untracked 
|   8|0x00000000e0800000, 0x00000000e0900000, 0x00000000e0900000|100%| O|  |TAMS 0x00000000e0900000, 0x00000000e0800000| Untracked 
|   9|0x00000000e0900000, 0x00000000e0a00000, 0x00000000e0a00000|100%| O|  |TAMS 0x00000000e0a00000, 0x00000000e0900000| Untracked 
|  10|0x00000000e0a00000, 0x00000000e0b00000, 0x00000000e0b00000|100%| O|  |TAMS 0x00000000e0b00000, 0x00000000e0a00000| Untracked 
|  11|0x00000000e0b00000, 0x00000000e0c00000, 0x00000000e0c00000|100%| O|  |TAMS 0x00000000e0c00000, 0x00000000e0b00000| Untracked 
|  12|0x00000000e0c00000, 0x00000000e0d00000, 0x00000000e0d00000|100%| O|  |TAMS 0x00000000e0d00000, 0x00000000e0c00000| Untracked 
|  13|0x00000000e0d00000, 0x00000000e0e00000, 0x00000000e0e00000|100%| O|  |TAMS 0x00000000e0e00000, 0x00000000e0d00000| Untracked 
|  14|0x00000000e0e00000, 0x00000000e0f00000, 0x00000000e0f00000|100%| O|  |TAMS 0x00000000e0f00000, 0x00000000e0e00000| Untracked 
|  15|0x00000000e0f00000, 0x00000000e1000000, 0x00000000e1000000|100%| O|  |TAMS 0x00000000e1000000, 0x00000000e0f00000| Untracked 
|  16|0x00000000e1000000, 0x00000000e1100000, 0x00000000e1100000|100%| O|  |TAMS 0x00000000e1100000, 0x00000000e1000000| Untracked 
|  17|0x00000000e1100000, 0x00000000e1200000, 0x00000000e1200000|100%| O|  |TAMS 0x00000000e1200000, 0x00000000e1100000| Untracked 
|  18|0x00000000e1200000, 0x00000000e1300000, 0x00000000e1300000|100%| O|  |TAMS 0x00000000e1300000, 0x00000000e1200000| Untracked 
|  19|0x00000000e1300000, 0x00000000e1400000, 0x00000000e1400000|100%| O|  |TAMS 0x00000000e1400000, 0x00000000e1300000| Untracked 
|  20|0x00000000e1400000, 0x00000000e1500000, 0x00000000e1500000|100%| O|  |TAMS 0x00000000e1500000, 0x00000000e1400000| Untracked 
|  21|0x00000000e1500000, 0x00000000e1600000, 0x00000000e1600000|100%| O|  |TAMS 0x00000000e1600000, 0x00000000e1500000| Untracked 
|  22|0x00000000e1600000, 0x00000000e1700000, 0x00000000e1700000|100%| O|  |TAMS 0x00000000e1600000, 0x00000000e1600000| Untracked 
|  23|0x00000000e1700000, 0x00000000e1800000, 0x00000000e1800000|100%| O|  |TAMS 0x00000000e1700000, 0x00000000e1700000| Untracked 
|  24|0x00000000e1800000, 0x00000000e1900000, 0x00000000e1900000|100%| O|  |TAMS 0x00000000e1800000, 0x00000000e1800000| Untracked 
|  25|0x00000000e1900000, 0x00000000e1a00000, 0x00000000e1a00000|100%| O|  |TAMS 0x00000000e1900000, 0x00000000e1900000| Untracked 
|  26|0x00000000e1a00000, 0x00000000e1b00000, 0x00000000e1b00000|100%| O|  |TAMS 0x00000000e1a00000, 0x00000000e1a00000| Untracked 
|  27|0x00000000e1b00000, 0x00000000e1c00000, 0x00000000e1c00000|100%| O|  |TAMS 0x00000000e1b00000, 0x00000000e1b00000| Untracked 
|  28|0x00000000e1c00000, 0x00000000e1d00000, 0x00000000e1d00000|100%| O|  |TAMS 0x00000000e1c00000, 0x00000000e1c00000| Untracked 
|  29|0x00000000e1d00000, 0x00000000e1e00000, 0x00000000e1e00000|100%| O|  |TAMS 0x00000000e1d00000, 0x00000000e1d00000| Untracked 
|  30|0x00000000e1e00000, 0x00000000e1f00000, 0x00000000e1f00000|100%| O|  |TAMS 0x00000000e1e00000, 0x00000000e1e00000| Untracked 
|  31|0x00000000e1f00000, 0x00000000e2000000, 0x00000000e2000000|100%| O|  |TAMS 0x00000000e1f00000, 0x00000000e1f00000| Untracked 
|  32|0x00000000e2000000, 0x00000000e2100000, 0x00000000e2100000|100%| O|  |TAMS 0x00000000e2000000, 0x00000000e2000000| Untracked 
|  33|0x00000000e2100000, 0x00000000e2200000, 0x00000000e2200000|100%| O|  |TAMS 0x00000000e2100000, 0x00000000e2100000| Untracked 
|  34|0x00000000e2200000, 0x00000000e2300000, 0x00000000e2300000|100%| O|  |TAMS 0x00000000e2200000, 0x00000000e2200000| Untracked 
|  35|0x00000000e2300000, 0x00000000e2400000, 0x00000000e2400000|100%| O|  |TAMS 0x00000000e2300000, 0x00000000e2300000| Untracked 
|  36|0x00000000e2400000, 0x00000000e2500000, 0x00000000e2500000|100%| O|  |TAMS 0x00000000e2400000, 0x00000000e2400000| Untracked 
|  37|0x00000000e2500000, 0x00000000e2600000, 0x00000000e2600000|100%| O|  |TAMS 0x00000000e2500000, 0x00000000e2500000| Untracked 
|  38|0x00000000e2600000, 0x00000000e2700000, 0x00000000e2700000|100%| O|  |TAMS 0x00000000e2600000, 0x00000000e2600000| Untracked 
|  39|0x00000000e2700000, 0x00000000e2800000, 0x00000000e2800000|100%| O|  |TAMS 0x00000000e2700000, 0x00000000e2700000| Untracked 
|  40|0x00000000e2800000, 0x00000000e2900000, 0x00000000e2900000|100%| O|  |TAMS 0x00000000e2800000, 0x00000000e2800000| Untracked 
|  41|0x00000000e2900000, 0x00000000e2a00000, 0x00000000e2a00000|100%| O|  |TAMS 0x00000000e2900000, 0x00000000e2900000| Untracked 
|  42|0x00000000e2a00000, 0x00000000e2b00000, 0x00000000e2b00000|100%| O|  |TAMS 0x00000000e2a00000, 0x00000000e2a00000| Untracked 
|  43|0x00000000e2b00000, 0x00000000e2c00000, 0x00000000e2c00000|100%| O|  |TAMS 0x00000000e2b00000, 0x00000000e2b00000| Untracked 
|  44|0x00000000e2c00000, 0x00000000e2d00000, 0x00000000e2d00000|100%| O|  |TAMS 0x00000000e2c00000, 0x00000000e2c00000| Untracked 
|  45|0x00000000e2d00000, 0x00000000e2e00000, 0x00000000e2e00000|100%| O|  |TAMS 0x00000000e2d00000, 0x00000000e2d00000| Untracked 
|  46|0x00000000e2e00000, 0x00000000e2f00000, 0x00000000e2f00000|100%| O|  |TAMS 0x00000000e2e00000, 0x00000000e2e00000| Untracked 
|  47|0x00000000e2f00000, 0x00000000e3000000, 0x00000000e3000000|100%| O|  |TAMS 0x00000000e2f00000, 0x00000000e2f00000| Untracked 
|  48|0x00000000e3000000, 0x00000000e3100000, 0x00000000e3100000|100%| O|  |TAMS 0x00000000e3000000, 0x00000000e3000000| Untracked 
|  49|0x00000000e3100000, 0x00000000e3200000, 0x00000000e3200000|100%| O|  |TAMS 0x00000000e3100000, 0x00000000e3100000| Untracked 
|  50|0x00000000e3200000, 0x00000000e3300000, 0x00000000e3300000|100%| O|  |TAMS 0x00000000e3200000, 0x00000000e3200000| Untracked 
|  51|0x00000000e3300000, 0x00000000e3400000, 0x00000000e3400000|100%| O|  |TAMS 0x00000000e3300000, 0x00000000e3300000| Untracked 
|  52|0x00000000e3400000, 0x00000000e3500000, 0x00000000e3500000|100%| O|  |TAMS 0x00000000e3400000, 0x00000000e3400000| Untracked 
|  53|0x00000000e3500000, 0x00000000e3600000, 0x00000000e3600000|100%| O|  |TAMS 0x00000000e3500000, 0x00000000e3500000| Untracked 
|  54|0x00000000e3600000, 0x00000000e3700000, 0x00000000e3700000|100%| O|  |TAMS 0x00000000e3600000, 0x00000000e3600000| Untracked 
|  55|0x00000000e3700000, 0x00000000e3800000, 0x00000000e3800000|100%| O|  |TAMS 0x00000000e3700000, 0x00000000e3700000| Untracked 
|  56|0x00000000e3800000, 0x00000000e3900000, 0x00000000e3900000|100%| O|  |TAMS 0x00000000e3800000, 0x00000000e3800000| Untracked 
|  57|0x00000000e3900000, 0x00000000e3a00000, 0x00000000e3a00000|100%| O|  |TAMS 0x00000000e3900000, 0x00000000e3900000| Untracked 
|  58|0x00000000e3a00000, 0x00000000e3b00000, 0x00000000e3b00000|100%| O|  |TAMS 0x00000000e3a00000, 0x00000000e3a00000| Untracked 
|  59|0x00000000e3b00000, 0x00000000e3c00000, 0x00000000e3c00000|100%| O|  |TAMS 0x00000000e3b00000, 0x00000000e3b00000| Untracked 
|  60|0x00000000e3c00000, 0x00000000e3d00000, 0x00000000e3d00000|100%| O|  |TAMS 0x00000000e3c00000, 0x00000000e3c00000| Untracked 
|  61|0x00000000e3d00000, 0x00000000e3e00000, 0x00000000e3e00000|100%| O|  |TAMS 0x00000000e3d00000, 0x00000000e3d00000| Untracked 
|  62|0x00000000e3e00000, 0x00000000e3f00000, 0x00000000e3f00000|100%| O|  |TAMS 0x00000000e3e00000, 0x00000000e3e00000| Untracked 
|  63|0x00000000e3f00000, 0x00000000e4000000, 0x00000000e4000000|100%| O|  |TAMS 0x00000000e3f00000, 0x00000000e3f00000| Untracked 
|  64|0x00000000e4000000, 0x00000000e4100000, 0x00000000e4100000|100%| O|  |TAMS 0x00000000e4000000, 0x00000000e4000000| Untracked 
|  65|0x00000000e4100000, 0x00000000e4200000, 0x00000000e4200000|100%| O|  |TAMS 0x00000000e4100000, 0x00000000e4100000| Untracked 
|  66|0x00000000e4200000, 0x00000000e4300000, 0x00000000e4300000|100%| O|  |TAMS 0x00000000e4200000, 0x00000000e4200000| Untracked 
|  67|0x00000000e4300000, 0x00000000e43b9e00, 0x00000000e4400000| 72%| O|  |TAMS 0x00000000e4300000, 0x00000000e4300000| Untracked 
|  68|0x00000000e4400000, 0x00000000e4400000, 0x00000000e4500000|  0%| F|  |TAMS 0x00000000e4400000, 0x00000000e4400000| Untracked 
|  69|0x00000000e4500000, 0x00000000e4500000, 0x00000000e4600000|  0%| F|  |TAMS 0x00000000e4500000, 0x00000000e4500000| Untracked 
|  70|0x00000000e4600000, 0x00000000e4600000, 0x00000000e4700000|  0%| F|  |TAMS 0x00000000e4600000, 0x00000000e4600000| Untracked 
|  71|0x00000000e4700000, 0x00000000e4700000, 0x00000000e4800000|  0%| F|  |TAMS 0x00000000e4700000, 0x00000000e4700000| Untracked 
|  72|0x00000000e4800000, 0x00000000e4800000, 0x00000000e4900000|  0%| F|  |TAMS 0x00000000e4800000, 0x00000000e4800000| Untracked 
|  73|0x00000000e4900000, 0x00000000e4900000, 0x00000000e4a00000|  0%| F|  |TAMS 0x00000000e4900000, 0x00000000e4900000| Untracked 
|  74|0x00000000e4a00000, 0x00000000e4a00000, 0x00000000e4b00000|  0%| F|  |TAMS 0x00000000e4a00000, 0x00000000e4a00000| Untracked 
|  75|0x00000000e4b00000, 0x00000000e4b00000, 0x00000000e4c00000|  0%| F|  |TAMS 0x00000000e4b00000, 0x00000000e4b00000| Untracked 
|  76|0x00000000e4c00000, 0x00000000e4c00000, 0x00000000e4d00000|  0%| F|  |TAMS 0x00000000e4c00000, 0x00000000e4c00000| Untracked 
|  77|0x00000000e4d00000, 0x00000000e4d00000, 0x00000000e4e00000|  0%| F|  |TAMS 0x00000000e4d00000, 0x00000000e4d00000| Untracked 
|  78|0x00000000e4e00000, 0x00000000e4e00000, 0x00000000e4f00000|  0%| F|  |TAMS 0x00000000e4e00000, 0x00000000e4e00000| Untracked 
|  79|0x00000000e4f00000, 0x00000000e4f00000, 0x00000000e5000000|  0%| F|  |TAMS 0x00000000e4f00000, 0x00000000e4f00000| Untracked 
|  80|0x00000000e5000000, 0x00000000e5000000, 0x00000000e5100000|  0%| F|  |TAMS 0x00000000e5000000, 0x00000000e5000000| Untracked 
|  81|0x00000000e5100000, 0x00000000e5100000, 0x00000000e5200000|  0%| F|  |TAMS 0x00000000e5100000, 0x00000000e5100000| Untracked 
|  82|0x00000000e5200000, 0x00000000e5200000, 0x00000000e5300000|  0%| F|  |TAMS 0x00000000e5200000, 0x00000000e5200000| Untracked 
|  83|0x00000000e5300000, 0x00000000e5300000, 0x00000000e5400000|  0%| F|  |TAMS 0x00000000e5300000, 0x00000000e5300000| Untracked 
|  84|0x00000000e5400000, 0x00000000e5400000, 0x00000000e5500000|  0%| F|  |TAMS 0x00000000e5400000, 0x00000000e5400000| Untracked 
|  85|0x00000000e5500000, 0x00000000e5500000, 0x00000000e5600000|  0%| F|  |TAMS 0x00000000e5500000, 0x00000000e5500000| Untracked 
|  86|0x00000000e5600000, 0x00000000e5600000, 0x00000000e5700000|  0%| F|  |TAMS 0x00000000e5600000, 0x00000000e5600000| Untracked 
|  87|0x00000000e5700000, 0x00000000e5700000, 0x00000000e5800000|  0%| F|  |TAMS 0x00000000e5700000, 0x00000000e5700000| Untracked 
|  88|0x00000000e5800000, 0x00000000e5800000, 0x00000000e5900000|  0%| F|  |TAMS 0x00000000e5800000, 0x00000000e5800000| Untracked 
|  89|0x00000000e5900000, 0x00000000e5900000, 0x00000000e5a00000|  0%| F|  |TAMS 0x00000000e5900000, 0x00000000e5900000| Untracked 
|  90|0x00000000e5a00000, 0x00000000e5a00000, 0x00000000e5b00000|  0%| F|  |TAMS 0x00000000e5a00000, 0x00000000e5a00000| Untracked 
|  91|0x00000000e5b00000, 0x00000000e5b00000, 0x00000000e5c00000|  0%| F|  |TAMS 0x00000000e5b00000, 0x00000000e5b00000| Untracked 
|  92|0x00000000e5c00000, 0x00000000e5c00000, 0x00000000e5d00000|  0%| F|  |TAMS 0x00000000e5c00000, 0x00000000e5c00000| Untracked 
|  93|0x00000000e5d00000, 0x00000000e5d00000, 0x00000000e5e00000|  0%| F|  |TAMS 0x00000000e5d00000, 0x00000000e5d00000| Untracked 
|  94|0x00000000e5e00000, 0x00000000e5e00000, 0x00000000e5f00000|  0%| F|  |TAMS 0x00000000e5e00000, 0x00000000e5e00000| Untracked 
|  95|0x00000000e5f00000, 0x00000000e5f00000, 0x00000000e6000000|  0%| F|  |TAMS 0x00000000e5f00000, 0x00000000e5f00000| Untracked 
|  96|0x00000000e6000000, 0x00000000e6000000, 0x00000000e6100000|  0%| F|  |TAMS 0x00000000e6000000, 0x00000000e6000000| Untracked 
|  97|0x00000000e6100000, 0x00000000e6100000, 0x00000000e6200000|  0%| F|  |TAMS 0x00000000e6100000, 0x00000000e6100000| Untracked 
|  98|0x00000000e6200000, 0x00000000e6200000, 0x00000000e6300000|  0%| F|  |TAMS 0x00000000e6200000, 0x00000000e6200000| Untracked 
|  99|0x00000000e6300000, 0x00000000e6300000, 0x00000000e6400000|  0%| F|  |TAMS 0x00000000e6300000, 0x00000000e6300000| Untracked 
| 100|0x00000000e6400000, 0x00000000e6400000, 0x00000000e6500000|  0%| F|  |TAMS 0x00000000e6400000, 0x00000000e6400000| Untracked 
| 101|0x00000000e6500000, 0x00000000e6500000, 0x00000000e6600000|  0%| F|  |TAMS 0x00000000e6500000, 0x00000000e6500000| Untracked 
| 102|0x00000000e6600000, 0x00000000e6600000, 0x00000000e6700000|  0%| F|  |TAMS 0x00000000e6600000, 0x00000000e6600000| Untracked 
| 103|0x00000000e6700000, 0x00000000e6700000, 0x00000000e6800000|  0%| F|  |TAMS 0x00000000e6700000, 0x00000000e6700000| Untracked 
| 104|0x00000000e6800000, 0x00000000e6800000, 0x00000000e6900000|  0%| F|  |TAMS 0x00000000e6800000, 0x00000000e6800000| Untracked 
| 105|0x00000000e6900000, 0x00000000e6900000, 0x00000000e6a00000|  0%| F|  |TAMS 0x00000000e6900000, 0x00000000e6900000| Untracked 
| 106|0x00000000e6a00000, 0x00000000e6a00000, 0x00000000e6b00000|  0%| F|  |TAMS 0x00000000e6a00000, 0x00000000e6a00000| Untracked 
| 107|0x00000000e6b00000, 0x00000000e6b00000, 0x00000000e6c00000|  0%| F|  |TAMS 0x00000000e6b00000, 0x00000000e6b00000| Untracked 
| 108|0x00000000e6c00000, 0x00000000e6c00000, 0x00000000e6d00000|  0%| F|  |TAMS 0x00000000e6c00000, 0x00000000e6c00000| Untracked 
| 109|0x00000000e6d00000, 0x00000000e6d2e680, 0x00000000e6e00000| 18%| S|CS|TAMS 0x00000000e6d00000, 0x00000000e6d00000| Complete 
| 110|0x00000000e6e00000, 0x00000000e6f00000, 0x00000000e6f00000|100%| S|CS|TAMS 0x00000000e6e00000, 0x00000000e6e00000| Complete 
| 111|0x00000000e6f00000, 0x00000000e6f00000, 0x00000000e7000000|  0%| F|  |TAMS 0x00000000e6f00000, 0x00000000e6f00000| Untracked 
| 112|0x00000000e7000000, 0x00000000e7100000, 0x00000000e7100000|100%| S|CS|TAMS 0x00000000e7000000, 0x00000000e7000000| Complete 
| 113|0x00000000e7100000, 0x00000000e7200000, 0x00000000e7200000|100%| S|CS|TAMS 0x00000000e7100000, 0x00000000e7100000| Complete 
| 114|0x00000000e7200000, 0x00000000e7300000, 0x00000000e7300000|100%| S|CS|TAMS 0x00000000e7200000, 0x00000000e7200000| Complete 
| 115|0x00000000e7300000, 0x00000000e7400000, 0x00000000e7400000|100%| S|CS|TAMS 0x00000000e7300000, 0x00000000e7300000| Complete 
| 116|0x00000000e7400000, 0x00000000e7500000, 0x00000000e7500000|100%| S|CS|TAMS 0x00000000e7400000, 0x00000000e7400000| Complete 
| 117|0x00000000e7500000, 0x00000000e7600000, 0x00000000e7600000|100%| S|CS|TAMS 0x00000000e7500000, 0x00000000e7500000| Complete 
| 118|0x00000000e7600000, 0x00000000e7700000, 0x00000000e7700000|100%| S|CS|TAMS 0x00000000e7600000, 0x00000000e7600000| Complete 
| 119|0x00000000e7700000, 0x00000000e7800000, 0x00000000e7800000|100%| S|CS|TAMS 0x00000000e7700000, 0x00000000e7700000| Complete 
| 120|0x00000000e7800000, 0x00000000e7900000, 0x00000000e7900000|100%| S|CS|TAMS 0x00000000e7800000, 0x00000000e7800000| Complete 
| 121|0x00000000e7900000, 0x00000000e7a00000, 0x00000000e7a00000|100%| S|CS|TAMS 0x00000000e7900000, 0x00000000e7900000| Complete 
| 122|0x00000000e7a00000, 0x00000000e7b00000, 0x00000000e7b00000|100%| S|CS|TAMS 0x00000000e7a00000, 0x00000000e7a00000| Complete 
| 123|0x00000000e7b00000, 0x00000000e7b00000, 0x00000000e7c00000|  0%| F|  |TAMS 0x00000000e7b00000, 0x00000000e7b00000| Untracked 
| 124|0x00000000e7c00000, 0x00000000e7c00000, 0x00000000e7d00000|  0%| F|  |TAMS 0x00000000e7c00000, 0x00000000e7c00000| Untracked 
| 125|0x00000000e7d00000, 0x00000000e7d00000, 0x00000000e7e00000|  0%| F|  |TAMS 0x00000000e7d00000, 0x00000000e7d00000| Untracked 
| 126|0x00000000e7e00000, 0x00000000e7e00000, 0x00000000e7f00000|  0%| F|  |TAMS 0x00000000e7e00000, 0x00000000e7e00000| Untracked 
| 127|0x00000000e7f00000, 0x00000000e7f00000, 0x00000000e8000000|  0%| F|  |TAMS 0x00000000e7f00000, 0x00000000e7f00000| Untracked 
| 128|0x00000000e8000000, 0x00000000e8000000, 0x00000000e8100000|  0%| F|  |TAMS 0x00000000e8000000, 0x00000000e8000000| Untracked 
| 129|0x00000000e8100000, 0x00000000e8100000, 0x00000000e8200000|  0%| F|  |TAMS 0x00000000e8100000, 0x00000000e8100000| Untracked 
| 130|0x00000000e8200000, 0x00000000e8300000, 0x00000000e8300000|100%| S|CS|TAMS 0x00000000e8200000, 0x00000000e8200000| Complete 
| 131|0x00000000e8300000, 0x00000000e8400000, 0x00000000e8400000|100%| S|CS|TAMS 0x00000000e8300000, 0x00000000e8300000| Complete 
| 132|0x00000000e8400000, 0x00000000e8500000, 0x00000000e8500000|100%| S|CS|TAMS 0x00000000e8400000, 0x00000000e8400000| Complete 
| 133|0x00000000e8500000, 0x00000000e8500000, 0x00000000e8600000|  0%| F|  |TAMS 0x00000000e8500000, 0x00000000e8500000| Untracked 
| 134|0x00000000e8600000, 0x00000000e8600000, 0x00000000e8700000|  0%| F|  |TAMS 0x00000000e8600000, 0x00000000e8600000| Untracked 
| 135|0x00000000e8700000, 0x00000000e8700000, 0x00000000e8800000|  0%| F|  |TAMS 0x00000000e8700000, 0x00000000e8700000| Untracked 
| 136|0x00000000e8800000, 0x00000000e8800000, 0x00000000e8900000|  0%| F|  |TAMS 0x00000000e8800000, 0x00000000e8800000| Untracked 
| 137|0x00000000e8900000, 0x00000000e8900000, 0x00000000e8a00000|  0%| F|  |TAMS 0x00000000e8900000, 0x00000000e8900000| Untracked 
| 138|0x00000000e8a00000, 0x00000000e8a00000, 0x00000000e8b00000|  0%| F|  |TAMS 0x00000000e8a00000, 0x00000000e8a00000| Untracked 
| 139|0x00000000e8b00000, 0x00000000e8b00000, 0x00000000e8c00000|  0%| F|  |TAMS 0x00000000e8b00000, 0x00000000e8b00000| Untracked 
| 140|0x00000000e8c00000, 0x00000000e8c00000, 0x00000000e8d00000|  0%| F|  |TAMS 0x00000000e8c00000, 0x00000000e8c00000| Untracked 
| 141|0x00000000e8d00000, 0x00000000e8d00000, 0x00000000e8e00000|  0%| F|  |TAMS 0x00000000e8d00000, 0x00000000e8d00000| Untracked 
| 142|0x00000000e8e00000, 0x00000000e8e00000, 0x00000000e8f00000|  0%| F|  |TAMS 0x00000000e8e00000, 0x00000000e8e00000| Untracked 
| 143|0x00000000e8f00000, 0x00000000e8f00000, 0x00000000e9000000|  0%| F|  |TAMS 0x00000000e8f00000, 0x00000000e8f00000| Untracked 
| 144|0x00000000e9000000, 0x00000000e9000000, 0x00000000e9100000|  0%| F|  |TAMS 0x00000000e9000000, 0x00000000e9000000| Untracked 
| 145|0x00000000e9100000, 0x00000000e9100000, 0x00000000e9200000|  0%| F|  |TAMS 0x00000000e9100000, 0x00000000e9100000| Untracked 
| 146|0x00000000e9200000, 0x00000000e9200000, 0x00000000e9300000|  0%| F|  |TAMS 0x00000000e9200000, 0x00000000e9200000| Untracked 
| 147|0x00000000e9300000, 0x00000000e9300000, 0x00000000e9400000|  0%| F|  |TAMS 0x00000000e9300000, 0x00000000e9300000| Untracked 
| 148|0x00000000e9400000, 0x00000000e9400000, 0x00000000e9500000|  0%| F|  |TAMS 0x00000000e9400000, 0x00000000e9400000| Untracked 
| 149|0x00000000e9500000, 0x00000000e9500000, 0x00000000e9600000|  0%| F|  |TAMS 0x00000000e9500000, 0x00000000e9500000| Untracked 
| 150|0x00000000e9600000, 0x00000000e9600000, 0x00000000e9700000|  0%| F|  |TAMS 0x00000000e9600000, 0x00000000e9600000| Untracked 
| 151|0x00000000e9700000, 0x00000000e9700000, 0x00000000e9800000|  0%| F|  |TAMS 0x00000000e9700000, 0x00000000e9700000| Untracked 
| 152|0x00000000e9800000, 0x00000000e9800000, 0x00000000e9900000|  0%| F|  |TAMS 0x00000000e9800000, 0x00000000e9800000| Untracked 
| 153|0x00000000e9900000, 0x00000000e9900000, 0x00000000e9a00000|  0%| F|  |TAMS 0x00000000e9900000, 0x00000000e9900000| Untracked 
| 154|0x00000000e9a00000, 0x00000000e9a00000, 0x00000000e9b00000|  0%| F|  |TAMS 0x00000000e9a00000, 0x00000000e9a00000| Untracked 
| 155|0x00000000e9b00000, 0x00000000e9b00000, 0x00000000e9c00000|  0%| F|  |TAMS 0x00000000e9b00000, 0x00000000e9b00000| Untracked 
| 156|0x00000000e9c00000, 0x00000000e9c00000, 0x00000000e9d00000|  0%| F|  |TAMS 0x00000000e9c00000, 0x00000000e9c00000| Untracked 
| 157|0x00000000e9d00000, 0x00000000e9d00000, 0x00000000e9e00000|  0%| F|  |TAMS 0x00000000e9d00000, 0x00000000e9d00000| Untracked 
| 158|0x00000000e9e00000, 0x00000000e9e00000, 0x00000000e9f00000|  0%| F|  |TAMS 0x00000000e9e00000, 0x00000000e9e00000| Untracked 
| 159|0x00000000e9f00000, 0x00000000e9f00000, 0x00000000ea000000|  0%| F|  |TAMS 0x00000000e9f00000, 0x00000000e9f00000| Untracked 
| 160|0x00000000ea000000, 0x00000000ea000000, 0x00000000ea100000|  0%| F|  |TAMS 0x00000000ea000000, 0x00000000ea000000| Untracked 
| 161|0x00000000ea100000, 0x00000000ea100000, 0x00000000ea200000|  0%| F|  |TAMS 0x00000000ea100000, 0x00000000ea100000| Untracked 
| 162|0x00000000ea200000, 0x00000000ea200000, 0x00000000ea300000|  0%| F|  |TAMS 0x00000000ea200000, 0x00000000ea200000| Untracked 
| 163|0x00000000ea300000, 0x00000000ea300000, 0x00000000ea400000|  0%| F|  |TAMS 0x00000000ea300000, 0x00000000ea300000| Untracked 
| 164|0x00000000ea400000, 0x00000000ea400000, 0x00000000ea500000|  0%| F|  |TAMS 0x00000000ea400000, 0x00000000ea400000| Untracked 
| 165|0x00000000ea500000, 0x00000000ea500000, 0x00000000ea600000|  0%| F|  |TAMS 0x00000000ea500000, 0x00000000ea500000| Untracked 
| 166|0x00000000ea600000, 0x00000000ea600000, 0x00000000ea700000|  0%| F|  |TAMS 0x00000000ea600000, 0x00000000ea600000| Untracked 
| 167|0x00000000ea700000, 0x00000000ea700000, 0x00000000ea800000|  0%| F|  |TAMS 0x00000000ea700000, 0x00000000ea700000| Untracked 
| 168|0x00000000ea800000, 0x00000000ea800000, 0x00000000ea900000|  0%| F|  |TAMS 0x00000000ea800000, 0x00000000ea800000| Untracked 
| 169|0x00000000ea900000, 0x00000000ea900000, 0x00000000eaa00000|  0%| F|  |TAMS 0x00000000ea900000, 0x00000000ea900000| Untracked 
| 170|0x00000000eaa00000, 0x00000000eaa00000, 0x00000000eab00000|  0%| F|  |TAMS 0x00000000eaa00000, 0x00000000eaa00000| Untracked 
| 171|0x00000000eab00000, 0x00000000eab00000, 0x00000000eac00000|  0%| F|  |TAMS 0x00000000eab00000, 0x00000000eab00000| Untracked 
| 172|0x00000000eac00000, 0x00000000eac00000, 0x00000000ead00000|  0%| F|  |TAMS 0x00000000eac00000, 0x00000000eac00000| Untracked 
| 173|0x00000000ead00000, 0x00000000ead00000, 0x00000000eae00000|  0%| F|  |TAMS 0x00000000ead00000, 0x00000000ead00000| Untracked 
| 174|0x00000000eae00000, 0x00000000eae00000, 0x00000000eaf00000|  0%| F|  |TAMS 0x00000000eae00000, 0x00000000eae00000| Untracked 
| 175|0x00000000eaf00000, 0x00000000eaf00000, 0x00000000eb000000|  0%| F|  |TAMS 0x00000000eaf00000, 0x00000000eaf00000| Untracked 
| 176|0x00000000eb000000, 0x00000000eb000000, 0x00000000eb100000|  0%| F|  |TAMS 0x00000000eb000000, 0x00000000eb000000| Untracked 
| 177|0x00000000eb100000, 0x00000000eb100000, 0x00000000eb200000|  0%| F|  |TAMS 0x00000000eb100000, 0x00000000eb100000| Untracked 
| 178|0x00000000eb200000, 0x00000000eb200000, 0x00000000eb300000|  0%| F|  |TAMS 0x00000000eb200000, 0x00000000eb200000| Untracked 
| 179|0x00000000eb300000, 0x00000000eb300000, 0x00000000eb400000|  0%| F|  |TAMS 0x00000000eb300000, 0x00000000eb300000| Untracked 
| 180|0x00000000eb400000, 0x00000000eb400000, 0x00000000eb500000|  0%| F|  |TAMS 0x00000000eb400000, 0x00000000eb400000| Untracked 
| 181|0x00000000eb500000, 0x00000000eb500000, 0x00000000eb600000|  0%| F|  |TAMS 0x00000000eb500000, 0x00000000eb500000| Untracked 
| 182|0x00000000eb600000, 0x00000000eb600000, 0x00000000eb700000|  0%| F|  |TAMS 0x00000000eb600000, 0x00000000eb600000| Untracked 
| 183|0x00000000eb700000, 0x00000000eb700000, 0x00000000eb800000|  0%| F|  |TAMS 0x00000000eb700000, 0x00000000eb700000| Untracked 
| 184|0x00000000eb800000, 0x00000000eb800000, 0x00000000eb900000|  0%| F|  |TAMS 0x00000000eb800000, 0x00000000eb800000| Untracked 
| 185|0x00000000eb900000, 0x00000000eb900000, 0x00000000eba00000|  0%| F|  |TAMS 0x00000000eb900000, 0x00000000eb900000| Untracked 
| 186|0x00000000eba00000, 0x00000000eba00000, 0x00000000ebb00000|  0%| F|  |TAMS 0x00000000eba00000, 0x00000000eba00000| Untracked 
| 187|0x00000000ebb00000, 0x00000000ebb00000, 0x00000000ebc00000|  0%| F|  |TAMS 0x00000000ebb00000, 0x00000000ebb00000| Untracked 
| 188|0x00000000ebc00000, 0x00000000ebc00000, 0x00000000ebd00000|  0%| F|  |TAMS 0x00000000ebc00000, 0x00000000ebc00000| Untracked 
| 189|0x00000000ebd00000, 0x00000000ebd00000, 0x00000000ebe00000|  0%| F|  |TAMS 0x00000000ebd00000, 0x00000000ebd00000| Untracked 
| 190|0x00000000ebe00000, 0x00000000ebe00000, 0x00000000ebf00000|  0%| F|  |TAMS 0x00000000ebe00000, 0x00000000ebe00000| Untracked 
| 191|0x00000000ebf00000, 0x00000000ebf00000, 0x00000000ec000000|  0%| F|  |TAMS 0x00000000ebf00000, 0x00000000ebf00000| Untracked 
| 192|0x00000000ec000000, 0x00000000ec000000, 0x00000000ec100000|  0%| F|  |TAMS 0x00000000ec000000, 0x00000000ec000000| Untracked 
| 193|0x00000000ec100000, 0x00000000ec100000, 0x00000000ec200000|  0%| F|  |TAMS 0x00000000ec100000, 0x00000000ec100000| Untracked 
| 194|0x00000000ec200000, 0x00000000ec200000, 0x00000000ec300000|  0%| F|  |TAMS 0x00000000ec200000, 0x00000000ec200000| Untracked 
| 195|0x00000000ec300000, 0x00000000ec300000, 0x00000000ec400000|  0%| F|  |TAMS 0x00000000ec300000, 0x00000000ec300000| Untracked 
| 196|0x00000000ec400000, 0x00000000ec400000, 0x00000000ec500000|  0%| F|  |TAMS 0x00000000ec400000, 0x00000000ec400000| Untracked 
| 197|0x00000000ec500000, 0x00000000ec500000, 0x00000000ec600000|  0%| F|  |TAMS 0x00000000ec500000, 0x00000000ec500000| Untracked 
| 198|0x00000000ec600000, 0x00000000ec600000, 0x00000000ec700000|  0%| F|  |TAMS 0x00000000ec600000, 0x00000000ec600000| Untracked 
| 199|0x00000000ec700000, 0x00000000ec700000, 0x00000000ec800000|  0%| F|  |TAMS 0x00000000ec700000, 0x00000000ec700000| Untracked 
| 200|0x00000000ec800000, 0x00000000ec800000, 0x00000000ec900000|  0%| F|  |TAMS 0x00000000ec800000, 0x00000000ec800000| Untracked 
| 201|0x00000000ec900000, 0x00000000ec900000, 0x00000000eca00000|  0%| F|  |TAMS 0x00000000ec900000, 0x00000000ec900000| Untracked 
| 202|0x00000000eca00000, 0x00000000eca00000, 0x00000000ecb00000|  0%| F|  |TAMS 0x00000000eca00000, 0x00000000eca00000| Untracked 
| 203|0x00000000ecb00000, 0x00000000ecb00000, 0x00000000ecc00000|  0%| F|  |TAMS 0x00000000ecb00000, 0x00000000ecb00000| Untracked 
| 204|0x00000000ecc00000, 0x00000000ecc00000, 0x00000000ecd00000|  0%| F|  |TAMS 0x00000000ecc00000, 0x00000000ecc00000| Untracked 
| 205|0x00000000ecd00000, 0x00000000ecd00000, 0x00000000ece00000|  0%| F|  |TAMS 0x00000000ecd00000, 0x00000000ecd00000| Untracked 
| 206|0x00000000ece00000, 0x00000000ece00000, 0x00000000ecf00000|  0%| F|  |TAMS 0x00000000ece00000, 0x00000000ece00000| Untracked 
| 207|0x00000000ecf00000, 0x00000000ecf00000, 0x00000000ed000000|  0%| F|  |TAMS 0x00000000ecf00000, 0x00000000ecf00000| Untracked 
| 208|0x00000000ed000000, 0x00000000ed000000, 0x00000000ed100000|  0%| F|  |TAMS 0x00000000ed000000, 0x00000000ed000000| Untracked 
| 209|0x00000000ed100000, 0x00000000ed100000, 0x00000000ed200000|  0%| F|  |TAMS 0x00000000ed100000, 0x00000000ed100000| Untracked 
| 210|0x00000000ed200000, 0x00000000ed200000, 0x00000000ed300000|  0%| F|  |TAMS 0x00000000ed200000, 0x00000000ed200000| Untracked 
| 211|0x00000000ed300000, 0x00000000ed300000, 0x00000000ed400000|  0%| F|  |TAMS 0x00000000ed300000, 0x00000000ed300000| Untracked 
| 212|0x00000000ed400000, 0x00000000ed400000, 0x00000000ed500000|  0%| F|  |TAMS 0x00000000ed400000, 0x00000000ed400000| Untracked 
| 213|0x00000000ed500000, 0x00000000ed500000, 0x00000000ed600000|  0%| F|  |TAMS 0x00000000ed500000, 0x00000000ed500000| Untracked 
| 214|0x00000000ed600000, 0x00000000ed600000, 0x00000000ed700000|  0%| F|  |TAMS 0x00000000ed600000, 0x00000000ed600000| Untracked 
| 215|0x00000000ed700000, 0x00000000ed700000, 0x00000000ed800000|  0%| F|  |TAMS 0x00000000ed700000, 0x00000000ed700000| Untracked 
| 216|0x00000000ed800000, 0x00000000ed800000, 0x00000000ed900000|  0%| F|  |TAMS 0x00000000ed800000, 0x00000000ed800000| Untracked 
| 217|0x00000000ed900000, 0x00000000ed900000, 0x00000000eda00000|  0%| F|  |TAMS 0x00000000ed900000, 0x00000000ed900000| Untracked 
| 218|0x00000000eda00000, 0x00000000eda00000, 0x00000000edb00000|  0%| F|  |TAMS 0x00000000eda00000, 0x00000000eda00000| Untracked 
| 219|0x00000000edb00000, 0x00000000edb00000, 0x00000000edc00000|  0%| F|  |TAMS 0x00000000edb00000, 0x00000000edb00000| Untracked 
| 220|0x00000000edc00000, 0x00000000edc00000, 0x00000000edd00000|  0%| F|  |TAMS 0x00000000edc00000, 0x00000000edc00000| Untracked 
| 221|0x00000000edd00000, 0x00000000edd00000, 0x00000000ede00000|  0%| F|  |TAMS 0x00000000edd00000, 0x00000000edd00000| Untracked 
| 222|0x00000000ede00000, 0x00000000ede00000, 0x00000000edf00000|  0%| F|  |TAMS 0x00000000ede00000, 0x00000000ede00000| Untracked 
| 223|0x00000000edf00000, 0x00000000edf7d700, 0x00000000ee000000| 48%| E|  |TAMS 0x00000000edf00000, 0x00000000edf00000| Complete 
| 224|0x00000000ee000000, 0x00000000ee100000, 0x00000000ee100000|100%| E|CS|TAMS 0x00000000ee000000, 0x00000000ee000000| Complete 
| 225|0x00000000ee100000, 0x00000000ee200000, 0x00000000ee200000|100%| E|CS|TAMS 0x00000000ee100000, 0x00000000ee100000| Complete 
| 226|0x00000000ee200000, 0x00000000ee300000, 0x00000000ee300000|100%| E|CS|TAMS 0x00000000ee200000, 0x00000000ee200000| Complete 
| 227|0x00000000ee300000, 0x00000000ee400000, 0x00000000ee400000|100%| E|CS|TAMS 0x00000000ee300000, 0x00000000ee300000| Complete 
| 228|0x00000000ee400000, 0x00000000ee500000, 0x00000000ee500000|100%| E|CS|TAMS 0x00000000ee400000, 0x00000000ee400000| Complete 
| 229|0x00000000ee500000, 0x00000000ee600000, 0x00000000ee600000|100%| E|CS|TAMS 0x00000000ee500000, 0x00000000ee500000| Complete 
| 230|0x00000000ee600000, 0x00000000ee700000, 0x00000000ee700000|100%| E|  |TAMS 0x00000000ee600000, 0x00000000ee600000| Complete 
| 231|0x00000000ee700000, 0x00000000ee800000, 0x00000000ee800000|100%| E|CS|TAMS 0x00000000ee700000, 0x00000000ee700000| Complete 
| 232|0x00000000ee800000, 0x00000000ee900000, 0x00000000ee900000|100%| E|CS|TAMS 0x00000000ee800000, 0x00000000ee800000| Complete 
| 233|0x00000000ee900000, 0x00000000eea00000, 0x00000000eea00000|100%| E|CS|TAMS 0x00000000ee900000, 0x00000000ee900000| Complete 
| 234|0x00000000eea00000, 0x00000000eeb00000, 0x00000000eeb00000|100%| E|CS|TAMS 0x00000000eea00000, 0x00000000eea00000| Complete 
| 235|0x00000000eeb00000, 0x00000000eec00000, 0x00000000eec00000|100%| E|CS|TAMS 0x00000000eeb00000, 0x00000000eeb00000| Complete 
| 236|0x00000000eec00000, 0x00000000eed00000, 0x00000000eed00000|100%| E|CS|TAMS 0x00000000eec00000, 0x00000000eec00000| Complete 
| 237|0x00000000eed00000, 0x00000000eee00000, 0x00000000eee00000|100%| E|CS|TAMS 0x00000000eed00000, 0x00000000eed00000| Complete 
| 238|0x00000000eee00000, 0x00000000eef00000, 0x00000000eef00000|100%| E|CS|TAMS 0x00000000eee00000, 0x00000000eee00000| Complete 
| 239|0x00000000eef00000, 0x00000000ef000000, 0x00000000ef000000|100%| E|CS|TAMS 0x00000000eef00000, 0x00000000eef00000| Complete 
| 240|0x00000000ef000000, 0x00000000ef100000, 0x00000000ef100000|100%| E|CS|TAMS 0x00000000ef000000, 0x00000000ef000000| Complete 
| 241|0x00000000ef100000, 0x00000000ef200000, 0x00000000ef200000|100%| E|CS|TAMS 0x00000000ef100000, 0x00000000ef100000| Complete 
| 242|0x00000000ef200000, 0x00000000ef300000, 0x00000000ef300000|100%| E|CS|TAMS 0x00000000ef200000, 0x00000000ef200000| Complete 
| 243|0x00000000ef300000, 0x00000000ef400000, 0x00000000ef400000|100%| E|CS|TAMS 0x00000000ef300000, 0x00000000ef300000| Complete 
| 244|0x00000000ef400000, 0x00000000ef500000, 0x00000000ef500000|100%| E|CS|TAMS 0x00000000ef400000, 0x00000000ef400000| Complete 
| 245|0x00000000ef500000, 0x00000000ef600000, 0x00000000ef600000|100%| E|CS|TAMS 0x00000000ef500000, 0x00000000ef500000| Complete 
| 246|0x00000000ef600000, 0x00000000ef700000, 0x00000000ef700000|100%| E|CS|TAMS 0x00000000ef600000, 0x00000000ef600000| Complete 
| 247|0x00000000ef700000, 0x00000000ef800000, 0x00000000ef800000|100%| E|CS|TAMS 0x00000000ef700000, 0x00000000ef700000| Complete 
| 248|0x00000000ef800000, 0x00000000ef900000, 0x00000000ef900000|100%| E|CS|TAMS 0x00000000ef800000, 0x00000000ef800000| Complete 
| 249|0x00000000ef900000, 0x00000000efa00000, 0x00000000efa00000|100%| E|CS|TAMS 0x00000000ef900000, 0x00000000ef900000| Complete 
| 250|0x00000000efa00000, 0x00000000efb00000, 0x00000000efb00000|100%| E|CS|TAMS 0x00000000efa00000, 0x00000000efa00000| Complete 
| 251|0x00000000efb00000, 0x00000000efc00000, 0x00000000efc00000|100%| E|CS|TAMS 0x00000000efb00000, 0x00000000efb00000| Complete 
| 252|0x00000000efc00000, 0x00000000efd00000, 0x00000000efd00000|100%| E|CS|TAMS 0x00000000efc00000, 0x00000000efc00000| Complete 
| 253|0x00000000efd00000, 0x00000000efe00000, 0x00000000efe00000|100%| E|CS|TAMS 0x00000000efd00000, 0x00000000efd00000| Complete 
| 254|0x00000000efe00000, 0x00000000eff00000, 0x00000000eff00000|100%| E|CS|TAMS 0x00000000efe00000, 0x00000000efe00000| Complete 
| 255|0x00000000eff00000, 0x00000000f0000000, 0x00000000f0000000|100%| E|CS|TAMS 0x00000000eff00000, 0x00000000eff00000| Complete 

Card table byte_map: [0x0000016131110000,0x0000016131210000] _byte_map_base: 0x0000016130a10000

Marking Bits (Prev, Next): (CMBitMap*) 0x000001611e53d4c0, (CMBitMap*) 0x000001611e53d480
 Prev Bits: [0x0000016131b10000, 0x0000016132310000)
 Next Bits: [0x0000016131310000, 0x0000016131b10000)

Polling page: 0x000001611dcc0000

Metaspace:

Usage:
  Non-class:     57.86 MB used.
      Class:      8.86 MB used.
       Both:     66.72 MB used.

Virtual space:
  Non-class space:       64.00 MB reserved,      58.31 MB ( 91%) committed,  1 nodes.
      Class space:      320.00 MB reserved,       9.25 MB (  3%) committed,  1 nodes.
             Both:      384.00 MB reserved,      67.56 MB ( 18%) committed. 

Chunk freelists:
   Non-Class:  5.58 MB
       Class:  6.80 MB
        Both:  12.38 MB

MaxMetaspaceSize: 384.00 MB
CompressedClassSpaceSize: 320.00 MB
Initial GC threshold: 21.00 MB
Current GC threshold: 98.12 MB
CDS: off
MetaspaceReclaimPolicy: balanced
 - commit_granule_bytes: 65536.
 - commit_granule_words: 8192.
 - virtual_space_node_default_size: 8388608.
 - enlarge_chunks_in_place: 1.
 - new_chunks_are_fully_committed: 0.
 - uncommit_free_chunks: 1.
 - use_allocation_guard: 0.
 - handle_deallocations: 1.


Internal statistics:

num_allocs_failed_limit: 9.
num_arena_births: 1032.
num_arena_deaths: 0.
num_vsnodes_births: 2.
num_vsnodes_deaths: 0.
num_space_committed: 1081.
num_space_uncommitted: 0.
num_chunks_returned_to_freelist: 9.
num_chunks_taken_from_freelist: 3660.
num_chunk_merges: 9.
num_chunk_splits: 2256.
num_chunks_enlarged: 1290.
num_inconsistent_stats: 0.

CodeHeap 'non-profiled nmethods': size=120000Kb used=6878Kb max_used=6878Kb free=113121Kb
 bounds [0x00000161297a0000, 0x0000016129e60000, 0x0000016130cd0000]
CodeHeap 'profiled nmethods': size=120000Kb used=22430Kb max_used=22430Kb free=97569Kb
 bounds [0x0000016121cd0000, 0x00000161232c0000, 0x0000016129200000]
CodeHeap 'non-nmethods': size=5760Kb used=2331Kb max_used=2399Kb free=3428Kb
 bounds [0x0000016129200000, 0x0000016129470000, 0x00000161297a0000]
 total_blobs=11745 nmethods=10895 adapters=762
 compilation: enabled
              stopped_count=0, restarted_count=0
 full_count=0

Compilation events (20 events):
Event: 264.316 Thread 0x0000016139043e70 nmethod 12464 0x0000016129e4d210 code [0x0000016129e4d3a0, 0x0000016129e4d458]
Event: 264.320 Thread 0x0000016139043e70 12465       1       org.gradle.api.internal.tasks.properties.AbstractFilePropertySpec::getPropertyFiles (5 bytes)
Event: 264.320 Thread 0x0000016139043e70 nmethod 12465 0x0000016129e4d510 code [0x0000016129e4d6a0, 0x0000016129e4d778]
Event: 264.322 Thread 0x0000016139043e70 12466       1       net.rubygrapefruit.platform.internal.WindowsFileStat::getLastModifiedTime (5 bytes)
Event: 264.322 Thread 0x0000016139043e70 nmethod 12466 0x0000016129e4d810 code [0x0000016129e4d9a0, 0x0000016129e4da78]
Event: 264.322 Thread 0x0000016139043e70 12467       1       net.rubygrapefruit.platform.internal.WindowsFileStat::getSize (5 bytes)
Event: 264.322 Thread 0x0000016139043e70 nmethod 12467 0x0000016129e4db10 code [0x0000016129e4dca0, 0x0000016129e4dd78]
Event: 264.322 Thread 0x0000016139043e70 12468       1       org.gradle.internal.file.impl.DefaultFileMetadata::getLength (5 bytes)
Event: 264.322 Thread 0x0000016139043e70 nmethod 12468 0x0000016129e4de10 code [0x0000016129e4dfa0, 0x0000016129e4e078]
Event: 264.322 Thread 0x0000016139043e70 12469       1       org.gradle.internal.file.impl.DefaultFileMetadata::getLastModified (5 bytes)
Event: 264.322 Thread 0x0000016139043e70 nmethod 12469 0x0000016129e4e110 code [0x0000016129e4e2a0, 0x0000016129e4e378]
Event: 264.322 Thread 0x0000016139043e70 12470       3       com.google.common.collect.ImmutableSortedMap$Builder::put (9 bytes)
Event: 264.322 Thread 0x0000016139043e70 nmethod 12470 0x0000016123289990 code [0x0000016123289b20, 0x0000016123289c68]
Event: 264.326 Thread 0x0000016139043e70 12471       3       sun.security.provider.ByteArrayAccess::i2bBig4 (10 bytes)
Event: 264.327 Thread 0x0000016139043e70 nmethod 12471 0x0000016123289d10 code [0x0000016123289f40, 0x000001612328a678]
Event: 264.339 Thread 0x000001613e0b23e0 12472       4       org.gradle.internal.ImmutableActionSet$EmptySet::addOne (9 bytes)
Event: 264.340 Thread 0x000001613e0b23e0 nmethod 12472 0x0000016129e4e410 code [0x0000016129e4e5a0, 0x0000016129e4e678]
Event: 264.376 Thread 0x000001613e0b23e0 12473       4       com.google.common.collect.ImmutableList::builder (8 bytes)
Event: 264.378 Thread 0x000001613e0b23e0 nmethod 12473 0x0000016129e4e710 code [0x0000016129e4e8a0, 0x0000016129e4ea58]
Event: 264.381 Thread 0x000001613e0b23e0 12474   !   4       io.spring.gradle.dependencymanagement.org.apache.maven.model.profile.DefaultProfileSelector::isActive (187 bytes)

GC Heap History (20 events):
Event: 9.916 GC heap before
{Heap before GC invocations=4 (full 0):
 garbage-first heap   total 262144K, used 78645K [0x00000000e0000000, 0x0000000100000000)
  region size 1024K, 68 young (69632K), 9 survivors (9216K)
 Metaspace       used 29957K, committed 30208K, reserved 393216K
  class space    used 3989K, committed 4096K, reserved 327680K
}
Event: 9.926 GC heap after
{Heap after GC invocations=5 (full 0):
 garbage-first heap   total 262144K, used 22355K [0x00000000e0000000, 0x0000000100000000)
  region size 1024K, 4 young (4096K), 4 survivors (4096K)
 Metaspace       used 29957K, committed 30208K, reserved 393216K
  class space    used 3989K, committed 4096K, reserved 327680K
}
Event: 10.191 GC heap before
{Heap before GC invocations=5 (full 0):
 garbage-first heap   total 262144K, used 30547K [0x00000000e0000000, 0x0000000100000000)
  region size 1024K, 12 young (12288K), 4 survivors (4096K)
 Metaspace       used 30864K, committed 31168K, reserved 393216K
  class space    used 4152K, committed 4288K, reserved 327680K
}
Event: 10.195 GC heap after
{Heap after GC invocations=6 (full 0):
 garbage-first heap   total 262144K, used 22673K [0x00000000e0000000, 0x0000000100000000)
  region size 1024K, 1 young (1024K), 1 survivors (1024K)
 Metaspace       used 30864K, committed 31168K, reserved 393216K
  class space    used 4152K, committed 4288K, reserved 327680K
}
Event: 11.300 GC heap before
{Heap before GC invocations=6 (full 0):
 garbage-first heap   total 262144K, used 57489K [0x00000000e0000000, 0x0000000100000000)
  region size 1024K, 36 young (36864K), 1 survivors (1024K)
 Metaspace       used 35668K, committed 35968K, reserved 393216K
  class space    used 4894K, committed 5056K, reserved 327680K
}
Event: 11.305 GC heap after
{Heap after GC invocations=7 (full 0):
 garbage-first heap   total 262144K, used 23833K [0x00000000e0000000, 0x0000000100000000)
  region size 1024K, 2 young (2048K), 2 survivors (2048K)
 Metaspace       used 35668K, committed 35968K, reserved 393216K
  class space    used 4894K, committed 5056K, reserved 327680K
}
Event: 16.895 GC heap before
{Heap before GC invocations=8 (full 0):
 garbage-first heap   total 262144K, used 184601K [0x00000000e0000000, 0x0000000100000000)
  region size 1024K, 153 young (156672K), 2 survivors (2048K)
 Metaspace       used 54809K, committed 55232K, reserved 393216K
  class space    used 7364K, committed 7552K, reserved 327680K
}
Event: 16.921 GC heap after
{Heap after GC invocations=9 (full 0):
 garbage-first heap   total 262144K, used 36242K [0x00000000e0000000, 0x0000000100000000)
  region size 1024K, 14 young (14336K), 14 survivors (14336K)
 Metaspace       used 54809K, committed 55232K, reserved 393216K
  class space    used 7364K, committed 7552K, reserved 327680K
}
Event: 20.235 GC heap before
{Heap before GC invocations=9 (full 0):
 garbage-first heap   total 262144K, used 127378K [0x00000000e0000000, 0x0000000100000000)
  region size 1024K, 104 young (106496K), 14 survivors (14336K)
 Metaspace       used 59539K, committed 60160K, reserved 393216K
  class space    used 8103K, committed 8320K, reserved 327680K
}
Event: 20.260 GC heap after
{Heap after GC invocations=10 (full 0):
 garbage-first heap   total 262144K, used 47873K [0x00000000e0000000, 0x0000000100000000)
  region size 1024K, 12 young (12288K), 12 survivors (12288K)
 Metaspace       used 59539K, committed 60160K, reserved 393216K
  class space    used 8103K, committed 8320K, reserved 327680K
}
Event: 26.185 GC heap before
{Heap before GC invocations=11 (full 0):
 garbage-first heap   total 262144K, used 188161K [0x00000000e0000000, 0x0000000100000000)
  region size 1024K, 150 young (153600K), 12 survivors (12288K)
 Metaspace       used 64838K, committed 65600K, reserved 393216K
  class space    used 8793K, committed 9152K, reserved 327680K
}
Event: 26.211 GC heap after
{Heap after GC invocations=12 (full 0):
 garbage-first heap   total 262144K, used 60932K [0x00000000e0000000, 0x0000000100000000)
  region size 1024K, 13 young (13312K), 13 survivors (13312K)
 Metaspace       used 64838K, committed 65600K, reserved 393216K
  class space    used 8793K, committed 9152K, reserved 327680K
}
Event: 26.261 GC heap before
{Heap before GC invocations=12 (full 0):
 garbage-first heap   total 262144K, used 61956K [0x00000000e0000000, 0x0000000100000000)
  region size 1024K, 14 young (14336K), 13 survivors (13312K)
 Metaspace       used 64853K, committed 65600K, reserved 393216K
  class space    used 8794K, committed 9152K, reserved 327680K
}
Event: 26.284 GC heap after
{Heap after GC invocations=13 (full 0):
 garbage-first heap   total 262144K, used 61508K [0x00000000e0000000, 0x0000000100000000)
  region size 1024K, 2 young (2048K), 2 survivors (2048K)
 Metaspace       used 64853K, committed 65600K, reserved 393216K
  class space    used 8794K, committed 9152K, reserved 327680K
}
Event: 29.983 GC heap before
{Heap before GC invocations=13 (full 0):
 garbage-first heap   total 262144K, used 194628K [0x00000000e0000000, 0x0000000100000000)
  region size 1024K, 133 young (136192K), 2 survivors (2048K)
 Metaspace       used 66304K, committed 67136K, reserved 393216K
  class space    used 8915K, committed 9280K, reserved 327680K
}
Event: 29.999 GC heap after
{Heap after GC invocations=14 (full 0):
 garbage-first heap   total 262144K, used 71055K [0x00000000e0000000, 0x0000000100000000)
  region size 1024K, 11 young (11264K), 11 survivors (11264K)
 Metaspace       used 66304K, committed 67136K, reserved 393216K
  class space    used 8915K, committed 9280K, reserved 327680K
}
Event: 262.019 GC heap before
{Heap before GC invocations=14 (full 0):
 garbage-first heap   total 262144K, used 199055K [0x00000000e0000000, 0x0000000100000000)
  region size 1024K, 137 young (140288K), 11 survivors (11264K)
 Metaspace       used 67864K, committed 68672K, reserved 393216K
  class space    used 9065K, committed 9408K, reserved 327680K
}
Event: 262.038 GC heap after
{Heap after GC invocations=15 (full 0):
 garbage-first heap   total 262144K, used 77177K [0x00000000e0000000, 0x0000000100000000)
  region size 1024K, 8 young (8192K), 8 survivors (8192K)
 Metaspace       used 67864K, committed 68672K, reserved 393216K
  class space    used 9065K, committed 9408K, reserved 327680K
}
Event: 263.996 GC heap before
{Heap before GC invocations=15 (full 0):
 garbage-first heap   total 262144K, used 202105K [0x00000000e0000000, 0x0000000100000000)
  region size 1024K, 131 young (134144K), 8 survivors (8192K)
 Metaspace       used 68203K, committed 69120K, reserved 393216K
  class space    used 9066K, committed 9472K, reserved 327680K
}
Event: 264.009 GC heap after
{Heap after GC invocations=16 (full 0):
 garbage-first heap   total 262144K, used 84897K [0x00000000e0000000, 0x0000000100000000)
  region size 1024K, 16 young (16384K), 16 survivors (16384K)
 Metaspace       used 68203K, committed 69120K, reserved 393216K
  class space    used 9066K, committed 9472K, reserved 327680K
}

Dll operation events (4 events):
Event: 0.037 Loaded shared library C:\Users\mihai\.jdks\jbr-17.0.8\bin\java.dll
Event: 0.125 Loaded shared library C:\Users\mihai\.jdks\jbr-17.0.8\bin\jsvml.dll
Event: 0.672 Loaded shared library C:\Users\mihai\.jdks\jbr-17.0.8\bin\zip.dll
Event: 2.400 Loaded shared library C:\Users\mihai\.jdks\jbr-17.0.8\bin\verify.dll

Deoptimization events (20 events):
Event: 261.531 Thread 0x000001613ed8d490 DEOPT PACKING pc=0x0000016129de0d48 sp=0x0000003314bf8b40
Event: 261.531 Thread 0x000001613ed8d490 DEOPT UNPACKING pc=0x00000161292569a3 sp=0x0000003314bf8b20 mode 2
Event: 261.548 Thread 0x000001613ed8d490 Uncommon trap: trap_request=0xffffffc6 fr.pc=0x0000016129de0d48 relative=0x0000000000000ac8
Event: 261.548 Thread 0x000001613ed8d490 Uncommon trap: reason=bimorphic_or_optimized_type_check action=maybe_recompile pc=0x0000016129de0d48 method=java.util.stream.FindOps$FindOp.evaluateSequential(Ljava/util/stream/PipelineHelper;Ljava/util/Spliterator;)Ljava/lang/Object; @ 14 c2
Event: 261.548 Thread 0x000001613ed8d490 DEOPT PACKING pc=0x0000016129de0d48 sp=0x0000003314bf7fa0
Event: 261.548 Thread 0x000001613ed8d490 DEOPT UNPACKING pc=0x00000161292569a3 sp=0x0000003314bf7f80 mode 2
Event: 261.551 Thread 0x000001613ed8d490 Uncommon trap: trap_request=0xffffffc6 fr.pc=0x0000016129de0d48 relative=0x0000000000000ac8
Event: 261.551 Thread 0x000001613ed8d490 Uncommon trap: reason=bimorphic_or_optimized_type_check action=maybe_recompile pc=0x0000016129de0d48 method=java.util.stream.FindOps$FindOp.evaluateSequential(Ljava/util/stream/PipelineHelper;Ljava/util/Spliterator;)Ljava/lang/Object; @ 14 c2
Event: 261.551 Thread 0x000001613ed8d490 DEOPT PACKING pc=0x0000016129de0d48 sp=0x0000003314bf7f40
Event: 261.551 Thread 0x000001613ed8d490 DEOPT UNPACKING pc=0x00000161292569a3 sp=0x0000003314bf7f20 mode 2
Event: 262.198 Thread 0x000001613a7f5fb0 DEOPT PACKING pc=0x000001612263273b sp=0x00000033173f9930
Event: 262.198 Thread 0x000001613a7f5fb0 DEOPT UNPACKING pc=0x0000016129257143 sp=0x00000033173f8dd8 mode 0
Event: 263.576 Thread 0x000001613a7f5fb0 DEOPT PACKING pc=0x0000016122c0eb4f sp=0x00000033173fa770
Event: 263.576 Thread 0x000001613a7f5fb0 DEOPT UNPACKING pc=0x0000016129257143 sp=0x00000033173f9c38 mode 0
Event: 263.670 Thread 0x000001613a7f5fb0 DEOPT PACKING pc=0x0000016122a6f9fc sp=0x00000033173fadb0
Event: 263.670 Thread 0x000001613a7f5fb0 DEOPT UNPACKING pc=0x0000016129257143 sp=0x00000033173fa2f8 mode 0
Event: 264.050 Thread 0x000001613a7f5fb0 DEOPT PACKING pc=0x0000016122da7260 sp=0x00000033173fb480
Event: 264.050 Thread 0x000001613a7f5fb0 DEOPT UNPACKING pc=0x0000016129257143 sp=0x00000033173fa9c0 mode 0
Event: 264.053 Thread 0x000001613a7f5fb0 DEOPT PACKING pc=0x0000016122da8174 sp=0x00000033173fb730
Event: 264.053 Thread 0x000001613a7f5fb0 DEOPT UNPACKING pc=0x0000016129257143 sp=0x00000033173fac28 mode 0

Classes unloaded (0 events):
No events

Classes redefined (0 events):
No events

Internal exceptions (20 events):
Event: 260.713 Thread 0x000001613ed8d490 Exception <a 'sun/nio/fs/WindowsException'{0x00000000e9ff55e0}> (0x00000000e9ff55e0) 
thrown [s\src\hotspot\share\prims\jni.cpp, line 517]
Event: 260.969 Thread 0x000001613ed8d490 Exception <a 'java/lang/NoClassDefFoundError'{0x00000000e99390a8}: org/jetbrains/kotlin/gradle/plugin/KotlinPluginWrapper> (0x00000000e99390a8) 
thrown [s\src\hotspot\share\oops\constantPool.cpp, line 835]
Event: 260.969 Thread 0x000001613ed8d490 Exception <a 'java/lang/NoClassDefFoundError'{0x00000000e993b6f0}: org/graalvm/buildtools/gradle/NativeImagePlugin> (0x00000000e993b6f0) 
thrown [s\src\hotspot\share\oops\constantPool.cpp, line 835]
Event: 261.021 Thread 0x000001613ed8d490 Exception <a 'java/lang/NoClassDefFoundError'{0x00000000e980df60}: org/jetbrains/kotlin/gradle/plugin/KotlinPluginWrapper> (0x00000000e980df60) 
thrown [s\src\hotspot\share\oops\constantPool.cpp, line 835]
Event: 261.021 Thread 0x000001613ed8d490 Exception <a 'java/lang/NoClassDefFoundError'{0x00000000e98105a8}: org/graalvm/buildtools/gradle/NativeImagePlugin> (0x00000000e98105a8) 
thrown [s\src\hotspot\share\oops\constantPool.cpp, line 835]
Event: 261.081 Thread 0x000001613ed8d490 Exception <a 'java/lang/NoClassDefFoundError'{0x00000000e98eff18}: org/jetbrains/kotlin/gradle/plugin/KotlinPluginWrapper> (0x00000000e98eff18) 
thrown [s\src\hotspot\share\oops\constantPool.cpp, line 835]
Event: 261.081 Thread 0x000001613ed8d490 Exception <a 'java/lang/NoClassDefFoundError'{0x00000000e98f27c8}: org/graalvm/buildtools/gradle/NativeImagePlugin> (0x00000000e98f27c8) 
thrown [s\src\hotspot\share\oops\constantPool.cpp, line 835]
Event: 261.128 Thread 0x000001613ed8d490 Exception <a 'java/lang/NoClassDefFoundError'{0x00000000e97cad00}: org/jetbrains/kotlin/gradle/plugin/KotlinPluginWrapper> (0x00000000e97cad00) 
thrown [s\src\hotspot\share\oops\constantPool.cpp, line 835]
Event: 261.129 Thread 0x000001613ed8d490 Exception <a 'java/lang/NoClassDefFoundError'{0x00000000e97cd348}: org/graalvm/buildtools/gradle/NativeImagePlugin> (0x00000000e97cd348) 
thrown [s\src\hotspot\share\oops\constantPool.cpp, line 835]
Event: 261.187 Thread 0x000001613ed8d490 Exception <a 'java/lang/NoClassDefFoundError'{0x00000000e96c6e20}: org/jetbrains/kotlin/gradle/plugin/KotlinPluginWrapper> (0x00000000e96c6e20) 
thrown [s\src\hotspot\share\oops\constantPool.cpp, line 835]
Event: 261.187 Thread 0x000001613ed8d490 Exception <a 'java/lang/NoClassDefFoundError'{0x00000000e96c9798}: org/graalvm/buildtools/gradle/NativeImagePlugin> (0x00000000e96c9798) 
thrown [s\src\hotspot\share\oops\constantPool.cpp, line 835]
Event: 261.233 Thread 0x000001613ed8d490 Exception <a 'java/lang/NoClassDefFoundError'{0x00000000e95a2fd8}: org/jetbrains/kotlin/gradle/plugin/KotlinPluginWrapper> (0x00000000e95a2fd8) 
thrown [s\src\hotspot\share\oops\constantPool.cpp, line 835]
Event: 261.233 Thread 0x000001613ed8d490 Exception <a 'java/lang/NoClassDefFoundError'{0x00000000e95a5620}: org/graalvm/buildtools/gradle/NativeImagePlugin> (0x00000000e95a5620) 
thrown [s\src\hotspot\share\oops\constantPool.cpp, line 835]
Event: 261.384 Thread 0x000001613ed8d490 Exception <a 'java/lang/NoClassDefFoundError'{0x00000000e93840e0}: org/jetbrains/kotlin/gradle/plugin/KotlinPluginWrapper> (0x00000000e93840e0) 
thrown [s\src\hotspot\share\oops\constantPool.cpp, line 835]
Event: 261.384 Thread 0x000001613ed8d490 Exception <a 'java/lang/NoClassDefFoundError'{0x00000000e9386970}: org/graalvm/buildtools/gradle/NativeImagePlugin> (0x00000000e9386970) 
thrown [s\src\hotspot\share\oops\constantPool.cpp, line 835]
Event: 261.432 Thread 0x000001613ed8d490 Exception <a 'java/lang/NoClassDefFoundError'{0x00000000e927e390}: org/jetbrains/kotlin/gradle/plugin/KotlinPluginWrapper> (0x00000000e927e390) 
thrown [s\src\hotspot\share\oops\constantPool.cpp, line 835]
Event: 261.432 Thread 0x000001613ed8d490 Exception <a 'java/lang/NoClassDefFoundError'{0x00000000e92809d8}: org/graalvm/buildtools/gradle/NativeImagePlugin> (0x00000000e92809d8) 
thrown [s\src\hotspot\share\oops\constantPool.cpp, line 835]
Event: 261.479 Thread 0x000001613ed8d490 Exception <a 'java/lang/NoClassDefFoundError'{0x00000000e9158840}: org/jetbrains/kotlin/gradle/plugin/KotlinPluginWrapper> (0x00000000e9158840) 
thrown [s\src\hotspot\share\oops\constantPool.cpp, line 835]
Event: 261.479 Thread 0x000001613ed8d490 Exception <a 'java/lang/NoClassDefFoundError'{0x00000000e915ae88}: org/graalvm/buildtools/gradle/NativeImagePlugin> (0x00000000e915ae88) 
thrown [s\src\hotspot\share\oops\constantPool.cpp, line 835]
Event: 261.677 Thread 0x000001613a7f5fb0 Exception <a 'java/lang/NoSuchMethodError'{0x00000000e8ea2bb8}: 'int java.lang.invoke.DirectMethodHandle$Holder.invokeSpecial(java.lang.Object, java.lang.Object, java.lang.Object, java.lang.Object, java.lang.Object)'> (0x00000000e8ea2bb8) 
thrown [s\src\hotspot\share\interpreter\linkResolver.cpp, line 771]

VM Operations (20 events):
Event: 227.644 Executing VM operation: Cleanup
Event: 227.645 Executing VM operation: Cleanup done
Event: 260.630 Executing VM operation: HandshakeAllThreads
Event: 260.630 Executing VM operation: HandshakeAllThreads done
Event: 260.630 Executing VM operation: Cleanup
Event: 260.630 Executing VM operation: Cleanup done
Event: 260.669 Executing VM operation: HandshakeAllThreads
Event: 260.669 Executing VM operation: HandshakeAllThreads done
Event: 260.895 Executing VM operation: ICBufferFull
Event: 260.896 Executing VM operation: ICBufferFull done
Event: 260.964 Executing VM operation: HandshakeAllThreads
Event: 260.965 Executing VM operation: HandshakeAllThreads done
Event: 261.533 Executing VM operation: ICBufferFull
Event: 261.534 Executing VM operation: ICBufferFull done
Event: 262.019 Executing VM operation: G1CollectForAllocation
Event: 262.038 Executing VM operation: G1CollectForAllocation done
Event: 263.049 Executing VM operation: Cleanup
Event: 263.050 Executing VM operation: Cleanup done
Event: 263.996 Executing VM operation: G1CollectForAllocation
Event: 264.010 Executing VM operation: G1CollectForAllocation done

Events (20 events):
Event: 262.522 Thread 0x000001613c81c8c0 Thread added: 0x000001613c81c8c0
Event: 262.537 Thread 0x000001613c822e00 Thread added: 0x000001613c822e00
Event: 262.545 Thread 0x000001613c81d2e0 Thread added: 0x000001613c81d2e0
Event: 262.555 Thread 0x000001613c81f140 Thread added: 0x000001613c81f140
Event: 262.564 Thread 0x000001613c823820 Thread added: 0x000001613c823820
Event: 262.575 Thread 0x000001613c81f650 Thread added: 0x000001613c81f650
Event: 262.585 Thread 0x000001613c823d30 Thread added: 0x000001613c823d30
Event: 262.595 Thread 0x000001613c824240 Thread added: 0x000001613c824240
Event: 262.604 Thread 0x000001613c81d7f0 Thread added: 0x000001613c81d7f0
Event: 262.614 Thread 0x000001613c8219c0 Thread added: 0x000001613c8219c0
Event: 262.624 Thread 0x000001613c81cdd0 Thread added: 0x000001613c81cdd0
Event: 262.634 Thread 0x000001613c81fb60 Thread added: 0x000001613c81fb60
Event: 262.642 Thread 0x000001613c820fa0 Thread added: 0x000001613c820fa0
Event: 262.651 Thread 0x000001613c8214b0 Thread added: 0x000001613c8214b0
Event: 262.661 Thread 0x000001613e0b2e80 Thread added: 0x000001613e0b2e80
Event: 263.152 Thread 0x000001613c821ed0 Thread added: 0x000001613c821ed0
Event: 263.160 Thread 0x000001613c8223e0 Thread added: 0x000001613c8223e0
Event: 263.198 Thread 0x000001613c8228f0 Thread added: 0x000001613c8228f0
Event: 263.211 Thread 0x000001613c2e5770 Thread added: 0x000001613c2e5770
Event: 263.326 Thread 0x000001613e0b2e80 Thread exited: 0x000001613e0b2e80


Dynamic libraries:
0x00007ff7cff40000 - 0x00007ff7cff4a000 	C:\Users\mihai\.jdks\jbr-17.0.8\bin\java.exe
0x00007fff7ec90000 - 0x00007fff7eea6000 	C:\Windows\SYSTEM32\ntdll.dll
0x00007fff7d960000 - 0x00007fff7da24000 	C:\Windows\System32\KERNEL32.DLL
0x00007fff7c350000 - 0x00007fff7c6f6000 	C:\Windows\System32\KERNELBASE.dll
0x00007fff7c820000 - 0x00007fff7c931000 	C:\Windows\System32\ucrtbase.dll
0x00007fff45220000 - 0x00007fff45237000 	C:\Users\mihai\.jdks\jbr-17.0.8\bin\jli.dll
0x00007fff44040000 - 0x00007fff4405b000 	C:\Users\mihai\.jdks\jbr-17.0.8\bin\VCRUNTIME140.dll
0x00007fff7cc30000 - 0x00007fff7cddd000 	C:\Windows\System32\USER32.dll
0x00007fff7c320000 - 0x00007fff7c346000 	C:\Windows\System32\win32u.dll
0x00007fff7ebc0000 - 0x00007fff7ebe9000 	C:\Windows\System32\GDI32.dll
0x00007fff66840000 - 0x00007fff66ad3000 	C:\Windows\WinSxS\amd64_microsoft.windows.common-controls_6595b64144ccf1df_6.0.22621.3235_none_270f74e173860f98\COMCTL32.dll
0x00007fff7c700000 - 0x00007fff7c818000 	C:\Windows\System32\gdi32full.dll
0x00007fff7de70000 - 0x00007fff7df17000 	C:\Windows\System32\msvcrt.dll
0x00007fff7c280000 - 0x00007fff7c31a000 	C:\Windows\System32\msvcp_win.dll
0x00007fff7e080000 - 0x00007fff7e0b1000 	C:\Windows\System32\IMM32.DLL
0x00007fff5d4b0000 - 0x00007fff5d4bc000 	C:\Users\mihai\.jdks\jbr-17.0.8\bin\vcruntime140_1.dll
0x00007fff42af0000 - 0x00007fff42b7d000 	C:\Users\mihai\.jdks\jbr-17.0.8\bin\msvcp140.dll
0x00007fff3d5a0000 - 0x00007fff3e223000 	C:\Users\mihai\.jdks\jbr-17.0.8\bin\server\jvm.dll
0x00007fff7d7f0000 - 0x00007fff7d8a2000 	C:\Windows\System32\ADVAPI32.dll
0x00007fff7d740000 - 0x00007fff7d7e8000 	C:\Windows\System32\sechost.dll
0x00007fff7c940000 - 0x00007fff7c968000 	C:\Windows\System32\bcrypt.dll
0x00007fff7d0b0000 - 0x00007fff7d1c5000 	C:\Windows\System32\RPCRT4.dll
0x00007fff7bea0000 - 0x00007fff7beed000 	C:\Windows\SYSTEM32\POWRPROF.dll
0x00007fff76890000 - 0x00007fff76899000 	C:\Windows\SYSTEM32\WSOCK32.dll
0x00007fff7d030000 - 0x00007fff7d0a1000 	C:\Windows\System32\WS2_32.dll
0x00007fff73710000 - 0x00007fff73744000 	C:\Windows\SYSTEM32\WINMM.dll
0x00007fff72fc0000 - 0x00007fff72fca000 	C:\Windows\SYSTEM32\VERSION.dll
0x00007fff7be80000 - 0x00007fff7be93000 	C:\Windows\SYSTEM32\UMPDC.dll
0x00007fff7afe0000 - 0x00007fff7aff8000 	C:\Windows\SYSTEM32\kernel.appcore.dll
0x00007fff4cc20000 - 0x00007fff4cc2a000 	C:\Users\mihai\.jdks\jbr-17.0.8\bin\jimage.dll
0x00007fff791b0000 - 0x00007fff793e3000 	C:\Windows\SYSTEM32\DBGHELP.DLL
0x00007fff7da30000 - 0x00007fff7ddb8000 	C:\Windows\System32\combase.dll
0x00007fff7d650000 - 0x00007fff7d727000 	C:\Windows\System32\OLEAUT32.dll
0x00007fff5d7c0000 - 0x00007fff5d7f2000 	C:\Windows\SYSTEM32\dbgcore.DLL
0x00007fff7c200000 - 0x00007fff7c27a000 	C:\Windows\System32\bcryptPrimitives.dll
0x00007fff6a530000 - 0x00007fff6a53e000 	C:\Users\mihai\.jdks\jbr-17.0.8\bin\instrument.dll
0x00007fff43760000 - 0x00007fff43785000 	C:\Users\mihai\.jdks\jbr-17.0.8\bin\java.dll
0x00007fff43740000 - 0x00007fff43758000 	C:\Users\mihai\.jdks\jbr-17.0.8\bin\zip.dll
0x00007fff40d50000 - 0x00007fff40e27000 	C:\Users\mihai\.jdks\jbr-17.0.8\bin\jsvml.dll
0x00007fff7e250000 - 0x00007fff7eaad000 	C:\Windows\System32\SHELL32.dll
0x00007fff79ee0000 - 0x00007fff7a7d8000 	C:\Windows\SYSTEM32\windows.storage.dll
0x00007fff79da0000 - 0x00007fff79ede000 	C:\Windows\SYSTEM32\wintypes.dll
0x00007fff7eab0000 - 0x00007fff7eba3000 	C:\Windows\System32\SHCORE.dll
0x00007fff7ebf0000 - 0x00007fff7ec4e000 	C:\Windows\System32\shlwapi.dll
0x00007fff7bf00000 - 0x00007fff7bf26000 	C:\Windows\SYSTEM32\profapi.dll
0x00007fff43720000 - 0x00007fff43739000 	C:\Users\mihai\.jdks\jbr-17.0.8\bin\net.dll
0x00007fff735c0000 - 0x00007fff736f7000 	C:\Windows\SYSTEM32\WINHTTP.dll
0x00007fff7b490000 - 0x00007fff7b4f9000 	C:\Windows\system32\mswsock.dll
0x00007fff42ad0000 - 0x00007fff42ae6000 	C:\Users\mihai\.jdks\jbr-17.0.8\bin\nio.dll
0x00007fff437e0000 - 0x00007fff437f0000 	C:\Users\mihai\.jdks\jbr-17.0.8\bin\verify.dll
0x00007fff6a430000 - 0x00007fff6a457000 	C:\Users\mihai\.gradle\native\68d5fa5c4cc2d200863cafc0d521ce42e7d3e7ee720ec0a83991735586a16f82\windows-amd64\native-platform.dll
0x00007fff43ac0000 - 0x00007fff43c04000 	C:\Users\mihai\.gradle\native\e376f236ea51e6404a007f0833ffe2c6e607c4080706a723a18a27aeea778392\windows-amd64\native-platform-file-events.dll
0x00007fff6a420000 - 0x00007fff6a429000 	C:\Users\mihai\.jdks\jbr-17.0.8\bin\management.dll
0x00007fff6a410000 - 0x00007fff6a41b000 	C:\Users\mihai\.jdks\jbr-17.0.8\bin\management_ext.dll
0x00007fff7e0c0000 - 0x00007fff7e0c8000 	C:\Windows\System32\PSAPI.DLL
0x00007fff7b6e0000 - 0x00007fff7b6fb000 	C:\Windows\SYSTEM32\CRYPTSP.dll
0x00007fff7af40000 - 0x00007fff7af75000 	C:\Windows\system32\rsaenh.dll
0x00007fff7b580000 - 0x00007fff7b5ac000 	C:\Windows\SYSTEM32\USERENV.dll
0x00007fff7b700000 - 0x00007fff7b70c000 	C:\Windows\SYSTEM32\CRYPTBASE.dll
0x00007fff7aa70000 - 0x00007fff7aa9d000 	C:\Windows\SYSTEM32\IPHLPAPI.DLL
0x00007fff7d730000 - 0x00007fff7d739000 	C:\Windows\System32\NSI.dll
0x00007fff73770000 - 0x00007fff73789000 	C:\Windows\SYSTEM32\dhcpcsvc6.DLL
0x00007fff731f0000 - 0x00007fff7320f000 	C:\Windows\SYSTEM32\dhcpcsvc.DLL
0x00007fff7aaa0000 - 0x00007fff7ab99000 	C:\Windows\SYSTEM32\DNSAPI.dll
0x00007fff6a400000 - 0x00007fff6a40e000 	C:\Users\mihai\.jdks\jbr-17.0.8\bin\sunmscapi.dll
0x00007fff7c090000 - 0x00007fff7c1f6000 	C:\Windows\System32\CRYPT32.dll
0x00007fff7b8a0000 - 0x00007fff7b8ce000 	C:\Windows\SYSTEM32\ncrypt.dll
0x00007fff7b860000 - 0x00007fff7b897000 	C:\Windows\SYSTEM32\NTASN1.dll
0x00007ffef1f30000 - 0x00007ffef1f38000 	C:\Windows\system32\wshunix.dll

dbghelp: loaded successfully - version: 4.0.5 - missing functions: none
symbol engine: initialized successfully - sym options: 0x614 - pdb path: .;C:\Users\mihai\.jdks\jbr-17.0.8\bin;C:\Windows\SYSTEM32;C:\Windows\WinSxS\amd64_microsoft.windows.common-controls_6595b64144ccf1df_6.0.22621.3235_none_270f74e173860f98;C:\Users\mihai\.jdks\jbr-17.0.8\bin\server;C:\Users\mihai\.gradle\native\68d5fa5c4cc2d200863cafc0d521ce42e7d3e7ee720ec0a83991735586a16f82\windows-amd64;C:\Users\mihai\.gradle\native\e376f236ea51e6404a007f0833ffe2c6e607c4080706a723a18a27aeea778392\windows-amd64

VM Arguments:
jvm_args: --add-opens=java.base/java.util=ALL-UNNAMED --add-opens=java.base/java.lang=ALL-UNNAMED --add-opens=java.base/java.lang.invoke=ALL-UNNAMED --add-opens=java.prefs/java.util.prefs=ALL-UNNAMED --add-opens=java.base/java.nio.charset=ALL-UNNAMED --add-opens=java.base/java.net=ALL-UNNAMED --add-opens=java.base/java.util.concurrent.atomic=ALL-UNNAMED -XX:MaxMetaspaceSize=384m -XX:+HeapDumpOnOutOfMemoryError -Xms256m -Xmx512m -Dfile.encoding=windows-1251 -Duser.country=RU -Duser.language=ru -Duser.variant -javaagent:C:\Users\mihai\.gradle\wrapper\dists\gradle-8.2-bin\bbg7u40eoinfdyxsxr3z4i7ta\gradle-8.2\lib\agents\gradle-instrumentation-agent-8.2.jar 
java_command: org.gradle.launcher.daemon.bootstrap.GradleDaemon 8.2
java_class_path (initial): C:\Users\mihai\.gradle\wrapper\dists\gradle-8.2-bin\bbg7u40eoinfdyxsxr3z4i7ta\gradle-8.2\lib\gradle-launcher-8.2.jar
Launcher Type: SUN_STANDARD

[Global flags]
     intx CICompilerCount                          = 4                                         {product} {ergonomic}
   size_t CompressedClassSpaceSize                 = 335544320                                 {product} {ergonomic}
     uint ConcGCThreads                            = 2                                         {product} {ergonomic}
     uint G1ConcRefinementThreads                  = 8                                         {product} {ergonomic}
   size_t G1HeapRegionSize                         = 1048576                                   {product} {ergonomic}
    uintx GCDrainStackTargetSize                   = 64                                        {product} {ergonomic}
     bool HeapDumpOnOutOfMemoryError               = true                                   {manageable} {command line}
   size_t InitialHeapSize                          = 268435456                                 {product} {command line}
   size_t MarkStackSize                            = 4194304                                   {product} {ergonomic}
   size_t MaxHeapSize                              = 536870912                                 {product} {command line}
   size_t MaxMetaspaceSize                         = 402653184                                 {product} {command line}
   size_t MaxNewSize                               = 321912832                                 {product} {ergonomic}
   size_t MinHeapDeltaBytes                        = 1048576                                   {product} {ergonomic}
   size_t MinHeapSize                              = 268435456                                 {product} {command line}
    uintx NonNMethodCodeHeapSize                   = 5839372                                {pd product} {ergonomic}
    uintx NonProfiledCodeHeapSize                  = 122909434                              {pd product} {ergonomic}
    uintx ProfiledCodeHeapSize                     = 122909434                              {pd product} {ergonomic}
    uintx ReservedCodeCacheSize                    = 251658240                              {pd product} {ergonomic}
     bool SegmentedCodeCache                       = true                                      {product} {ergonomic}
   size_t SoftMaxHeapSize                          = 536870912                              {manageable} {ergonomic}
     bool UseCompressedClassPointers               = true                           {product lp64_product} {ergonomic}
     bool UseCompressedOops                        = true                           {product lp64_product} {ergonomic}
     bool UseG1GC                                  = true                                      {product} {ergonomic}
     bool UseLargePagesIndividualAllocation        = false                                  {pd product} {ergonomic}

Logging:
Log output configuration:
 #0: stdout all=warning uptime,level,tags
 #1: stderr all=off uptime,level,tags

Environment Variables:
PATH=C:\ProgramData\Oracle\Java\javapath;C:\Program Files (x86)\Common Files\Oracle\Java\javapath;C:\Program Files (x86)\NVIDIA Corporation\PhysX\Common;C:\Program Files\Eclipse Adoptium\jdk-17.0.6.10-hotspot\bin;C:\Windows\system32;C:\Windows;C:\Windows\System32\Wbem;C:\Windows\System32\WindowsPowerShell\v1.0\;C:\Windows\System32\OpenSSH\;C:\ProgramData\chocolatey\bin;C:\Windows\System32;C:\Program Files\Git\cmd;D:\flutter\flutter\bin;C:\Program Files\Git\usr\bin;C:\Program Files\dotnet\;C:\tools\lxrunoffline;;C:\Program Files\PowerShell\7\;C:\Program Files\Docker\Docker\resources\bin;C:\Program Files\Go\bin;C:\Users\mihai\AppData\Local\Microsoft\WindowsApps;D:\Games\programmmist\Microsoft VS Code\bin;C:\tools\flutter\bin;";C:\Program Files\Git\bin\git.exe;C:\Program Files\Git\cmd";D:\flutter\flutter\bin;D:\atest\IntelliJ IDEA 2023.3.2\bin;;C:\Users\mihai\AppData\Local\Programs\Microsoft VS Code\bin;D:\tmp\PyCharm 2023.1.3\bin;;D:\flutter\andros;C:\Users\mihai\go\bin
USERNAME=mihai
OS=Windows_NT
PROCESSOR_IDENTIFIER=AMD64 Family 23 Model 24 Stepping 1, AuthenticAMD
TMP=C:\Users\mihai\AppData\Local\Temp
TEMP=C:\Users\mihai\AppData\Local\Temp


JNI global refs:
JNI global refs: 28, weak refs: 0

JNI global refs memory usage: 843, weak refs: 841

OOME stack traces (most recent first):
Classloader memory used:
Loader org.gradle.internal.classloader.VisitableURLClassLoader                         : 3849K
Loader bootstrap                                                                       : 2672K
Loader org.gradle.initialization.MixInLegacyTypesClassLoader                           : 1359K
Loader org.gradle.internal.classloader.VisitableURLClassLoader$InstrumentingVisitableURLClassLoader: 376K
Loader org.gradle.groovy.scripts.internal.DefaultScriptCompilationHandler$ScriptClassLoader: 93707B
Loader jdk.internal.reflect.DelegatingClassLoader                                      : 89993B
Loader jdk.internal.loader.ClassLoaders$PlatformClassLoader                            : 70922B
Loader jdk.internal.loader.ClassLoaders$AppClassLoader                                 : 28451B
Loader org.codehaus.groovy.runtime.callsite.CallSiteClassLoader                        : 5470B
Loader sun.reflect.misc.MethodUtil                                                     : 373B

Classes loaded by more than one classloader:
Class org.gradle.internal.installation.GradleInstallation                             : loaded 2 times (x 73B)
Class org.gradle.internal.classpath.ClassPath                                         : loaded 2 times (x 68B)
Class org.gradle.api.internal.classpath.DefaultModuleRegistry                         : loaded 2 times (x 84B)
Class org.gradle.api.Action                                                           : loaded 2 times (x 68B)
Class org.gradle.api.internal.DefaultClassPathProvider                                : loaded 2 times (x 74B)
Class org.gradle.internal.installation.GradleInstallation$1                           : loaded 2 times (x 73B)
Class build_dtlypj1wtj8xmqe5hs8xktb3r                                                 : loaded 2 times (x 178B)
Class build_dtlypj1wtj8xmqe5hs8xktb3r$_run_closure1                                   : loaded 2 times (x 134B)
Class org.gradle.internal.classloader.FilteringClassLoader                            : loaded 2 times (x 103B)
Class org.gradle.internal.classpath.DefaultClassPath$ImmutableUniqueList$Builder      : loaded 2 times (x 73B)
Class build_du66gau8zsya5tbd1s5b3l5xd                                                 : loaded 2 times (x 178B)
Class org.gradle.internal.classloader.ClassLoaderVisitor                              : loaded 2 times (x 74B)
Class build_75todlfgslxhqiktse78ki4ae                                                 : loaded 2 times (x 178B)
Class org.gradle.internal.service.DefaultServiceLocator                               : loaded 2 times (x 81B)
Class build_96o6qhfsctw9i2ha6lbu7e2jo$_run_closure1                                   : loaded 2 times (x 134B)
Class org.gradle.internal.service.UnknownServiceException                             : loaded 2 times (x 81B)
Class org.gradle.internal.classloader.DefaultClassLoaderFactory                       : loaded 2 times (x 80B)
Class org.gradle.internal.classloader.VisitableURLClassLoader$Spec                    : loaded 2 times (x 72B)
Class org.gradle.api.GradleException                                                  : loaded 2 times (x 80B)
Class org.gradle.api.internal.classpath.ModuleRegistry                                : loaded 2 times (x 68B)
Class org.gradle.api.internal.ClassPathProvider                                       : loaded 2 times (x 68B)
Class org.gradle.internal.classloader.ClasspathUtil$1                                 : loaded 2 times (x 74B)
Class org.gradle.internal.classloader.ClassLoaderFactory                              : loaded 2 times (x 68B)
Class org.gradle.api.internal.classpath.ManifestUtil                                  : loaded 2 times (x 69B)
Class org.gradle.api.specs.Spec                                                       : loaded 2 times (x 68B)
Class build_b21iub7qjysqfk1usy0o3txe1$_run_closure1                                   : loaded 2 times (x 134B)
Class org.gradle.internal.IoActions                                                   : loaded 2 times (x 69B)
Class build_f159wxu8kg0o7e53kfjehriaq                                                 : loaded 2 times (x 178B)
Class org.gradle.api.internal.classpath.EffectiveClassPath                            : loaded 2 times (x 88B)
Class build_19ynpfbkqbofstmkyp8pheo23                                                 : loaded 2 times (x 178B)
Class org.gradle.internal.installation.CurrentGradleInstallation                      : loaded 2 times (x 71B)
Class org.gradle.internal.agents.InstrumentingClassLoader                             : loaded 2 times (x 68B)
Class org.gradle.internal.installation.CurrentGradleInstallationLocator               : loaded 2 times (x 69B)
Class org.gradle.api.internal.classpath.Module                                        : loaded 2 times (x 68B)
Class build_f159wxu8kg0o7e53kfjehriaq$_run_closure1                                   : loaded 2 times (x 134B)
Class org.gradle.internal.service.CachingServiceLocator                               : loaded 2 times (x 80B)
Class org.gradle.internal.classpath.DefaultClassPath                                  : loaded 2 times (x 88B)
Class build_ev2ez9wzoqqwh9bbma84aytkp$_run_closure1                                   : loaded 2 times (x 134B)
Class org.gradle.internal.classloader.SystemClassLoaderSpec                           : loaded 2 times (x 69B)
Class build_241ydgccgm75c2v836z0qtd8f$_run_closure1                                   : loaded 2 times (x 134B)
Class org.gradle.api.UncheckedIOException                                             : loaded 2 times (x 80B)
Class build_19ynpfbkqbofstmkyp8pheo23$_run_closure1                                   : loaded 2 times (x 134B)
Class build_b21iub7qjysqfk1usy0o3txe1                                                 : loaded 2 times (x 178B)
Class org.gradle.internal.classloader.ClasspathUtil                                   : loaded 2 times (x 69B)
Class org.gradle.api.internal.DefaultClassPathRegistry                                : loaded 2 times (x 74B)
Class org.gradle.api.internal.classpath.DefaultModuleRegistry$DefaultModule           : loaded 2 times (x 84B)
Class build_241ydgccgm75c2v836z0qtd8f                                                 : loaded 2 times (x 178B)
Class org.gradle.api.internal.classpath.UnknownModuleException                        : loaded 2 times (x 80B)
Class org.gradle.internal.service.ServiceLookupException                              : loaded 2 times (x 80B)
Class org.gradle.cache.GlobalCache                                                    : loaded 2 times (x 68B)
Class [Lorg.gradle.api.internal.ClassPathProvider;                                    : loaded 2 times (x 67B)
Class build_ev2ez9wzoqqwh9bbma84aytkp                                                 : loaded 2 times (x 178B)
Class org.gradle.util.internal.GUtil                                                  : loaded 2 times (x 69B)
Class org.gradle.internal.classloader.ClassLoaderSpec                                 : loaded 2 times (x 69B)
Class org.gradle.internal.classloader.VisitableURLClassLoader                         : loaded 2 times (x 115B)
Class org.gradle.internal.Cast                                                        : loaded 2 times (x 69B)
Class org.gradle.api.internal.ClassPathRegistry                                       : loaded 2 times (x 68B)
Class build_du66gau8zsya5tbd1s5b3l5xd$_run_closure1                                   : loaded 2 times (x 134B)
Class org.gradle.internal.classloader.VisitableURLClassLoader$InstrumentingVisitableURLClassLoader: loaded 2 times (x 121B)
Class org.gradle.internal.classloader.ClassLoaderHierarchy                            : loaded 2 times (x 68B)
Class build_96o6qhfsctw9i2ha6lbu7e2jo                                                 : loaded 2 times (x 178B)
Class org.gradle.internal.InternalTransformer                                         : loaded 2 times (x 68B)
Class org.gradle.internal.service.ServiceLocator                                      : loaded 2 times (x 68B)
Class org.gradle.internal.classpath.DefaultClassPath$ImmutableUniqueList              : loaded 2 times (x 159B)
Class org.gradle.internal.classpath.TransformedClassPath                              : loaded 2 times (x 94B)
Class build_75todlfgslxhqiktse78ki4ae$_run_closure1                                   : loaded 2 times (x 134B)


---------------  S Y S T E M  ---------------

OS:
 Windows 11 , 64 bit Build 22621 (10.0.22621.3235)
OS uptime: 0 days 11:43 hours
Hyper-V role detected

CPU: total 8 (initial active 8) (8 cores per cpu, 2 threads per core) family 23 model 24 stepping 1 microcode 0x0, cx8, cmov, fxsr, ht, mmx, 3dnowpref, sse, sse2, sse3, ssse3, sse4a, sse4.1, sse4.2, popcnt, lzcnt, tsc, tscinvbit, avx, avx2, aes, clmul, bmi1, bmi2, adx, sha, fma, vzeroupper, clflush, clflushopt, hv
Processor Information for all 8 processors :
  Max Mhz: 2300, Current Mhz: 2300, Mhz Limit: 2300

Memory: 4k page, system-wide physical 15295M (659M free)
TotalPageFile size 30655M (AvailPageFile size 145M)
current process WorkingSet (physical memory assigned to process): 484M, peak: 486M
current process commit charge ("private bytes"): 543M, peak: 546M

vm_info: OpenJDK 64-Bit Server VM (17.0.8+7-b1000.8) for windows-amd64 JRE (17.0.8+7-b1000.8), built on 2023-08-04 by "builduser" with MS VC++ 16.10 / 16.11 (VS2019)

END.
