#
# There is insufficient memory for the Java Runtime Environment to continue.
# Native memory allocation (malloc) failed to allocate 1049504 bytes for Chunk::new
# Possible reasons:
#   The system is out of physical RAM or swap space
#   The process is running with CompressedOops enabled, and the Java Heap may be blocking the growth of the native heap
# Possible solutions:
#   Reduce memory load on the system
#   Increase physical memory or swap space
#   Check if swap backing store is full
#   Decrease Java heap size (-Xmx/-Xms)
#   Decrease number of Java threads
#   Decrease Java thread stack sizes (-Xss)
#   Set larger code cache with -XX:ReservedCodeCacheSize=
#   JVM is running with Unscaled Compressed Oops mode in which the Java heap is
#     placed in the first 4GB address space. The Java Heap base address is the
#     maximum limit for the native heap growth. Please use -XX:HeapBaseMinAddress
#     to set the Java Heap base and to place the Java Heap above 4GB virtual address.
# This output file may be truncated or incomplete.
#
#  Out of Memory Error (arena.cpp:189), pid=16240, tid=272
#
# JRE version: OpenJDK Runtime Environment JBR-17.0.8+7-1000.8-nomod (17.0.8+7) (build 17.0.8+7-b1000.8)
# Java VM: OpenJDK 64-Bit Server VM JBR-17.0.8+7-1000.8-nomod (17.0.8+7-b1000.8, mixed mode, tiered, compressed oops, compressed class ptrs, g1 gc, windows-amd64)
# No core dump will be written. Minidumps are not enabled by default on client versions of Windows
#

---------------  S U M M A R Y ------------

Command Line: --add-opens=java.base/java.util=ALL-UNNAMED --add-opens=java.base/java.lang=ALL-UNNAMED --add-opens=java.base/java.lang.invoke=ALL-UNNAMED --add-opens=java.prefs/java.util.prefs=ALL-UNNAMED --add-opens=java.base/java.nio.charset=ALL-UNNAMED --add-opens=java.base/java.net=ALL-UNNAMED --add-opens=java.base/java.util.concurrent.atomic=ALL-UNNAMED -XX:MaxMetaspaceSize=384m -XX:+HeapDumpOnOutOfMemoryError -Xms256m -Xmx512m -Dfile.encoding=windows-1251 -Duser.country=RU -Duser.language=ru -Duser.variant -javaagent:C:\Users\mihai\.gradle\wrapper\dists\gradle-8.2-bin\bbg7u40eoinfdyxsxr3z4i7ta\gradle-8.2\lib\agents\gradle-instrumentation-agent-8.2.jar org.gradle.launcher.daemon.bootstrap.GradleDaemon 8.2

Host: AMD Ryzen 7 3700U with Radeon Vega Mobile Gfx  , 8 cores, 14G,  Windows 11 , 64 bit Build 22621 (10.0.22621.3235)
Time: Wed Apr  3 14:14:01 2024 RTZ 2 (s 11 , 64 bit Build 22621 (10.0.22621.3235) elapsed time: 19284.020161 seconds (0d 5h 21m 24s)

---------------  T H R E A D  ---------------

Current thread (0x00000166b2413710):  JavaThread "C2 CompilerThread0" daemon [_thread_in_native, id=272, stack(0x00000045dd400000,0x00000045dd500000)]


Current CompileTask:
C2:19284020 19217       4       org.gradle.api.internal.artifacts.ivyservice.resolveengine.graph.selectors.SelectorStateResolver::resolveSelectors (71 bytes)

Stack: [0x00000045dd400000,0x00000045dd500000]
Native frames: (J=compiled Java code, j=interpreted, Vv=VM code, C=native code)
V  [jvm.dll+0x6852da]
V  [jvm.dll+0x844c84]
V  [jvm.dll+0x84659e]
V  [jvm.dll+0x846c03]  public: static void __cdecl VMError::report_and_die(class Thread * __ptr64,char const * __ptr64,int,unsigned __int64,enum VMErrorType,char const * __ptr64,char * __ptr64)+0x43
V  [jvm.dll+0x24b7cf]  void __cdecl report_vm_out_of_memory(char const * __ptr64,int,unsigned __int64,enum VMErrorType,char const * __ptr64,...)+0x8f
V  [jvm.dll+0xac3bc]  public: static void * __ptr64 __cdecl Chunk::operator new(unsigned __int64,enum AllocFailStrategy::AllocFailEnum,unsigned __int64)+0xcc
V  [jvm.dll+0xac98c]  protected: void * __ptr64 __cdecl Arena::grow(unsigned __int64,enum AllocFailStrategy::AllocFailEnum) __ptr64+0x3c
V  [jvm.dll+0x36af97]  public: void __cdecl PhaseIFG::init(unsigned int) __ptr64+0xf7
V  [jvm.dll+0x3352b1]  private: void __cdecl PhaseCFG::global_code_motion(void) __ptr64+0x441
V  [jvm.dll+0x33475a]  public: bool __cdecl PhaseCFG::do_global_code_motion(void) __ptr64+0x3a
V  [jvm.dll+0x21d7f1]  private: void __cdecl Compile::Code_Gen(void) __ptr64+0x261
V  [jvm.dll+0x21cc11]  public: __cdecl Compile::Compile(class ciEnv * __ptr64,class ciMethod * __ptr64,int,bool,bool,bool,bool,bool,class DirectiveSet * __ptr64) __ptr64+0xe51
V  [jvm.dll+0x1a660d]  public: virtual void __cdecl C2Compiler::compile_method(class ciEnv * __ptr64,class ciMethod * __ptr64,int,bool,class DirectiveSet * __ptr64) __ptr64+0xad
V  [jvm.dll+0x22c9c8]  private: static void __cdecl CompileBroker::invoke_compiler_on_method(class CompileTask * __ptr64)+0x878
V  [jvm.dll+0x22a990]  public: static void __cdecl CompileBroker::compiler_thread_loop(void)+0x2d0
V  [jvm.dll+0x7f9d3c]  protected: virtual void __cdecl JavaThread::run(void) __ptr64+0x13c
V  [jvm.dll+0x7f415a]  public: void __cdecl Thread::call_run(void) __ptr64+0x8a
V  [jvm.dll+0x684115]  public: static __int64 __cdecl os::thread_cpu_time(class Thread * __ptr64,bool)+0x105
C  [ucrtbase.dll+0x29363]
C  [KERNEL32.DLL+0x1257d]
C  [ntdll.dll+0x5aa58]


---------------  P R O C E S S  ---------------

Threads class SMR info:
_java_thread_list=0x00000166baedf610, length=135, elements={
0x0000016699a7ebe0, 0x00000166b221ef50, 0x00000166b23d47e0, 0x00000166b23f3ca0,
0x00000166b241b100, 0x00000166b240ed40, 0x00000166b240f610, 0x00000166b2413710,
0x00000166b2415030, 0x00000166b2415940, 0x00000166b2521040, 0x00000166b263e370,
0x00000166b8a7b8a0, 0x00000166b7617d60, 0x00000166b8920520, 0x00000166b8ab1600,
0x00000166b8ab2530, 0x00000166b8ab06d0, 0x00000166b8aafcb0, 0x00000166b8ab0be0,
0x00000166b77e3240, 0x00000166b77e2820, 0x00000166b77e7410, 0x00000166b77dffa0,
0x00000166b77e1e00, 0x00000166b77e5fd0, 0x00000166b77e09c0, 0x00000166b77e3750,
0x00000166b77e69f0, 0x00000166b77e04b0, 0x00000166b77e18f0, 0x00000166bb62af60,
0x00000166ba74b8a0, 0x00000166ba74bdb0, 0x00000166b999d3a0, 0x00000166b779bea0,
0x00000166b999ba50, 0x00000166b999b030, 0x00000166b999d8b0, 0x00000166b999b540,
0x00000166ba508dc0, 0x00000166badaa3c0, 0x00000166badaa8d0, 0x00000166bada8f80,
0x00000166ba509cf0, 0x00000166ba50b640, 0x00000166ba5083a0, 0x00000166ba5088b0,
0x00000166ba5092d0, 0x00000166b779d7f0, 0x00000166b779a550, 0x00000166b779a040,
0x00000166ba5097e0, 0x00000166b999a100, 0x00000166b999bf60, 0x00000166b999c980,
0x00000166b999c470, 0x00000166b999a610, 0x00000166b999ab20, 0x00000166bbb7c520,
0x00000166bb9a37d0, 0x00000166b779d2e0, 0x00000166b779aa60, 0x00000166b779af70,
0x00000166b779b990, 0x00000166b779c3b0, 0x00000166b779c8c0, 0x00000166b779cdd0,
0x00000166ba34aa00, 0x00000166ba50a200, 0x00000166ba50ac20, 0x00000166ba50b130,
0x00000166ba5cc450, 0x00000166ba5cd380, 0x00000166b8e2a620, 0x00000166b8e2cea0,
0x00000166b8e2c990, 0x00000166b8e2c480, 0x00000166b8e2bf70, 0x00000166b8e2d3b0,
0x00000166b8e2d8c0, 0x00000166b8e2b040, 0x00000166b8e2ba60, 0x00000166b8e2ddd0,
0x00000166b8e2ab30, 0x00000166b8e2b550, 0x00000166b933e6c0, 0x00000166b933ebd0,
0x00000166b933d790, 0x00000166b933dca0, 0x00000166b933f0e0, 0x00000166b9340010,
0x00000166ba74c2c0, 0x00000166ba74d1f0, 0x00000166ba74e120, 0x00000166ba74f050,
0x00000166ba74dc10, 0x00000166ba74cce0, 0x00000166b933d280, 0x00000166b933fb00,
0x00000166b933e1b0, 0x00000166ba349fe0, 0x00000166bbb7ca30, 0x00000166bbb7cf40,
0x00000166bada9eb0, 0x00000166bada99a0, 0x00000166bada9490, 0x00000166ba1e2c40,
0x00000166ba1e1800, 0x00000166ba1e08d0, 0x00000166ba1e1d10, 0x00000166ba1e0de0,
0x00000166b933f5f0, 0x00000166b9340520, 0x00000166b9340a30, 0x00000166ba65ee70,
0x00000166ba65f380, 0x00000166ba65fda0, 0x00000166ba6616f0, 0x00000166ba65f890,
0x00000166ba661c00, 0x00000166ba6602b0, 0x00000166ba6607c0, 0x00000166ba662110,
0x00000166ba1e12f0, 0x00000166ba1e3150, 0x00000166ba1e2220, 0x00000166ba1e2730,
0x00000166ba1e3660, 0x00000166ba1e3b70, 0x00000166ba1e03c0, 0x00000166bb8fa7d0,
0x00000166ba34cd70, 0x00000166ba34b420, 0x00000166bc307f80
}

Java Threads: ( => current thread )
  0x0000016699a7ebe0 JavaThread "main" [_thread_blocked, id=23468, stack(0x00000045dc700000,0x00000045dc800000)]
  0x00000166b221ef50 JavaThread "Reference Handler" daemon [_thread_blocked, id=19340, stack(0x00000045dce00000,0x00000045dcf00000)]
  0x00000166b23d47e0 JavaThread "Finalizer" daemon [_thread_blocked, id=21824, stack(0x00000045dcf00000,0x00000045dd000000)]
  0x00000166b23f3ca0 JavaThread "Signal Dispatcher" daemon [_thread_blocked, id=12972, stack(0x00000045dd000000,0x00000045dd100000)]
  0x00000166b241b100 JavaThread "Attach Listener" daemon [_thread_blocked, id=21756, stack(0x00000045dd100000,0x00000045dd200000)]
  0x00000166b240ed40 JavaThread "Service Thread" daemon [_thread_blocked, id=12340, stack(0x00000045dd200000,0x00000045dd300000)]
  0x00000166b240f610 JavaThread "Monitor Deflation Thread" daemon [_thread_blocked, id=22848, stack(0x00000045dd300000,0x00000045dd400000)]
=>0x00000166b2413710 JavaThread "C2 CompilerThread0" daemon [_thread_in_native, id=272, stack(0x00000045dd400000,0x00000045dd500000)]
  0x00000166b2415030 JavaThread "C1 CompilerThread0" daemon [_thread_blocked, id=27324, stack(0x00000045dd500000,0x00000045dd600000)]
  0x00000166b2415940 JavaThread "Sweeper thread" daemon [_thread_blocked, id=15872, stack(0x00000045dd600000,0x00000045dd700000)]
  0x00000166b2521040 JavaThread "Common-Cleaner" daemon [_thread_blocked, id=14780, stack(0x00000045dd700000,0x00000045dd800000)]
  0x00000166b263e370 JavaThread "Notification Thread" daemon [_thread_blocked, id=20248, stack(0x00000045dd800000,0x00000045dd900000)]
  0x00000166b8a7b8a0 JavaThread "Daemon health stats" [_thread_blocked, id=7120, stack(0x00000045dda00000,0x00000045ddb00000)]
  0x00000166b7617d60 JavaThread "Incoming local TCP Connector on port 59891" [_thread_in_native, id=20888, stack(0x00000045de000000,0x00000045de100000)]
  0x00000166b8920520 JavaThread "Daemon periodic checks" [_thread_blocked, id=16656, stack(0x00000045de100000,0x00000045de200000)]
  0x00000166b8ab1600 JavaThread "Cache worker for journal cache (C:\Users\mihai\.gradle\caches\journal-1)" [_thread_blocked, id=6056, stack(0x00000045dec00000,0x00000045ded00000)]
  0x00000166b8ab2530 JavaThread "File lock request listener" [_thread_in_native, id=17448, stack(0x00000045ded00000,0x00000045dee00000)]
  0x00000166b8ab06d0 JavaThread "Cache worker for file hash cache (C:\Users\mihai\.gradle\caches\8.2\fileHashes)" [_thread_blocked, id=3808, stack(0x00000045dee00000,0x00000045def00000)]
  0x00000166b8aafcb0 JavaThread "File watcher server" daemon [_thread_in_native, id=4932, stack(0x00000045def00000,0x00000045df000000)]
  0x00000166b8ab0be0 JavaThread "File watcher consumer" daemon [_thread_blocked, id=1916, stack(0x00000045df000000,0x00000045df100000)]
  0x00000166b77e3240 JavaThread "Cache worker for file content cache (C:\Users\mihai\.gradle\caches\8.2\fileContent)" [_thread_blocked, id=24852, stack(0x00000045df300000,0x00000045df400000)]
  0x00000166b77e2820 JavaThread "Cache worker for execution history cache (C:\Users\mihai\.gradle\caches\8.2\executionHistory)" [_thread_blocked, id=12436, stack(0x00000045df600000,0x00000045df700000)]
  0x00000166b77e7410 JavaThread "jar transforms" [_thread_blocked, id=10144, stack(0x00000045df700000,0x00000045df800000)]
  0x00000166b77dffa0 JavaThread "jar transforms Thread 2" [_thread_blocked, id=15376, stack(0x00000045df800000,0x00000045df900000)]
  0x00000166b77e1e00 JavaThread "jar transforms Thread 3" [_thread_blocked, id=14492, stack(0x00000045df900000,0x00000045dfa00000)]
  0x00000166b77e5fd0 JavaThread "jar transforms Thread 4" [_thread_blocked, id=9072, stack(0x00000045dfa00000,0x00000045dfb00000)]
  0x00000166b77e09c0 JavaThread "jar transforms Thread 5" [_thread_blocked, id=22476, stack(0x00000045dfb00000,0x00000045dfc00000)]
  0x00000166b77e3750 JavaThread "jar transforms Thread 6" [_thread_blocked, id=10956, stack(0x00000045dfc00000,0x00000045dfd00000)]
  0x00000166b77e69f0 JavaThread "jar transforms Thread 7" [_thread_blocked, id=7876, stack(0x00000045dfd00000,0x00000045dfe00000)]
  0x00000166b77e04b0 JavaThread "jar transforms Thread 8" [_thread_blocked, id=19052, stack(0x00000045dfe00000,0x00000045dff00000)]
  0x00000166b77e18f0 JavaThread "Memory manager" [_thread_blocked, id=20840, stack(0x00000045e0900000,0x00000045e0a00000)]
  0x00000166bb62af60 JavaThread "Daemon Thread 6" [_thread_blocked, id=11708, stack(0x00000045dc400000,0x00000045dc500000)]
  0x00000166ba74b8a0 JavaThread "Daemon worker Thread 6" [_thread_blocked, id=19200, stack(0x00000045de200000,0x00000045de300000)]
  0x00000166ba74bdb0 JavaThread "included builds" [_thread_blocked, id=14912, stack(0x00000045e0700000,0x00000045e0800000)]
  0x00000166b999d3a0 JavaThread "Handler for socket connection from /127.0.0.1:59891 to /127.0.0.1:61700" [_thread_in_native, id=3628, stack(0x00000045dc500000,0x00000045dc600000)]
  0x00000166b779bea0 JavaThread "Cancel handler" [_thread_blocked, id=24796, stack(0x00000045dc600000,0x00000045dc700000)]
  0x00000166b999ba50 JavaThread "Asynchronous log dispatcher for DefaultDaemonConnection: socket connection from /127.0.0.1:59891 to /127.0.0.1:61700" [_thread_blocked, id=9972, stack(0x00000045de300000,0x00000045de400000)]
  0x00000166b999b030 JavaThread "Stdin handler" [_thread_blocked, id=28200, stack(0x00000045de400000,0x00000045de500000)]
  0x00000166b999d8b0 JavaThread "Daemon client event forwarder" [_thread_blocked, id=7468, stack(0x00000045de500000,0x00000045de600000)]
  0x00000166b999b540 JavaThread "Cache worker for checksums cache (C:\Users\mihai\IdeaProjects\kursach2\.gradle\8.2\checksums)" [_thread_blocked, id=23336, stack(0x00000045de600000,0x00000045de700000)]
  0x00000166ba508dc0 JavaThread "Cache worker for cache directory md-rule (C:\Users\mihai\.gradle\caches\8.2\md-rule)" [_thread_blocked, id=25024, stack(0x00000045de700000,0x00000045de800000)]
  0x00000166badaa3c0 JavaThread "Cache worker for file hash cache (C:\Users\mihai\IdeaProjects\kursach2\.gradle\8.2\fileHashes)" [_thread_blocked, id=26192, stack(0x00000045de800000,0x00000045de900000)]
  0x00000166badaa8d0 JavaThread "Cache worker for cache directory md-supplier (C:\Users\mihai\.gradle\caches\8.2\md-supplier)" [_thread_blocked, id=19824, stack(0x00000045df100000,0x00000045df200000)]
  0x00000166bada8f80 JavaThread "Cache worker for dependencies-accessors (C:\Users\mihai\IdeaProjects\kursach2\.gradle\8.2\dependencies-accessors)" [_thread_blocked, id=25064, stack(0x00000045df200000,0x00000045df300000)]
  0x00000166ba509cf0 JavaThread "Cache worker for Build Output Cleanup Cache (C:\Users\mihai\IdeaProjects\kursach2\.gradle\buildOutputCleanup)" [_thread_blocked, id=8180, stack(0x00000045df400000,0x00000045df500000)]
  0x00000166ba50b640 JavaThread "Unconstrained build operations" [_thread_blocked, id=21024, stack(0x00000045df500000,0x00000045df600000)]
  0x00000166ba5083a0 JavaThread "Unconstrained build operations Thread 2" [_thread_blocked, id=28152, stack(0x00000045dff00000,0x00000045e0000000)]
  0x00000166ba5088b0 JavaThread "Unconstrained build operations Thread 3" [_thread_blocked, id=16080, stack(0x00000045e0000000,0x00000045e0100000)]
  0x00000166ba5092d0 JavaThread "Unconstrained build operations Thread 4" [_thread_blocked, id=26680, stack(0x00000045e0100000,0x00000045e0200000)]
  0x00000166b779d7f0 JavaThread "Unconstrained build operations Thread 5" [_thread_blocked, id=7768, stack(0x00000045e0200000,0x00000045e0300000)]
  0x00000166b779a550 JavaThread "Unconstrained build operations Thread 6" [_thread_blocked, id=19332, stack(0x00000045e0300000,0x00000045e0400000)]
  0x00000166b779a040 JavaThread "Unconstrained build operations Thread 7" [_thread_blocked, id=11384, stack(0x00000045e0400000,0x00000045e0500000)]
  0x00000166ba5097e0 JavaThread "included builds" [_thread_blocked, id=15276, stack(0x00000045e0500000,0x00000045e0600000)]
  0x00000166b999a100 JavaThread "Execution worker" [_thread_in_native, id=2056, stack(0x00000045e0800000,0x00000045e0900000)]
  0x00000166b999bf60 JavaThread "Execution worker Thread 2" [_thread_blocked, id=10092, stack(0x00000045e0a00000,0x00000045e0b00000)]
  0x00000166b999c980 JavaThread "Execution worker Thread 3" [_thread_blocked, id=26644, stack(0x00000045e0b00000,0x00000045e0c00000)]
  0x00000166b999c470 JavaThread "Execution worker Thread 4" [_thread_blocked, id=22008, stack(0x00000045e0c00000,0x00000045e0d00000)]
  0x00000166b999a610 JavaThread "Execution worker Thread 5" [_thread_blocked, id=6108, stack(0x00000045e0d00000,0x00000045e0e00000)]
  0x00000166b999ab20 JavaThread "Execution worker Thread 6" [_thread_blocked, id=16688, stack(0x00000045e0e00000,0x00000045e0f00000)]
  0x00000166bbb7c520 JavaThread "Execution worker Thread 7" [_thread_blocked, id=28564, stack(0x00000045e0f00000,0x00000045e1000000)]
  0x00000166bb9a37d0 JavaThread "Cache worker for execution history cache (C:\Users\mihai\IdeaProjects\kursach2\.gradle\8.2\executionHistory)" [_thread_blocked, id=17228, stack(0x00000045e1000000,0x00000045e1100000)]
  0x00000166b779d2e0 JavaThread "Unconstrained build operations Thread 8" [_thread_blocked, id=1656, stack(0x00000045e1100000,0x00000045e1200000)]
  0x00000166b779aa60 JavaThread "Unconstrained build operations Thread 9" [_thread_blocked, id=7492, stack(0x00000045e1200000,0x00000045e1300000)]
  0x00000166b779af70 JavaThread "Unconstrained build operations Thread 10" [_thread_blocked, id=17036, stack(0x00000045e1300000,0x00000045e1400000)]
  0x00000166b779b990 JavaThread "Unconstrained build operations Thread 11" [_thread_blocked, id=18208, stack(0x00000045e1400000,0x00000045e1500000)]
  0x00000166b779c3b0 JavaThread "Unconstrained build operations Thread 12" [_thread_blocked, id=1604, stack(0x00000045e1500000,0x00000045e1600000)]
  0x00000166b779c8c0 JavaThread "Unconstrained build operations Thread 13" [_thread_blocked, id=11600, stack(0x00000045e1600000,0x00000045e1700000)]
  0x00000166b779cdd0 JavaThread "Unconstrained build operations Thread 14" [_thread_blocked, id=20924, stack(0x00000045e1700000,0x00000045e1800000)]
  0x00000166ba34aa00 JavaThread "Unconstrained build operations Thread 15" [_thread_blocked, id=10432, stack(0x00000045e1800000,0x00000045e1900000)]
  0x00000166ba50a200 JavaThread "Unconstrained build operations Thread 16" [_thread_blocked, id=13500, stack(0x00000045e1900000,0x00000045e1a00000)]
  0x00000166ba50ac20 JavaThread "Unconstrained build operations Thread 17" [_thread_blocked, id=19636, stack(0x00000045e1a00000,0x00000045e1b00000)]
  0x00000166ba50b130 JavaThread "Unconstrained build operations Thread 18" [_thread_blocked, id=26796, stack(0x00000045e1b00000,0x00000045e1c00000)]
  0x00000166ba5cc450 JavaThread "Unconstrained build operations Thread 19" [_thread_blocked, id=25784, stack(0x00000045e1c00000,0x00000045e1d00000)]
  0x00000166ba5cd380 JavaThread "Unconstrained build operations Thread 20" [_thread_blocked, id=20236, stack(0x00000045e1d00000,0x00000045e1e00000)]
  0x00000166b8e2a620 JavaThread "Unconstrained build operations Thread 21" [_thread_blocked, id=16608, stack(0x00000045e1e00000,0x00000045e1f00000)]
  0x00000166b8e2cea0 JavaThread "Unconstrained build operations Thread 22" [_thread_blocked, id=6904, stack(0x00000045e1f00000,0x00000045e2000000)]
  0x00000166b8e2c990 JavaThread "Unconstrained build operations Thread 23" [_thread_blocked, id=14916, stack(0x00000045e2000000,0x00000045e2100000)]
  0x00000166b8e2c480 JavaThread "Unconstrained build operations Thread 24" [_thread_blocked, id=24096, stack(0x00000045e2100000,0x00000045e2200000)]
  0x00000166b8e2bf70 JavaThread "Unconstrained build operations Thread 25" [_thread_blocked, id=1308, stack(0x00000045e2200000,0x00000045e2300000)]
  0x00000166b8e2d3b0 JavaThread "Unconstrained build operations Thread 26" [_thread_blocked, id=10312, stack(0x00000045e2300000,0x00000045e2400000)]
  0x00000166b8e2d8c0 JavaThread "Unconstrained build operations Thread 27" [_thread_blocked, id=13520, stack(0x00000045e2400000,0x00000045e2500000)]
  0x00000166b8e2b040 JavaThread "Unconstrained build operations Thread 28" [_thread_blocked, id=15192, stack(0x00000045e2500000,0x00000045e2600000)]
  0x00000166b8e2ba60 JavaThread "Unconstrained build operations Thread 29" [_thread_blocked, id=24004, stack(0x00000045e2600000,0x00000045e2700000)]
  0x00000166b8e2ddd0 JavaThread "Unconstrained build operations Thread 30" [_thread_blocked, id=21804, stack(0x00000045e2700000,0x00000045e2800000)]
  0x00000166b8e2ab30 JavaThread "Unconstrained build operations Thread 31" [_thread_blocked, id=7084, stack(0x00000045e2800000,0x00000045e2900000)]
  0x00000166b8e2b550 JavaThread "Unconstrained build operations Thread 32" [_thread_blocked, id=13416, stack(0x00000045e2a00000,0x00000045e2b00000)]
  0x00000166b933e6c0 JavaThread "Unconstrained build operations Thread 33" [_thread_blocked, id=25572, stack(0x00000045e2b00000,0x00000045e2c00000)]
  0x00000166b933ebd0 JavaThread "Unconstrained build operations Thread 34" [_thread_blocked, id=16996, stack(0x00000045e2c00000,0x00000045e2d00000)]
  0x00000166b933d790 JavaThread "Unconstrained build operations Thread 35" [_thread_blocked, id=11488, stack(0x00000045e2d00000,0x00000045e2e00000)]
  0x00000166b933dca0 JavaThread "Unconstrained build operations Thread 36" [_thread_blocked, id=1792, stack(0x00000045e2e00000,0x00000045e2f00000)]
  0x00000166b933f0e0 JavaThread "Unconstrained build operations Thread 37" [_thread_blocked, id=11092, stack(0x00000045e2f00000,0x00000045e3000000)]
  0x00000166b9340010 JavaThread "Unconstrained build operations Thread 38" [_thread_blocked, id=15572, stack(0x00000045e3000000,0x00000045e3100000)]
  0x00000166ba74c2c0 JavaThread "Unconstrained build operations Thread 39" [_thread_blocked, id=12232, stack(0x00000045e3100000,0x00000045e3200000)]
  0x00000166ba74d1f0 JavaThread "Unconstrained build operations Thread 40" [_thread_blocked, id=11188, stack(0x00000045e3200000,0x00000045e3300000)]
  0x00000166ba74e120 JavaThread "Unconstrained build operations Thread 41" [_thread_blocked, id=24132, stack(0x00000045e3300000,0x00000045e3400000)]
  0x00000166ba74f050 JavaThread "Unconstrained build operations Thread 42" [_thread_blocked, id=4920, stack(0x00000045e3400000,0x00000045e3500000)]
  0x00000166ba74dc10 JavaThread "Unconstrained build operations Thread 43" [_thread_blocked, id=28080, stack(0x00000045e3500000,0x00000045e3600000)]
  0x00000166ba74cce0 JavaThread "Unconstrained build operations Thread 44" [_thread_blocked, id=19992, stack(0x00000045e3600000,0x00000045e3700000)]
  0x00000166b933d280 JavaThread "Unconstrained build operations Thread 45" [_thread_blocked, id=21124, stack(0x00000045e3700000,0x00000045e3800000)]
  0x00000166b933fb00 JavaThread "Unconstrained build operations Thread 46" [_thread_blocked, id=12688, stack(0x00000045e3800000,0x00000045e3900000)]
  0x00000166b933e1b0 JavaThread "Unconstrained build operations Thread 47" [_thread_blocked, id=27140, stack(0x00000045e3900000,0x00000045e3a00000)]
  0x00000166ba349fe0 JavaThread "Unconstrained build operations Thread 48" [_thread_blocked, id=7952, stack(0x00000045e3a00000,0x00000045e3b00000)]
  0x00000166bbb7ca30 JavaThread "Unconstrained build operations Thread 49" [_thread_blocked, id=15648, stack(0x00000045e3b00000,0x00000045e3c00000)]
  0x00000166bbb7cf40 JavaThread "Unconstrained build operations Thread 50" [_thread_blocked, id=19368, stack(0x00000045e3c00000,0x00000045e3d00000)]
  0x00000166bada9eb0 JavaThread "Unconstrained build operations Thread 51" [_thread_blocked, id=21996, stack(0x00000045e3d00000,0x00000045e3e00000)]
  0x00000166bada99a0 JavaThread "Unconstrained build operations Thread 52" [_thread_blocked, id=23228, stack(0x00000045e3e00000,0x00000045e3f00000)]
  0x00000166bada9490 JavaThread "Unconstrained build operations Thread 53" [_thread_blocked, id=23536, stack(0x00000045e3f00000,0x00000045e4000000)]
  0x00000166ba1e2c40 JavaThread "Unconstrained build operations Thread 54" [_thread_blocked, id=13324, stack(0x00000045e4000000,0x00000045e4100000)]
  0x00000166ba1e1800 JavaThread "Unconstrained build operations Thread 55" [_thread_blocked, id=13084, stack(0x00000045e4100000,0x00000045e4200000)]
  0x00000166ba1e08d0 JavaThread "Unconstrained build operations Thread 56" [_thread_blocked, id=21980, stack(0x00000045e4200000,0x00000045e4300000)]
  0x00000166ba1e1d10 JavaThread "Unconstrained build operations Thread 57" [_thread_blocked, id=27372, stack(0x00000045e4300000,0x00000045e4400000)]
  0x00000166ba1e0de0 JavaThread "Unconstrained build operations Thread 58" [_thread_blocked, id=18808, stack(0x00000045e4400000,0x00000045e4500000)]
  0x00000166b933f5f0 JavaThread "Unconstrained build operations Thread 59" [_thread_blocked, id=17564, stack(0x00000045e4500000,0x00000045e4600000)]
  0x00000166b9340520 JavaThread "Unconstrained build operations Thread 60" [_thread_blocked, id=10608, stack(0x00000045e4600000,0x00000045e4700000)]
  0x00000166b9340a30 JavaThread "Unconstrained build operations Thread 61" [_thread_blocked, id=10656, stack(0x00000045e4700000,0x00000045e4800000)]
  0x00000166ba65ee70 JavaThread "Unconstrained build operations Thread 62" [_thread_blocked, id=26832, stack(0x00000045e4800000,0x00000045e4900000)]
  0x00000166ba65f380 JavaThread "Unconstrained build operations Thread 63" [_thread_blocked, id=1684, stack(0x00000045e4900000,0x00000045e4a00000)]
  0x00000166ba65fda0 JavaThread "Unconstrained build operations Thread 64" [_thread_blocked, id=28064, stack(0x00000045e4a00000,0x00000045e4b00000)]
  0x00000166ba6616f0 JavaThread "Unconstrained build operations Thread 65" [_thread_blocked, id=21588, stack(0x00000045e4b00000,0x00000045e4c00000)]
  0x00000166ba65f890 JavaThread "Unconstrained build operations Thread 66" [_thread_blocked, id=22972, stack(0x00000045e4c00000,0x00000045e4d00000)]
  0x00000166ba661c00 JavaThread "Unconstrained build operations Thread 67" [_thread_blocked, id=22224, stack(0x00000045e4d00000,0x00000045e4e00000)]
  0x00000166ba6602b0 JavaThread "Unconstrained build operations Thread 68" [_thread_blocked, id=26696, stack(0x00000045e4e00000,0x00000045e4f00000)]
  0x00000166ba6607c0 JavaThread "Unconstrained build operations Thread 69" [_thread_blocked, id=16136, stack(0x00000045e4f00000,0x00000045e5000000)]
  0x00000166ba662110 JavaThread "Unconstrained build operations Thread 70" [_thread_blocked, id=15112, stack(0x00000045e5000000,0x00000045e5100000)]
  0x00000166ba1e12f0 JavaThread "Unconstrained build operations Thread 71" [_thread_blocked, id=18908, stack(0x00000045e5100000,0x00000045e5200000)]
  0x00000166ba1e3150 JavaThread "Unconstrained build operations Thread 72" [_thread_blocked, id=15708, stack(0x00000045e5200000,0x00000045e5300000)]
  0x00000166ba1e2220 JavaThread "Unconstrained build operations Thread 73" [_thread_blocked, id=27972, stack(0x00000045e5300000,0x00000045e5400000)]
  0x00000166ba1e2730 JavaThread "Unconstrained build operations Thread 74" [_thread_blocked, id=5168, stack(0x00000045e5400000,0x00000045e5500000)]
  0x00000166ba1e3660 JavaThread "Unconstrained build operations Thread 75" [_thread_blocked, id=20300, stack(0x00000045e5500000,0x00000045e5600000)]
  0x00000166ba1e3b70 JavaThread "Unconstrained build operations Thread 76" [_thread_blocked, id=8476, stack(0x00000045e5600000,0x00000045e5700000)]
  0x00000166ba1e03c0 JavaThread "Unconstrained build operations Thread 77" [_thread_blocked, id=16936, stack(0x00000045e5700000,0x00000045e5800000)]
  0x00000166bb8fa7d0 JavaThread "Unconstrained build operations Thread 78" [_thread_blocked, id=26064, stack(0x00000045e5800000,0x00000045e5900000)]
  0x00000166ba34cd70 JavaThread "Unconstrained build operations Thread 79" [_thread_blocked, id=4388, stack(0x00000045e5900000,0x00000045e5a00000)]
  0x00000166ba34b420 JavaThread "Unconstrained build operations Thread 80" [_thread_blocked, id=6896, stack(0x00000045e5a00000,0x00000045e5b00000)]
  0x00000166bc307f80 JavaThread "C2 CompilerThread1" daemon [_thread_in_native, id=16804, stack(0x00000045e5b00000,0x00000045e5c00000)]

Other Threads:
  0x00000166b23c0c30 VMThread "VM Thread" [stack: 0x00000045dcd00000,0x00000045dce00000] [id=6844]
  0x0000016699aca610 WatcherThread [stack: 0x00000045dd900000,0x00000045dda00000] [id=9224]
  0x0000016699aabe50 GCTaskThread "GC Thread#0" [stack: 0x00000045dc800000,0x00000045dc900000] [id=20668]
  0x00000166b7c55740 GCTaskThread "GC Thread#1" [stack: 0x00000045ddb00000,0x00000045ddc00000] [id=6608]
  0x00000166b7be1e40 GCTaskThread "GC Thread#2" [stack: 0x00000045ddc00000,0x00000045ddd00000] [id=27600]
  0x00000166b7be2100 GCTaskThread "GC Thread#3" [stack: 0x00000045ddd00000,0x00000045dde00000] [id=19460]
  0x00000166b7be23c0 GCTaskThread "GC Thread#4" [stack: 0x00000045dde00000,0x00000045ddf00000] [id=23672]
  0x00000166b706c2d0 GCTaskThread "GC Thread#5" [stack: 0x00000045ddf00000,0x00000045de000000] [id=16644]
  0x00000166b88422c0 GCTaskThread "GC Thread#6" [stack: 0x00000045de900000,0x00000045dea00000] [id=20280]
  0x00000166b8834750 GCTaskThread "GC Thread#7" [stack: 0x00000045dea00000,0x00000045deb00000] [id=26448]
  0x0000016699ab0cb0 ConcurrentGCThread "G1 Main Marker" [stack: 0x00000045dc900000,0x00000045dca00000] [id=11000]
  0x0000016699ab25e0 ConcurrentGCThread "G1 Conc#0" [stack: 0x00000045dca00000,0x00000045dcb00000] [id=27612]
  0x00000166b882fee0 ConcurrentGCThread "G1 Conc#1" [stack: 0x00000045deb00000,0x00000045dec00000] [id=18832]
  0x0000016699b2e9f0 ConcurrentGCThread "G1 Refine#0" [stack: 0x00000045dcb00000,0x00000045dcc00000] [id=22448]
  0x00000166ba76cf50 ConcurrentGCThread "G1 Refine#1" [stack: 0x00000045e2900000,0x00000045e2a00000] [id=1980]
  0x00000166ba10b570 ConcurrentGCThread "G1 Refine#2" [stack: 0x00000045e0600000,0x00000045e0700000] [id=12460]
  0x00000166b20d4550 ConcurrentGCThread "G1 Service" [stack: 0x00000045dcc00000,0x00000045dcd00000] [id=27016]

Threads with active compile tasks:
C2 CompilerThread0  19284382 19217       4       org.gradle.api.internal.artifacts.ivyservice.resolveengine.graph.selectors.SelectorStateResolver::resolveSelectors (71 bytes)
C2 CompilerThread1  19284382 19215       4       org.gradle.api.internal.artifacts.ivyservice.resolveengine.graph.builder.ModuleResolveState::maybeUpdateSelection (119 bytes)

VM state: not at safepoint (normal execution)

VM Mutex/Monitor currently owned by a thread: None

Heap address: 0x00000000e0000000, size: 512 MB, Compressed Oops mode: 32-bit

CDS archive(s) not mapped
Compressed class space mapped at: 0x0000000100000000-0x0000000114000000, reserved size: 335544320
Narrow klass base: 0x0000000000000000, Narrow klass shift: 3, Narrow klass range: 0x114000000

GC Precious Log:
 CPUs: 8 total, 8 available
 Memory: 15295M
 Large Page Support: Disabled
 NUMA Support: Disabled
 Compressed Oops: Enabled (32-bit)
 Heap Region Size: 1M
 Heap Min Capacity: 256M
 Heap Initial Capacity: 256M
 Heap Max Capacity: 512M
 Pre-touch: Disabled
 Parallel Workers: 8
 Concurrent Workers: 2
 Concurrent Refinement Workers: 8
 Periodic GC: Disabled

Heap:
 garbage-first heap   total 262144K, used 146455K [0x00000000e0000000, 0x0000000100000000)
  region size 1024K, 24 young (24576K), 6 survivors (6144K)
 Metaspace       used 76876K, committed 77824K, reserved 458752K
  class space    used 9963K, committed 10432K, reserved 327680K

Heap Regions: E=young(eden), S=young(survivor), O=old, HS=humongous(starts), HC=humongous(continues), CS=collection set, F=free, OA=open archive, CA=closed archive, TAMS=top-at-mark-start (previous, next)
|   0|0x00000000e0000000, 0x00000000e0100000, 0x00000000e0100000|100%|HS|  |TAMS 0x00000000e0100000, 0x00000000e0000000| Complete 
|   1|0x00000000e0100000, 0x00000000e0200000, 0x00000000e0200000|100%|HC|  |TAMS 0x00000000e0200000, 0x00000000e0100000| Complete 
|   2|0x00000000e0200000, 0x00000000e0300000, 0x00000000e0300000|100%|HC|  |TAMS 0x00000000e0300000, 0x00000000e0200000| Complete 
|   3|0x00000000e0300000, 0x00000000e0400000, 0x00000000e0400000|100%|HC|  |TAMS 0x00000000e0400000, 0x00000000e0300000| Complete 
|   4|0x00000000e0400000, 0x00000000e0500000, 0x00000000e0500000|100%| O|  |TAMS 0x00000000e0500000, 0x00000000e0400000| Untracked 
|   5|0x00000000e0500000, 0x00000000e0600000, 0x00000000e0600000|100%| O|  |TAMS 0x00000000e0600000, 0x00000000e0500000| Untracked 
|   6|0x00000000e0600000, 0x00000000e0700000, 0x00000000e0700000|100%| O|  |TAMS 0x00000000e0700000, 0x00000000e0600000| Untracked 
|   7|0x00000000e0700000, 0x00000000e0800000, 0x00000000e0800000|100%| O|  |TAMS 0x00000000e0800000, 0x00000000e0700000| Untracked 
|   8|0x00000000e0800000, 0x00000000e0900000, 0x00000000e0900000|100%| O|  |TAMS 0x00000000e0900000, 0x00000000e0800000| Untracked 
|   9|0x00000000e0900000, 0x00000000e0a00000, 0x00000000e0a00000|100%| O|  |TAMS 0x00000000e0a00000, 0x00000000e0900000| Untracked 
|  10|0x00000000e0a00000, 0x00000000e0b00000, 0x00000000e0b00000|100%| O|  |TAMS 0x00000000e0b00000, 0x00000000e0a00000| Untracked 
|  11|0x00000000e0b00000, 0x00000000e0c00000, 0x00000000e0c00000|100%| O|  |TAMS 0x00000000e0c00000, 0x00000000e0b00000| Untracked 
|  12|0x00000000e0c00000, 0x00000000e0d00000, 0x00000000e0d00000|100%| O|  |TAMS 0x00000000e0d00000, 0x00000000e0c00000| Untracked 
|  13|0x00000000e0d00000, 0x00000000e0e00000, 0x00000000e0e00000|100%| O|  |TAMS 0x00000000e0e00000, 0x00000000e0d00000| Untracked 
|  14|0x00000000e0e00000, 0x00000000e0f00000, 0x00000000e0f00000|100%| O|  |TAMS 0x00000000e0f00000, 0x00000000e0e00000| Untracked 
|  15|0x00000000e0f00000, 0x00000000e1000000, 0x00000000e1000000|100%| O|  |TAMS 0x00000000e1000000, 0x00000000e0f00000| Untracked 
|  16|0x00000000e1000000, 0x00000000e1100000, 0x00000000e1100000|100%| O|  |TAMS 0x00000000e1100000, 0x00000000e1000000| Untracked 
|  17|0x00000000e1100000, 0x00000000e1200000, 0x00000000e1200000|100%| O|  |TAMS 0x00000000e1200000, 0x00000000e1100000| Untracked 
|  18|0x00000000e1200000, 0x00000000e1300000, 0x00000000e1300000|100%| O|  |TAMS 0x00000000e1300000, 0x00000000e1200000| Untracked 
|  19|0x00000000e1300000, 0x00000000e1400000, 0x00000000e1400000|100%| O|  |TAMS 0x00000000e1400000, 0x00000000e1300000| Untracked 
|  20|0x00000000e1400000, 0x00000000e1500000, 0x00000000e1500000|100%| O|  |TAMS 0x00000000e1500000, 0x00000000e1400000| Untracked 
|  21|0x00000000e1500000, 0x00000000e1600000, 0x00000000e1600000|100%| O|  |TAMS 0x00000000e1600000, 0x00000000e1500000| Untracked 
|  22|0x00000000e1600000, 0x00000000e1700000, 0x00000000e1700000|100%| O|  |TAMS 0x00000000e1700000, 0x00000000e1600000| Untracked 
|  23|0x00000000e1700000, 0x00000000e1800000, 0x00000000e1800000|100%| O|  |TAMS 0x00000000e1800000, 0x00000000e1700000| Untracked 
|  24|0x00000000e1800000, 0x00000000e1900000, 0x00000000e1900000|100%| O|  |TAMS 0x00000000e1900000, 0x00000000e1800000| Untracked 
|  25|0x00000000e1900000, 0x00000000e1a00000, 0x00000000e1a00000|100%| O|  |TAMS 0x00000000e1a00000, 0x00000000e1900000| Untracked 
|  26|0x00000000e1a00000, 0x00000000e1b00000, 0x00000000e1b00000|100%| O|  |TAMS 0x00000000e1b00000, 0x00000000e1a00000| Untracked 
|  27|0x00000000e1b00000, 0x00000000e1c00000, 0x00000000e1c00000|100%| O|  |TAMS 0x00000000e1c00000, 0x00000000e1b00000| Untracked 
|  28|0x00000000e1c00000, 0x00000000e1d00000, 0x00000000e1d00000|100%| O|  |TAMS 0x00000000e1d00000, 0x00000000e1c00000| Untracked 
|  29|0x00000000e1d00000, 0x00000000e1e00000, 0x00000000e1e00000|100%| O|  |TAMS 0x00000000e1e00000, 0x00000000e1d00000| Untracked 
|  30|0x00000000e1e00000, 0x00000000e1f00000, 0x00000000e1f00000|100%| O|  |TAMS 0x00000000e1f00000, 0x00000000e1e00000| Untracked 
|  31|0x00000000e1f00000, 0x00000000e2000000, 0x00000000e2000000|100%| O|  |TAMS 0x00000000e2000000, 0x00000000e1f00000| Untracked 
|  32|0x00000000e2000000, 0x00000000e2100000, 0x00000000e2100000|100%| O|  |TAMS 0x00000000e2100000, 0x00000000e2000000| Untracked 
|  33|0x00000000e2100000, 0x00000000e2200000, 0x00000000e2200000|100%| O|  |TAMS 0x00000000e2200000, 0x00000000e2100000| Untracked 
|  34|0x00000000e2200000, 0x00000000e2300000, 0x00000000e2300000|100%| O|  |TAMS 0x00000000e2300000, 0x00000000e2200000| Untracked 
|  35|0x00000000e2300000, 0x00000000e2400000, 0x00000000e2400000|100%| O|  |TAMS 0x00000000e2400000, 0x00000000e2300000| Untracked 
|  36|0x00000000e2400000, 0x00000000e2500000, 0x00000000e2500000|100%| O|  |TAMS 0x00000000e2500000, 0x00000000e2400000| Untracked 
|  37|0x00000000e2500000, 0x00000000e2600000, 0x00000000e2600000|100%| O|  |TAMS 0x00000000e2600000, 0x00000000e2500000| Untracked 
|  38|0x00000000e2600000, 0x00000000e2700000, 0x00000000e2700000|100%| O|  |TAMS 0x00000000e2700000, 0x00000000e2600000| Untracked 
|  39|0x00000000e2700000, 0x00000000e2800000, 0x00000000e2800000|100%| O|  |TAMS 0x00000000e2800000, 0x00000000e2700000| Untracked 
|  40|0x00000000e2800000, 0x00000000e2900000, 0x00000000e2900000|100%| O|  |TAMS 0x00000000e2900000, 0x00000000e2800000| Untracked 
|  41|0x00000000e2900000, 0x00000000e2a00000, 0x00000000e2a00000|100%| O|  |TAMS 0x00000000e2a00000, 0x00000000e2900000| Untracked 
|  42|0x00000000e2a00000, 0x00000000e2b00000, 0x00000000e2b00000|100%| O|  |TAMS 0x00000000e2b00000, 0x00000000e2a00000| Untracked 
|  43|0x00000000e2b00000, 0x00000000e2c00000, 0x00000000e2c00000|100%| O|  |TAMS 0x00000000e2c00000, 0x00000000e2b00000| Untracked 
|  44|0x00000000e2c00000, 0x00000000e2d00000, 0x00000000e2d00000|100%| O|  |TAMS 0x00000000e2d00000, 0x00000000e2c00000| Untracked 
|  45|0x00000000e2d00000, 0x00000000e2e00000, 0x00000000e2e00000|100%| O|  |TAMS 0x00000000e2e00000, 0x00000000e2d00000| Untracked 
|  46|0x00000000e2e00000, 0x00000000e2f00000, 0x00000000e2f00000|100%| O|  |TAMS 0x00000000e2f00000, 0x00000000e2e00000| Untracked 
|  47|0x00000000e2f00000, 0x00000000e3000000, 0x00000000e3000000|100%| O|  |TAMS 0x00000000e3000000, 0x00000000e2f00000| Untracked 
|  48|0x00000000e3000000, 0x00000000e3100000, 0x00000000e3100000|100%| O|  |TAMS 0x00000000e3100000, 0x00000000e3000000| Untracked 
|  49|0x00000000e3100000, 0x00000000e3200000, 0x00000000e3200000|100%| O|  |TAMS 0x00000000e3200000, 0x00000000e3100000| Untracked 
|  50|0x00000000e3200000, 0x00000000e3300000, 0x00000000e3300000|100%| O|  |TAMS 0x00000000e3200000, 0x00000000e3200000| Untracked 
|  51|0x00000000e3300000, 0x00000000e3400000, 0x00000000e3400000|100%| O|  |TAMS 0x00000000e3300000, 0x00000000e3300000| Untracked 
|  52|0x00000000e3400000, 0x00000000e3500000, 0x00000000e3500000|100%| O|  |TAMS 0x00000000e3500000, 0x00000000e3400000| Untracked 
|  53|0x00000000e3500000, 0x00000000e3600000, 0x00000000e3600000|100%| O|  |TAMS 0x00000000e3500000, 0x00000000e3500000| Untracked 
|  54|0x00000000e3600000, 0x00000000e3700000, 0x00000000e3700000|100%| O|  |TAMS 0x00000000e3600000, 0x00000000e3600000| Untracked 
|  55|0x00000000e3700000, 0x00000000e3800000, 0x00000000e3800000|100%| O|  |TAMS 0x00000000e3700000, 0x00000000e3700000| Untracked 
|  56|0x00000000e3800000, 0x00000000e3900000, 0x00000000e3900000|100%| O|  |TAMS 0x00000000e3800000, 0x00000000e3800000| Untracked 
|  57|0x00000000e3900000, 0x00000000e3a00000, 0x00000000e3a00000|100%| O|  |TAMS 0x00000000e3900000, 0x00000000e3900000| Untracked 
|  58|0x00000000e3a00000, 0x00000000e3b00000, 0x00000000e3b00000|100%| O|  |TAMS 0x00000000e3a00000, 0x00000000e3a00000| Untracked 
|  59|0x00000000e3b00000, 0x00000000e3c00000, 0x00000000e3c00000|100%| O|  |TAMS 0x00000000e3c00000, 0x00000000e3b00000| Untracked 
|  60|0x00000000e3c00000, 0x00000000e3d00000, 0x00000000e3d00000|100%| O|  |TAMS 0x00000000e3c00000, 0x00000000e3c00000| Untracked 
|  61|0x00000000e3d00000, 0x00000000e3e00000, 0x00000000e3e00000|100%| O|  |TAMS 0x00000000e3d00000, 0x00000000e3d00000| Untracked 
|  62|0x00000000e3e00000, 0x00000000e3f00000, 0x00000000e3f00000|100%| O|  |TAMS 0x00000000e3e00000, 0x00000000e3e00000| Untracked 
|  63|0x00000000e3f00000, 0x00000000e4000000, 0x00000000e4000000|100%| O|  |TAMS 0x00000000e3f00000, 0x00000000e3f00000| Untracked 
|  64|0x00000000e4000000, 0x00000000e4100000, 0x00000000e4100000|100%| O|  |TAMS 0x00000000e4000000, 0x00000000e4000000| Untracked 
|  65|0x00000000e4100000, 0x00000000e4200000, 0x00000000e4200000|100%| O|  |TAMS 0x00000000e4100000, 0x00000000e4100000| Untracked 
|  66|0x00000000e4200000, 0x00000000e4300000, 0x00000000e4300000|100%| O|  |TAMS 0x00000000e4200000, 0x00000000e4200000| Untracked 
|  67|0x00000000e4300000, 0x00000000e4400000, 0x00000000e4400000|100%| O|  |TAMS 0x00000000e4300000, 0x00000000e4300000| Untracked 
|  68|0x00000000e4400000, 0x00000000e4500000, 0x00000000e4500000|100%| O|  |TAMS 0x00000000e4400000, 0x00000000e4400000| Untracked 
|  69|0x00000000e4500000, 0x00000000e4600000, 0x00000000e4600000|100%| O|  |TAMS 0x00000000e4500000, 0x00000000e4500000| Untracked 
|  70|0x00000000e4600000, 0x00000000e4700000, 0x00000000e4700000|100%| O|  |TAMS 0x00000000e4600000, 0x00000000e4600000| Untracked 
|  71|0x00000000e4700000, 0x00000000e4800000, 0x00000000e4800000|100%| O|  |TAMS 0x00000000e4700000, 0x00000000e4700000| Untracked 
|  72|0x00000000e4800000, 0x00000000e4900000, 0x00000000e4900000|100%| O|  |TAMS 0x00000000e4800000, 0x00000000e4800000| Untracked 
|  73|0x00000000e4900000, 0x00000000e4a00000, 0x00000000e4a00000|100%| O|  |TAMS 0x00000000e4900000, 0x00000000e4900000| Untracked 
|  74|0x00000000e4a00000, 0x00000000e4b00000, 0x00000000e4b00000|100%| O|  |TAMS 0x00000000e4a00000, 0x00000000e4a00000| Untracked 
|  75|0x00000000e4b00000, 0x00000000e4c00000, 0x00000000e4c00000|100%| O|  |TAMS 0x00000000e4b00000, 0x00000000e4b00000| Untracked 
|  76|0x00000000e4c00000, 0x00000000e4d00000, 0x00000000e4d00000|100%| O|  |TAMS 0x00000000e4d00000, 0x00000000e4c00000| Untracked 
|  77|0x00000000e4d00000, 0x00000000e4e00000, 0x00000000e4e00000|100%| O|  |TAMS 0x00000000e4e00000, 0x00000000e4d00000| Untracked 
|  78|0x00000000e4e00000, 0x00000000e4f00000, 0x00000000e4f00000|100%| O|  |TAMS 0x00000000e4e00000, 0x00000000e4e00000| Untracked 
|  79|0x00000000e4f00000, 0x00000000e5000000, 0x00000000e5000000|100%| O|  |TAMS 0x00000000e4f00000, 0x00000000e4f00000| Untracked 
|  80|0x00000000e5000000, 0x00000000e5100000, 0x00000000e5100000|100%| O|  |TAMS 0x00000000e5000000, 0x00000000e5000000| Untracked 
|  81|0x00000000e5100000, 0x00000000e5200000, 0x00000000e5200000|100%| O|  |TAMS 0x00000000e5200000, 0x00000000e5100000| Untracked 
|  82|0x00000000e5200000, 0x00000000e5300000, 0x00000000e5300000|100%| O|  |TAMS 0x00000000e5300000, 0x00000000e5200000| Untracked 
|  83|0x00000000e5300000, 0x00000000e5400000, 0x00000000e5400000|100%| O|  |TAMS 0x00000000e5300000, 0x00000000e5300000| Untracked 
|  84|0x00000000e5400000, 0x00000000e5500000, 0x00000000e5500000|100%| O|  |TAMS 0x00000000e5400000, 0x00000000e5400000| Untracked 
|  85|0x00000000e5500000, 0x00000000e5600000, 0x00000000e5600000|100%| O|  |TAMS 0x00000000e5500000, 0x00000000e5500000| Untracked 
|  86|0x00000000e5600000, 0x00000000e5700000, 0x00000000e5700000|100%| O|  |TAMS 0x00000000e5600000, 0x00000000e5600000| Untracked 
|  87|0x00000000e5700000, 0x00000000e5800000, 0x00000000e5800000|100%| O|  |TAMS 0x00000000e5700000, 0x00000000e5700000| Untracked 
|  88|0x00000000e5800000, 0x00000000e5900000, 0x00000000e5900000|100%| O|  |TAMS 0x00000000e5800000, 0x00000000e5800000| Untracked 
|  89|0x00000000e5900000, 0x00000000e5a00000, 0x00000000e5a00000|100%| O|  |TAMS 0x00000000e5900000, 0x00000000e5900000| Untracked 
|  90|0x00000000e5a00000, 0x00000000e5b00000, 0x00000000e5b00000|100%| O|  |TAMS 0x00000000e5a00000, 0x00000000e5a00000| Untracked 
|  91|0x00000000e5b00000, 0x00000000e5c00000, 0x00000000e5c00000|100%| O|  |TAMS 0x00000000e5c00000, 0x00000000e5b00000| Untracked 
|  92|0x00000000e5c00000, 0x00000000e5d00000, 0x00000000e5d00000|100%| O|  |TAMS 0x00000000e5d00000, 0x00000000e5c00000| Untracked 
|  93|0x00000000e5d00000, 0x00000000e5e00000, 0x00000000e5e00000|100%| O|  |TAMS 0x00000000e5e00000, 0x00000000e5d00000| Untracked 
|  94|0x00000000e5e00000, 0x00000000e5f00000, 0x00000000e5f00000|100%| O|  |TAMS 0x00000000e5f00000, 0x00000000e5e00000| Untracked 
|  95|0x00000000e5f00000, 0x00000000e6000000, 0x00000000e6000000|100%| O|  |TAMS 0x00000000e6000000, 0x00000000e5f00000| Untracked 
|  96|0x00000000e6000000, 0x00000000e6100000, 0x00000000e6100000|100%| O|  |TAMS 0x00000000e6100000, 0x00000000e6000000| Untracked 
|  97|0x00000000e6100000, 0x00000000e6200000, 0x00000000e6200000|100%| O|  |TAMS 0x00000000e6200000, 0x00000000e6100000| Untracked 
|  98|0x00000000e6200000, 0x00000000e6300000, 0x00000000e6300000|100%| O|  |TAMS 0x00000000e6300000, 0x00000000e6200000| Untracked 
|  99|0x00000000e6300000, 0x00000000e6400000, 0x00000000e6400000|100%| O|  |TAMS 0x00000000e6400000, 0x00000000e6300000| Untracked 
| 100|0x00000000e6400000, 0x00000000e6500000, 0x00000000e6500000|100%| O|  |TAMS 0x00000000e6500000, 0x00000000e6400000| Untracked 
| 101|0x00000000e6500000, 0x00000000e6600000, 0x00000000e6600000|100%| O|  |TAMS 0x00000000e6600000, 0x00000000e6500000| Untracked 
| 102|0x00000000e6600000, 0x00000000e6700000, 0x00000000e6700000|100%| O|  |TAMS 0x00000000e6700000, 0x00000000e6600000| Untracked 
| 103|0x00000000e6700000, 0x00000000e6800000, 0x00000000e6800000|100%| O|  |TAMS 0x00000000e6742a00, 0x00000000e6700000| Untracked 
| 104|0x00000000e6800000, 0x00000000e6900000, 0x00000000e6900000|100%| O|  |TAMS 0x00000000e6800000, 0x00000000e6800000| Untracked 
| 105|0x00000000e6900000, 0x00000000e6a00000, 0x00000000e6a00000|100%| O|  |TAMS 0x00000000e6900000, 0x00000000e6900000| Untracked 
| 106|0x00000000e6a00000, 0x00000000e6b00000, 0x00000000e6b00000|100%| O|  |TAMS 0x00000000e6a00000, 0x00000000e6a00000| Untracked 
| 107|0x00000000e6b00000, 0x00000000e6c00000, 0x00000000e6c00000|100%| O|  |TAMS 0x00000000e6b00000, 0x00000000e6b00000| Untracked 
| 108|0x00000000e6c00000, 0x00000000e6d00000, 0x00000000e6d00000|100%| O|  |TAMS 0x00000000e6c00000, 0x00000000e6c00000| Untracked 
| 109|0x00000000e6d00000, 0x00000000e6e00000, 0x00000000e6e00000|100%| O|  |TAMS 0x00000000e6d00000, 0x00000000e6d00000| Untracked 
| 110|0x00000000e6e00000, 0x00000000e6f00000, 0x00000000e6f00000|100%| O|  |TAMS 0x00000000e6e00000, 0x00000000e6e00000| Untracked 
| 111|0x00000000e6f00000, 0x00000000e7000000, 0x00000000e7000000|100%| O|  |TAMS 0x00000000e6f00000, 0x00000000e6f00000| Untracked 
| 112|0x00000000e7000000, 0x00000000e7100000, 0x00000000e7100000|100%| O|  |TAMS 0x00000000e7000000, 0x00000000e7000000| Untracked 
| 113|0x00000000e7100000, 0x00000000e7200000, 0x00000000e7200000|100%| O|  |TAMS 0x00000000e7100000, 0x00000000e7100000| Untracked 
| 114|0x00000000e7200000, 0x00000000e7300000, 0x00000000e7300000|100%| O|  |TAMS 0x00000000e7200000, 0x00000000e7200000| Untracked 
| 115|0x00000000e7300000, 0x00000000e7400000, 0x00000000e7400000|100%| O|  |TAMS 0x00000000e7300000, 0x00000000e7300000| Untracked 
| 116|0x00000000e7400000, 0x00000000e7500000, 0x00000000e7500000|100%| O|  |TAMS 0x00000000e7400000, 0x00000000e7400000| Untracked 
| 117|0x00000000e7500000, 0x00000000e7600000, 0x00000000e7600000|100%| O|  |TAMS 0x00000000e7500000, 0x00000000e7500000| Untracked 
| 118|0x00000000e7600000, 0x00000000e7700000, 0x00000000e7700000|100%| O|  |TAMS 0x00000000e7600000, 0x00000000e7600000| Untracked 
| 119|0x00000000e7700000, 0x00000000e7800000, 0x00000000e7800000|100%| O|  |TAMS 0x00000000e7700000, 0x00000000e7700000| Untracked 
| 120|0x00000000e7800000, 0x00000000e7869800, 0x00000000e7900000| 41%| O|  |TAMS 0x00000000e7800000, 0x00000000e7800000| Untracked 
| 121|0x00000000e7900000, 0x00000000e7900000, 0x00000000e7a00000|  0%| F|  |TAMS 0x00000000e7900000, 0x00000000e7900000| Untracked 
| 122|0x00000000e7a00000, 0x00000000e7a00000, 0x00000000e7b00000|  0%| F|  |TAMS 0x00000000e7a00000, 0x00000000e7a00000| Untracked 
| 123|0x00000000e7b00000, 0x00000000e7b00000, 0x00000000e7c00000|  0%| F|  |TAMS 0x00000000e7b00000, 0x00000000e7b00000| Untracked 
| 124|0x00000000e7c00000, 0x00000000e7c00000, 0x00000000e7d00000|  0%| F|  |TAMS 0x00000000e7c00000, 0x00000000e7c00000| Untracked 
| 125|0x00000000e7d00000, 0x00000000e7d00000, 0x00000000e7e00000|  0%| F|  |TAMS 0x00000000e7d00000, 0x00000000e7d00000| Untracked 
| 126|0x00000000e7e00000, 0x00000000e7e00000, 0x00000000e7f00000|  0%| F|  |TAMS 0x00000000e7e00000, 0x00000000e7e00000| Untracked 
| 127|0x00000000e7f00000, 0x00000000e7f00000, 0x00000000e8000000|  0%| F|  |TAMS 0x00000000e7f00000, 0x00000000e7f00000| Untracked 
| 128|0x00000000e8000000, 0x00000000e8000000, 0x00000000e8100000|  0%| F|  |TAMS 0x00000000e8000000, 0x00000000e8000000| Untracked 
| 129|0x00000000e8100000, 0x00000000e8100000, 0x00000000e8200000|  0%| F|  |TAMS 0x00000000e8100000, 0x00000000e8100000| Untracked 
| 130|0x00000000e8200000, 0x00000000e8200000, 0x00000000e8300000|  0%| F|  |TAMS 0x00000000e8200000, 0x00000000e8200000| Untracked 
| 131|0x00000000e8300000, 0x00000000e8300000, 0x00000000e8400000|  0%| F|  |TAMS 0x00000000e8300000, 0x00000000e8300000| Untracked 
| 132|0x00000000e8400000, 0x00000000e8400000, 0x00000000e8500000|  0%| F|  |TAMS 0x00000000e8400000, 0x00000000e8400000| Untracked 
| 133|0x00000000e8500000, 0x00000000e8500000, 0x00000000e8600000|  0%| F|  |TAMS 0x00000000e8500000, 0x00000000e8500000| Untracked 
| 134|0x00000000e8600000, 0x00000000e8600000, 0x00000000e8700000|  0%| F|  |TAMS 0x00000000e8600000, 0x00000000e8600000| Untracked 
| 135|0x00000000e8700000, 0x00000000e8700000, 0x00000000e8800000|  0%| F|  |TAMS 0x00000000e8700000, 0x00000000e8700000| Untracked 
| 136|0x00000000e8800000, 0x00000000e8800000, 0x00000000e8900000|  0%| F|  |TAMS 0x00000000e8800000, 0x00000000e8800000| Untracked 
| 137|0x00000000e8900000, 0x00000000e8900000, 0x00000000e8a00000|  0%| F|  |TAMS 0x00000000e8900000, 0x00000000e8900000| Untracked 
| 138|0x00000000e8a00000, 0x00000000e8a00000, 0x00000000e8b00000|  0%| F|  |TAMS 0x00000000e8a00000, 0x00000000e8a00000| Untracked 
| 139|0x00000000e8b00000, 0x00000000e8b00000, 0x00000000e8c00000|  0%| F|  |TAMS 0x00000000e8b00000, 0x00000000e8b00000| Untracked 
| 140|0x00000000e8c00000, 0x00000000e8c00000, 0x00000000e8d00000|  0%| F|  |TAMS 0x00000000e8c00000, 0x00000000e8c00000| Untracked 
| 141|0x00000000e8d00000, 0x00000000e8d00000, 0x00000000e8e00000|  0%| F|  |TAMS 0x00000000e8d00000, 0x00000000e8d00000| Untracked 
| 142|0x00000000e8e00000, 0x00000000e8e00000, 0x00000000e8f00000|  0%| F|  |TAMS 0x00000000e8e00000, 0x00000000e8e00000| Untracked 
| 143|0x00000000e8f00000, 0x00000000e8f00000, 0x00000000e9000000|  0%| F|  |TAMS 0x00000000e8f00000, 0x00000000e8f00000| Untracked 
| 144|0x00000000e9000000, 0x00000000e9000000, 0x00000000e9100000|  0%| F|  |TAMS 0x00000000e9000000, 0x00000000e9000000| Untracked 
| 145|0x00000000e9100000, 0x00000000e9100000, 0x00000000e9200000|  0%| F|  |TAMS 0x00000000e9100000, 0x00000000e9100000| Untracked 
| 146|0x00000000e9200000, 0x00000000e9200000, 0x00000000e9300000|  0%| F|  |TAMS 0x00000000e9200000, 0x00000000e9200000| Untracked 
| 147|0x00000000e9300000, 0x00000000e9300000, 0x00000000e9400000|  0%| F|  |TAMS 0x00000000e9300000, 0x00000000e9300000| Untracked 
| 148|0x00000000e9400000, 0x00000000e9400000, 0x00000000e9500000|  0%| F|  |TAMS 0x00000000e9400000, 0x00000000e9400000| Untracked 
| 149|0x00000000e9500000, 0x00000000e9500000, 0x00000000e9600000|  0%| F|  |TAMS 0x00000000e9500000, 0x00000000e9500000| Untracked 
| 150|0x00000000e9600000, 0x00000000e9600000, 0x00000000e9700000|  0%| F|  |TAMS 0x00000000e9600000, 0x00000000e9600000| Untracked 
| 151|0x00000000e9700000, 0x00000000e9700000, 0x00000000e9800000|  0%| F|  |TAMS 0x00000000e9700000, 0x00000000e9700000| Untracked 
| 152|0x00000000e9800000, 0x00000000e9800000, 0x00000000e9900000|  0%| F|  |TAMS 0x00000000e9800000, 0x00000000e9800000| Untracked 
| 153|0x00000000e9900000, 0x00000000e9900000, 0x00000000e9a00000|  0%| F|  |TAMS 0x00000000e9900000, 0x00000000e9900000| Untracked 
| 154|0x00000000e9a00000, 0x00000000e9a00000, 0x00000000e9b00000|  0%| F|  |TAMS 0x00000000e9a00000, 0x00000000e9a00000| Untracked 
| 155|0x00000000e9b00000, 0x00000000e9b00000, 0x00000000e9c00000|  0%| F|  |TAMS 0x00000000e9b00000, 0x00000000e9b00000| Untracked 
| 156|0x00000000e9c00000, 0x00000000e9c00000, 0x00000000e9d00000|  0%| F|  |TAMS 0x00000000e9c00000, 0x00000000e9c00000| Untracked 
| 157|0x00000000e9d00000, 0x00000000e9d00000, 0x00000000e9e00000|  0%| F|  |TAMS 0x00000000e9d00000, 0x00000000e9d00000| Untracked 
| 158|0x00000000e9e00000, 0x00000000e9e00000, 0x00000000e9f00000|  0%| F|  |TAMS 0x00000000e9e00000, 0x00000000e9e00000| Untracked 
| 159|0x00000000e9f00000, 0x00000000e9f00000, 0x00000000ea000000|  0%| F|  |TAMS 0x00000000e9f00000, 0x00000000e9f00000| Untracked 
| 160|0x00000000ea000000, 0x00000000ea000000, 0x00000000ea100000|  0%| F|  |TAMS 0x00000000ea000000, 0x00000000ea000000| Untracked 
| 161|0x00000000ea100000, 0x00000000ea100000, 0x00000000ea200000|  0%| F|  |TAMS 0x00000000ea100000, 0x00000000ea100000| Untracked 
| 162|0x00000000ea200000, 0x00000000ea200000, 0x00000000ea300000|  0%| F|  |TAMS 0x00000000ea200000, 0x00000000ea200000| Untracked 
| 163|0x00000000ea300000, 0x00000000ea300000, 0x00000000ea400000|  0%| F|  |TAMS 0x00000000ea300000, 0x00000000ea300000| Untracked 
| 164|0x00000000ea400000, 0x00000000ea400000, 0x00000000ea500000|  0%| F|  |TAMS 0x00000000ea400000, 0x00000000ea400000| Untracked 
| 165|0x00000000ea500000, 0x00000000ea59c510, 0x00000000ea600000| 61%| S|CS|TAMS 0x00000000ea500000, 0x00000000ea500000| Complete 
| 166|0x00000000ea600000, 0x00000000ea700000, 0x00000000ea700000|100%| S|CS|TAMS 0x00000000ea600000, 0x00000000ea600000| Complete 
| 167|0x00000000ea700000, 0x00000000ea800000, 0x00000000ea800000|100%| S|CS|TAMS 0x00000000ea700000, 0x00000000ea700000| Complete 
| 168|0x00000000ea800000, 0x00000000ea900000, 0x00000000ea900000|100%| S|CS|TAMS 0x00000000ea800000, 0x00000000ea800000| Complete 
| 169|0x00000000ea900000, 0x00000000eaa00000, 0x00000000eaa00000|100%| S|CS|TAMS 0x00000000ea900000, 0x00000000ea900000| Complete 
| 170|0x00000000eaa00000, 0x00000000eab00000, 0x00000000eab00000|100%| S|CS|TAMS 0x00000000eaa00000, 0x00000000eaa00000| Complete 
| 171|0x00000000eab00000, 0x00000000eab00000, 0x00000000eac00000|  0%| F|  |TAMS 0x00000000eab00000, 0x00000000eab00000| Untracked 
| 172|0x00000000eac00000, 0x00000000eac00000, 0x00000000ead00000|  0%| F|  |TAMS 0x00000000eac00000, 0x00000000eac00000| Untracked 
| 173|0x00000000ead00000, 0x00000000ead00000, 0x00000000eae00000|  0%| F|  |TAMS 0x00000000ead00000, 0x00000000ead00000| Untracked 
| 174|0x00000000eae00000, 0x00000000eae00000, 0x00000000eaf00000|  0%| F|  |TAMS 0x00000000eae00000, 0x00000000eae00000| Untracked 
| 175|0x00000000eaf00000, 0x00000000eaf00000, 0x00000000eb000000|  0%| F|  |TAMS 0x00000000eaf00000, 0x00000000eaf00000| Untracked 
| 176|0x00000000eb000000, 0x00000000eb000000, 0x00000000eb100000|  0%| F|  |TAMS 0x00000000eb000000, 0x00000000eb000000| Untracked 
| 177|0x00000000eb100000, 0x00000000eb100000, 0x00000000eb200000|  0%| F|  |TAMS 0x00000000eb100000, 0x00000000eb100000| Untracked 
| 178|0x00000000eb200000, 0x00000000eb200000, 0x00000000eb300000|  0%| F|  |TAMS 0x00000000eb200000, 0x00000000eb200000| Untracked 
| 179|0x00000000eb300000, 0x00000000eb300000, 0x00000000eb400000|  0%| F|  |TAMS 0x00000000eb300000, 0x00000000eb300000| Untracked 
| 180|0x00000000eb400000, 0x00000000eb400000, 0x00000000eb500000|  0%| F|  |TAMS 0x00000000eb400000, 0x00000000eb400000| Untracked 
| 181|0x00000000eb500000, 0x00000000eb500000, 0x00000000eb600000|  0%| F|  |TAMS 0x00000000eb500000, 0x00000000eb500000| Untracked 
| 182|0x00000000eb600000, 0x00000000eb600000, 0x00000000eb700000|  0%| F|  |TAMS 0x00000000eb600000, 0x00000000eb600000| Untracked 
| 183|0x00000000eb700000, 0x00000000eb700000, 0x00000000eb800000|  0%| F|  |TAMS 0x00000000eb700000, 0x00000000eb700000| Untracked 
| 184|0x00000000eb800000, 0x00000000eb800000, 0x00000000eb900000|  0%| F|  |TAMS 0x00000000eb800000, 0x00000000eb800000| Untracked 
| 185|0x00000000eb900000, 0x00000000eb900000, 0x00000000eba00000|  0%| F|  |TAMS 0x00000000eb900000, 0x00000000eb900000| Untracked 
| 186|0x00000000eba00000, 0x00000000eba00000, 0x00000000ebb00000|  0%| F|  |TAMS 0x00000000eba00000, 0x00000000eba00000| Untracked 
| 187|0x00000000ebb00000, 0x00000000ebb00000, 0x00000000ebc00000|  0%| F|  |TAMS 0x00000000ebb00000, 0x00000000ebb00000| Untracked 
| 188|0x00000000ebc00000, 0x00000000ebc00000, 0x00000000ebd00000|  0%| F|  |TAMS 0x00000000ebc00000, 0x00000000ebc00000| Untracked 
| 189|0x00000000ebd00000, 0x00000000ebd00000, 0x00000000ebe00000|  0%| F|  |TAMS 0x00000000ebd00000, 0x00000000ebd00000| Untracked 
| 190|0x00000000ebe00000, 0x00000000ebe00000, 0x00000000ebf00000|  0%| F|  |TAMS 0x00000000ebe00000, 0x00000000ebe00000| Untracked 
| 191|0x00000000ebf00000, 0x00000000ebf00000, 0x00000000ec000000|  0%| F|  |TAMS 0x00000000ebf00000, 0x00000000ebf00000| Untracked 
| 192|0x00000000ec000000, 0x00000000ec000000, 0x00000000ec100000|  0%| F|  |TAMS 0x00000000ec000000, 0x00000000ec000000| Untracked 
| 193|0x00000000ec100000, 0x00000000ec100000, 0x00000000ec200000|  0%| F|  |TAMS 0x00000000ec100000, 0x00000000ec100000| Untracked 
| 194|0x00000000ec200000, 0x00000000ec200000, 0x00000000ec300000|  0%| F|  |TAMS 0x00000000ec200000, 0x00000000ec200000| Untracked 
| 195|0x00000000ec300000, 0x00000000ec300000, 0x00000000ec400000|  0%| F|  |TAMS 0x00000000ec300000, 0x00000000ec300000| Untracked 
| 196|0x00000000ec400000, 0x00000000ec400000, 0x00000000ec500000|  0%| F|  |TAMS 0x00000000ec400000, 0x00000000ec400000| Untracked 
| 197|0x00000000ec500000, 0x00000000ec500000, 0x00000000ec600000|  0%| F|  |TAMS 0x00000000ec500000, 0x00000000ec500000| Untracked 
| 198|0x00000000ec600000, 0x00000000ec600000, 0x00000000ec700000|  0%| F|  |TAMS 0x00000000ec600000, 0x00000000ec600000| Untracked 
| 199|0x00000000ec700000, 0x00000000ec700000, 0x00000000ec800000|  0%| F|  |TAMS 0x00000000ec700000, 0x00000000ec700000| Untracked 
| 200|0x00000000ec800000, 0x00000000ec800000, 0x00000000ec900000|  0%| F|  |TAMS 0x00000000ec800000, 0x00000000ec800000| Untracked 
| 201|0x00000000ec900000, 0x00000000ec900000, 0x00000000eca00000|  0%| F|  |TAMS 0x00000000ec900000, 0x00000000ec900000| Untracked 
| 202|0x00000000eca00000, 0x00000000eca00000, 0x00000000ecb00000|  0%| F|  |TAMS 0x00000000eca00000, 0x00000000eca00000| Untracked 
| 203|0x00000000ecb00000, 0x00000000ecb00000, 0x00000000ecc00000|  0%| F|  |TAMS 0x00000000ecb00000, 0x00000000ecb00000| Untracked 
| 204|0x00000000ecc00000, 0x00000000ecc00000, 0x00000000ecd00000|  0%| F|  |TAMS 0x00000000ecc00000, 0x00000000ecc00000| Untracked 
| 205|0x00000000ecd00000, 0x00000000ecd00000, 0x00000000ece00000|  0%| F|  |TAMS 0x00000000ecd00000, 0x00000000ecd00000| Untracked 
| 206|0x00000000ece00000, 0x00000000ece00000, 0x00000000ecf00000|  0%| F|  |TAMS 0x00000000ece00000, 0x00000000ece00000| Untracked 
| 207|0x00000000ecf00000, 0x00000000ecf00000, 0x00000000ed000000|  0%| F|  |TAMS 0x00000000ecf00000, 0x00000000ecf00000| Untracked 
| 208|0x00000000ed000000, 0x00000000ed000000, 0x00000000ed100000|  0%| F|  |TAMS 0x00000000ed000000, 0x00000000ed000000| Untracked 
| 209|0x00000000ed100000, 0x00000000ed100000, 0x00000000ed200000|  0%| F|  |TAMS 0x00000000ed100000, 0x00000000ed100000| Untracked 
| 210|0x00000000ed200000, 0x00000000ed200000, 0x00000000ed300000|  0%| F|  |TAMS 0x00000000ed200000, 0x00000000ed200000| Untracked 
| 211|0x00000000ed300000, 0x00000000ed300000, 0x00000000ed400000|  0%| F|  |TAMS 0x00000000ed300000, 0x00000000ed300000| Untracked 
| 212|0x00000000ed400000, 0x00000000ed400000, 0x00000000ed500000|  0%| F|  |TAMS 0x00000000ed400000, 0x00000000ed400000| Untracked 
| 213|0x00000000ed500000, 0x00000000ed500000, 0x00000000ed600000|  0%| F|  |TAMS 0x00000000ed500000, 0x00000000ed500000| Untracked 
| 214|0x00000000ed600000, 0x00000000ed600000, 0x00000000ed700000|  0%| F|  |TAMS 0x00000000ed600000, 0x00000000ed600000| Untracked 
| 215|0x00000000ed700000, 0x00000000ed700000, 0x00000000ed800000|  0%| F|  |TAMS 0x00000000ed700000, 0x00000000ed700000| Untracked 
| 216|0x00000000ed800000, 0x00000000ed800000, 0x00000000ed900000|  0%| F|  |TAMS 0x00000000ed800000, 0x00000000ed800000| Untracked 
| 217|0x00000000ed900000, 0x00000000ed900000, 0x00000000eda00000|  0%| F|  |TAMS 0x00000000ed900000, 0x00000000ed900000| Untracked 
| 218|0x00000000eda00000, 0x00000000eda00000, 0x00000000edb00000|  0%| F|  |TAMS 0x00000000eda00000, 0x00000000eda00000| Untracked 
| 219|0x00000000edb00000, 0x00000000edb00000, 0x00000000edc00000|  0%| F|  |TAMS 0x00000000edb00000, 0x00000000edb00000| Untracked 
| 220|0x00000000edc00000, 0x00000000edc00000, 0x00000000edd00000|  0%| F|  |TAMS 0x00000000edc00000, 0x00000000edc00000| Untracked 
| 221|0x00000000edd00000, 0x00000000edd00000, 0x00000000ede00000|  0%| F|  |TAMS 0x00000000edd00000, 0x00000000edd00000| Untracked 
| 222|0x00000000ede00000, 0x00000000ede00000, 0x00000000edf00000|  0%| F|  |TAMS 0x00000000ede00000, 0x00000000ede00000| Untracked 
| 223|0x00000000edf00000, 0x00000000edf00000, 0x00000000ee000000|  0%| F|  |TAMS 0x00000000edf00000, 0x00000000edf00000| Untracked 
| 224|0x00000000ee000000, 0x00000000ee000000, 0x00000000ee100000|  0%| F|  |TAMS 0x00000000ee000000, 0x00000000ee000000| Untracked 
| 225|0x00000000ee100000, 0x00000000ee100000, 0x00000000ee200000|  0%| F|  |TAMS 0x00000000ee100000, 0x00000000ee100000| Untracked 
| 226|0x00000000ee200000, 0x00000000ee200000, 0x00000000ee300000|  0%| F|  |TAMS 0x00000000ee200000, 0x00000000ee200000| Untracked 
| 227|0x00000000ee300000, 0x00000000ee300000, 0x00000000ee400000|  0%| F|  |TAMS 0x00000000ee300000, 0x00000000ee300000| Untracked 
| 228|0x00000000ee400000, 0x00000000ee400000, 0x00000000ee500000|  0%| F|  |TAMS 0x00000000ee400000, 0x00000000ee400000| Untracked 
| 229|0x00000000ee500000, 0x00000000ee500000, 0x00000000ee600000|  0%| F|  |TAMS 0x00000000ee500000, 0x00000000ee500000| Untracked 
| 230|0x00000000ee600000, 0x00000000ee600000, 0x00000000ee700000|  0%| F|  |TAMS 0x00000000ee600000, 0x00000000ee600000| Untracked 
| 231|0x00000000ee700000, 0x00000000ee700000, 0x00000000ee800000|  0%| F|  |TAMS 0x00000000ee700000, 0x00000000ee700000| Untracked 
| 232|0x00000000ee800000, 0x00000000ee800000, 0x00000000ee900000|  0%| F|  |TAMS 0x00000000ee800000, 0x00000000ee800000| Untracked 
| 233|0x00000000ee900000, 0x00000000ee900000, 0x00000000eea00000|  0%| F|  |TAMS 0x00000000ee900000, 0x00000000ee900000| Untracked 
| 234|0x00000000eea00000, 0x00000000eea00000, 0x00000000eeb00000|  0%| F|  |TAMS 0x00000000eea00000, 0x00000000eea00000| Untracked 
| 235|0x00000000eeb00000, 0x00000000eeb80800, 0x00000000eec00000| 50%| E|  |TAMS 0x00000000eeb00000, 0x00000000eeb00000| Complete 
| 236|0x00000000eec00000, 0x00000000eed00000, 0x00000000eed00000|100%| E|CS|TAMS 0x00000000eec00000, 0x00000000eec00000| Complete 
| 237|0x00000000eed00000, 0x00000000eee00000, 0x00000000eee00000|100%| E|CS|TAMS 0x00000000eed00000, 0x00000000eed00000| Complete 
| 238|0x00000000eee00000, 0x00000000eef00000, 0x00000000eef00000|100%| E|CS|TAMS 0x00000000eee00000, 0x00000000eee00000| Complete 
| 239|0x00000000eef00000, 0x00000000ef000000, 0x00000000ef000000|100%| E|CS|TAMS 0x00000000eef00000, 0x00000000eef00000| Complete 
| 240|0x00000000ef000000, 0x00000000ef100000, 0x00000000ef100000|100%| E|CS|TAMS 0x00000000ef000000, 0x00000000ef000000| Complete 
| 241|0x00000000ef100000, 0x00000000ef200000, 0x00000000ef200000|100%| E|CS|TAMS 0x00000000ef100000, 0x00000000ef100000| Complete 
| 242|0x00000000ef200000, 0x00000000ef300000, 0x00000000ef300000|100%| E|CS|TAMS 0x00000000ef200000, 0x00000000ef200000| Complete 
| 243|0x00000000ef300000, 0x00000000ef400000, 0x00000000ef400000|100%| E|CS|TAMS 0x00000000ef300000, 0x00000000ef300000| Complete 
| 244|0x00000000ef400000, 0x00000000ef500000, 0x00000000ef500000|100%| E|CS|TAMS 0x00000000ef400000, 0x00000000ef400000| Complete 
| 245|0x00000000ef500000, 0x00000000ef600000, 0x00000000ef600000|100%| E|CS|TAMS 0x00000000ef500000, 0x00000000ef500000| Complete 
| 246|0x00000000ef600000, 0x00000000ef700000, 0x00000000ef700000|100%| E|CS|TAMS 0x00000000ef600000, 0x00000000ef600000| Complete 
| 247|0x00000000ef700000, 0x00000000ef800000, 0x00000000ef800000|100%| E|CS|TAMS 0x00000000ef700000, 0x00000000ef700000| Complete 
| 248|0x00000000ef800000, 0x00000000ef900000, 0x00000000ef900000|100%| E|CS|TAMS 0x00000000ef800000, 0x00000000ef800000| Complete 
| 249|0x00000000ef900000, 0x00000000efa00000, 0x00000000efa00000|100%| E|CS|TAMS 0x00000000ef900000, 0x00000000ef900000| Complete 
| 250|0x00000000efa00000, 0x00000000efb00000, 0x00000000efb00000|100%| E|CS|TAMS 0x00000000efa00000, 0x00000000efa00000| Complete 
| 251|0x00000000efb00000, 0x00000000efc00000, 0x00000000efc00000|100%| E|CS|TAMS 0x00000000efb00000, 0x00000000efb00000| Complete 
| 252|0x00000000efc00000, 0x00000000efd00000, 0x00000000efd00000|100%| E|CS|TAMS 0x00000000efc00000, 0x00000000efc00000| Complete 
| 253|0x00000000efd00000, 0x00000000efe00000, 0x00000000efe00000|100%| E|CS|TAMS 0x00000000efd00000, 0x00000000efd00000| Complete 
| 254|0x00000000efe00000, 0x00000000eff00000, 0x00000000eff00000|100%| E|CS|TAMS 0x00000000efe00000, 0x00000000efe00000| Complete 
| 255|0x00000000eff00000, 0x00000000f0000000, 0x00000000f0000000|100%| E|CS|TAMS 0x00000000eff00000, 0x00000000eff00000| Complete 

Card table byte_map: [0x00000166ae5b0000,0x00000166ae6b0000] _byte_map_base: 0x00000166adeb0000

Marking Bits (Prev, Next): (CMBitMap*) 0x0000016699aac3c0, (CMBitMap*) 0x0000016699aac380
 Prev Bits: [0x00000166aefb0000, 0x00000166af7b0000)
 Next Bits: [0x00000166ae7b0000, 0x00000166aefb0000)

Polling page: 0x0000016699b30000

Metaspace:

Usage:
  Non-class:     65.34 MB used.
      Class:      9.73 MB used.
       Both:     75.07 MB used.

Virtual space:
  Non-class space:      128.00 MB reserved,      65.81 MB ( 51%) committed,  2 nodes.
      Class space:      320.00 MB reserved,      10.19 MB (  3%) committed,  1 nodes.
             Both:      448.00 MB reserved,      76.00 MB ( 17%) committed. 

Chunk freelists:
   Non-Class:  13.38 MB
       Class:  5.72 MB
        Both:  19.10 MB

MaxMetaspaceSize: 384.00 MB
CompressedClassSpaceSize: 320.00 MB
Initial GC threshold: 21.00 MB
Current GC threshold: 126.56 MB
CDS: off
MetaspaceReclaimPolicy: balanced
 - commit_granule_bytes: 65536.
 - commit_granule_words: 8192.
 - virtual_space_node_default_size: 8388608.
 - enlarge_chunks_in_place: 1.
 - new_chunks_are_fully_committed: 0.
 - uncommit_free_chunks: 1.
 - use_allocation_guard: 0.
 - handle_deallocations: 1.


Internal statistics:

num_allocs_failed_limit: 9.
num_arena_births: 1272.
num_arena_deaths: 114.
num_vsnodes_births: 3.
num_vsnodes_deaths: 0.
num_space_committed: 1216.
num_space_uncommitted: 0.
num_chunks_returned_to_freelist: 134.
num_chunks_taken_from_freelist: 4199.
num_chunk_merges: 41.
num_chunk_splits: 2489.
num_chunks_enlarged: 1374.
num_inconsistent_stats: 0.

CodeHeap 'non-profiled nmethods': size=120000Kb used=12542Kb max_used=12542Kb free=107457Kb
 bounds [0x00000166a6510000, 0x00000166a7150000, 0x00000166ada40000]
CodeHeap 'profiled nmethods': size=120000Kb used=25980Kb max_used=27914Kb free=94019Kb
 bounds [0x000001669ea40000, 0x00000166a0590000, 0x00000166a5f70000]
CodeHeap 'non-nmethods': size=5760Kb used=2376Kb max_used=2463Kb free=3383Kb
 bounds [0x00000166a5f70000, 0x00000166a61f0000, 0x00000166a6510000]
 total_blobs=15072 nmethods=14169 adapters=814
 compilation: enabled
              stopped_count=0, restarted_count=0
 full_count=0

Compilation events (20 events):
Event: 19282.895 Thread 0x00000166bc307f80 19210       4       java.lang.String::<init> (13 bytes)
Event: 19282.917 Thread 0x00000166bc307f80 nmethod 19210 0x00000166a7142690 code [0x00000166a71428a0, 0x00000166a71430e0]
Event: 19282.988 Thread 0x00000166b2415030 19211   !   3       java.util.AbstractSet::equals (45 bytes)
Event: 19282.989 Thread 0x00000166b2415030 nmethod 19211 0x000001669fb02410 code [0x000001669fb02600, 0x000001669fb02ce8]
Event: 19282.989 Thread 0x00000166b2413710 19212       4       org.gradle.api.internal.collections.AbstractIterationOrderRetainingElementSource::estimatedSize (5 bytes)
Event: 19282.998 Thread 0x00000166b2413710 nmethod 19212 0x00000166a7143590 code [0x00000166a7143720, 0x00000166a7143998]
Event: 19283.007 Thread 0x00000166b2413710 19213       4       java.util.stream.AbstractPipeline::spliterator (116 bytes)
Event: 19283.008 Thread 0x00000166bc307f80 19214       4       org.gradle.api.internal.CompositeDomainObjectSet$DomainObjectCompositeCollection::isEmpty (45 bytes)
Event: 19283.014 Thread 0x00000166b2413710 nmethod 19213 0x00000166a7143d10 code [0x00000166a7143ec0, 0x00000166a71441d8]
Event: 19283.024 Thread 0x00000166bc307f80 nmethod 19214 0x00000166a7144410 code [0x00000166a71445c0, 0x00000166a7144978]
Event: 19283.136 Thread 0x00000166bc307f80 19215       4       org.gradle.api.internal.artifacts.ivyservice.resolveengine.graph.builder.ModuleResolveState::maybeUpdateSelection (119 bytes)
Event: 19283.136 Thread 0x00000166b2413710 19216       4       org.gradle.api.internal.artifacts.ivyservice.resolveengine.graph.selectors.SelectorStateResolver::selectBest (193 bytes)
Event: 19283.190 Thread 0x00000166b2415030 19220       1       org.gradle.internal.component.local.model.PublishArtifactLocalArtifactMetadata::getName (5 bytes)
Event: 19283.190 Thread 0x00000166b2415030 nmethod 19220 0x00000166a7144e90 code [0x00000166a7145020, 0x00000166a71450f8]
Event: 19283.490 Thread 0x00000166b2415030 19222       3       io.spring.gradle.dependencymanagement.internal.maven.ConfigurationModelResolver::resolveModel (87 bytes)
Event: 19283.493 Thread 0x00000166b2415030 nmethod 19222 0x000001669f679b90 code [0x000001669f679e40, 0x000001669f67a938]
Event: 19283.733 Thread 0x00000166b2413710 nmethod 19216 0x00000166a7145190 code [0x00000166a7145660, 0x00000166a714a318]
Event: 19283.733 Thread 0x00000166b2413710 19221       4       org.gradle.api.internal.artifacts.result.DefaultResolvedComponentResult::eachElement (89 bytes)
Event: 19283.774 Thread 0x00000166b2413710 nmethod 19221 0x00000166a714db90 code [0x00000166a714de20, 0x00000166a714e990]
Event: 19283.774 Thread 0x00000166b2413710 19217       4       org.gradle.api.internal.artifacts.ivyservice.resolveengine.graph.selectors.SelectorStateResolver::resolveSelectors (71 bytes)

GC Heap History (20 events):
Event: 10833.714 GC heap before
{Heap before GC invocations=41 (full 0):
 garbage-first heap   total 262144K, used 189699K [0x00000000e0000000, 0x0000000100000000)
  region size 1024K, 91 young (93184K), 5 survivors (5120K)
 Metaspace       used 76624K, committed 77760K, reserved 458752K
  class space    used 9957K, committed 10432K, reserved 327680K
}
Event: 10833.727 GC heap after
{Heap after GC invocations=42 (full 0):
 garbage-first heap   total 262144K, used 112906K [0x00000000e0000000, 0x0000000100000000)
  region size 1024K, 12 young (12288K), 12 survivors (12288K)
 Metaspace       used 76624K, committed 77760K, reserved 458752K
  class space    used 9957K, committed 10432K, reserved 327680K
}
Event: 10833.730 GC heap before
{Heap before GC invocations=42 (full 0):
 garbage-first heap   total 262144K, used 113930K [0x00000000e0000000, 0x0000000100000000)
  region size 1024K, 13 young (13312K), 12 survivors (12288K)
 Metaspace       used 76624K, committed 77760K, reserved 458752K
  class space    used 9957K, committed 10432K, reserved 327680K
}
Event: 10833.739 GC heap after
{Heap after GC invocations=43 (full 0):
 garbage-first heap   total 262144K, used 89463K [0x00000000e0000000, 0x0000000100000000)
  region size 1024K, 2 young (2048K), 2 survivors (2048K)
 Metaspace       used 76624K, committed 77760K, reserved 458752K
  class space    used 9957K, committed 10432K, reserved 327680K
}
Event: 10833.802 GC heap before
{Heap before GC invocations=43 (full 0):
 garbage-first heap   total 262144K, used 98679K [0x00000000e0000000, 0x0000000100000000)
  region size 1024K, 12 young (12288K), 2 survivors (2048K)
 Metaspace       used 76624K, committed 77760K, reserved 458752K
  class space    used 9957K, committed 10432K, reserved 327680K
}
Event: 10833.804 GC heap after
{Heap after GC invocations=44 (full 0):
 garbage-first heap   total 262144K, used 89693K [0x00000000e0000000, 0x0000000100000000)
  region size 1024K, 2 young (2048K), 2 survivors (2048K)
 Metaspace       used 76624K, committed 77760K, reserved 458752K
  class space    used 9957K, committed 10432K, reserved 327680K
}
Event: 10834.445 GC heap before
{Heap before GC invocations=44 (full 0):
 garbage-first heap   total 262144K, used 200285K [0x00000000e0000000, 0x0000000100000000)
  region size 1024K, 111 young (113664K), 2 survivors (2048K)
 Metaspace       used 76651K, committed 77760K, reserved 458752K
  class space    used 9958K, committed 10432K, reserved 327680K
}
Event: 10834.455 GC heap after
{Heap after GC invocations=45 (full 0):
 garbage-first heap   total 262144K, used 98353K [0x00000000e0000000, 0x0000000100000000)
  region size 1024K, 10 young (10240K), 10 survivors (10240K)
 Metaspace       used 76651K, committed 77760K, reserved 458752K
  class space    used 9958K, committed 10432K, reserved 327680K
}
Event: 12637.421 GC heap before
{Heap before GC invocations=45 (full 0):
 garbage-first heap   total 262144K, used 204849K [0x00000000e0000000, 0x0000000100000000)
  region size 1024K, 114 young (116736K), 10 survivors (10240K)
 Metaspace       used 76665K, committed 77760K, reserved 458752K
  class space    used 9960K, committed 10432K, reserved 327680K
}
Event: 12637.431 GC heap after
{Heap after GC invocations=46 (full 0):
 garbage-first heap   total 262144K, used 97665K [0x00000000e0000000, 0x0000000100000000)
  region size 1024K, 2 young (2048K), 2 survivors (2048K)
 Metaspace       used 76665K, committed 77760K, reserved 458752K
  class space    used 9960K, committed 10432K, reserved 327680K
}
Event: 19068.439 GC heap before
{Heap before GC invocations=46 (full 0):
 garbage-first heap   total 262144K, used 209281K [0x00000000e0000000, 0x0000000100000000)
  region size 1024K, 111 young (113664K), 2 survivors (2048K)
 Metaspace       used 76666K, committed 77760K, reserved 458752K
  class space    used 9961K, committed 10432K, reserved 327680K
}
Event: 19068.443 GC heap after
{Heap after GC invocations=47 (full 0):
 garbage-first heap   total 262144K, used 96757K [0x00000000e0000000, 0x0000000100000000)
  region size 1024K, 1 young (1024K), 1 survivors (1024K)
 Metaspace       used 76666K, committed 77760K, reserved 458752K
  class space    used 9961K, committed 10432K, reserved 327680K
}
Event: 19261.516 GC heap before
{Heap before GC invocations=47 (full 0):
 garbage-first heap   total 262144K, used 213493K [0x00000000e0000000, 0x0000000100000000)
  region size 1024K, 116 young (118784K), 1 survivors (1024K)
 Metaspace       used 76754K, committed 77760K, reserved 458752K
  class space    used 9962K, committed 10432K, reserved 327680K
}
Event: 19261.538 GC heap after
{Heap after GC invocations=48 (full 0):
 garbage-first heap   total 262144K, used 110396K [0x00000000e0000000, 0x0000000100000000)
  region size 1024K, 14 young (14336K), 14 survivors (14336K)
 Metaspace       used 76754K, committed 77760K, reserved 458752K
  class space    used 9962K, committed 10432K, reserved 327680K
}
Event: 19262.347 GC heap before
{Heap before GC invocations=48 (full 0):
 garbage-first heap   total 262144K, used 211772K [0x00000000e0000000, 0x0000000100000000)
  region size 1024K, 114 young (116736K), 14 survivors (14336K)
 Metaspace       used 76771K, committed 77760K, reserved 458752K
  class space    used 9962K, committed 10432K, reserved 327680K
}
Event: 19262.375 GC heap after
{Heap after GC invocations=49 (full 0):
 garbage-first heap   total 262144K, used 112535K [0x00000000e0000000, 0x0000000100000000)
  region size 1024K, 6 young (6144K), 6 survivors (6144K)
 Metaspace       used 76771K, committed 77760K, reserved 458752K
  class space    used 9962K, committed 10432K, reserved 327680K
}
Event: 19281.231 GC heap before
{Heap before GC invocations=49 (full 0):
 garbage-first heap   total 262144K, used 212887K [0x00000000e0000000, 0x0000000100000000)
  region size 1024K, 105 young (107520K), 6 survivors (6144K)
 Metaspace       used 76866K, committed 77824K, reserved 458752K
  class space    used 9963K, committed 10432K, reserved 327680K
}
Event: 19281.239 GC heap after
{Heap after GC invocations=50 (full 0):
 garbage-first heap   total 262144K, used 115962K [0x00000000e0000000, 0x0000000100000000)
  region size 1024K, 9 young (9216K), 9 survivors (9216K)
 Metaspace       used 76866K, committed 77824K, reserved 458752K
  class space    used 9963K, committed 10432K, reserved 327680K
}
Event: 19282.307 GC heap before
{Heap before GC invocations=50 (full 0):
 garbage-first heap   total 262144K, used 213242K [0x00000000e0000000, 0x0000000100000000)
  region size 1024K, 105 young (107520K), 9 survivors (9216K)
 Metaspace       used 76866K, committed 77824K, reserved 458752K
  class space    used 9963K, committed 10432K, reserved 327680K
}
Event: 19282.325 GC heap after
{Heap after GC invocations=51 (full 0):
 garbage-first heap   total 262144K, used 125624K [0x00000000e0000000, 0x0000000100000000)
  region size 1024K, 14 young (14336K), 14 survivors (14336K)
 Metaspace       used 76866K, committed 77824K, reserved 458752K
  class space    used 9963K, committed 10432K, reserved 327680K
}

Dll operation events (4 events):
Event: 0.018 Loaded shared library C:\Users\mihai\.jdks\jbr-17.0.8\bin\java.dll
Event: 0.061 Loaded shared library C:\Users\mihai\.jdks\jbr-17.0.8\bin\jsvml.dll
Event: 0.245 Loaded shared library C:\Users\mihai\.jdks\jbr-17.0.8\bin\zip.dll
Event: 0.761 Loaded shared library C:\Users\mihai\.jdks\jbr-17.0.8\bin\verify.dll

Deoptimization events (20 events):
Event: 19260.853 Thread 0x00000166bb62c3a0 Uncommon trap: trap_request=0xffffffc6 fr.pc=0x00000166a7024920 relative=0x0000000000006520
Event: 19260.853 Thread 0x00000166bb62c3a0 Uncommon trap: reason=bimorphic_or_optimized_type_check action=maybe_recompile pc=0x00000166a7024920 method=java.util.regex.Matcher.search(I)Z @ 121 c2
Event: 19260.853 Thread 0x00000166bb62c3a0 DEOPT PACKING pc=0x00000166a7024920 sp=0x00000045e08fad10
Event: 19260.853 Thread 0x00000166bb62c3a0 DEOPT UNPACKING pc=0x00000166a5fc69a3 sp=0x00000045e08fab00 mode 2
Event: 19261.827 Thread 0x00000166bb62c3a0 Uncommon trap: trap_request=0xffffffbe fr.pc=0x00000166a70c4194 relative=0x00000000000033d4
Event: 19261.828 Thread 0x00000166bb62c3a0 Uncommon trap: reason=profile_predicate action=maybe_recompile pc=0x00000166a70c4194 method=org.gradle.api.internal.artifacts.ivyservice.resolveengine.graph.builder.NodeState.cacheDependencyStates(Ljava/util/List;)Ljava/util/List; @ 36 c2
Event: 19261.828 Thread 0x00000166bb62c3a0 DEOPT PACKING pc=0x00000166a70c4194 sp=0x00000045e08fb680
Event: 19261.828 Thread 0x00000166bb62c3a0 DEOPT UNPACKING pc=0x00000166a5fc69a3 sp=0x00000045e08fb630 mode 2
Event: 19261.829 Thread 0x00000166bb62c3a0 Uncommon trap: trap_request=0xffffffbe fr.pc=0x00000166a70c4194 relative=0x00000000000033d4
Event: 19261.829 Thread 0x00000166bb62c3a0 Uncommon trap: reason=profile_predicate action=maybe_recompile pc=0x00000166a70c4194 method=org.gradle.api.internal.artifacts.ivyservice.resolveengine.graph.builder.NodeState.cacheDependencyStates(Ljava/util/List;)Ljava/util/List; @ 36 c2
Event: 19261.829 Thread 0x00000166bb62c3a0 DEOPT PACKING pc=0x00000166a70c4194 sp=0x00000045e08fb680
Event: 19261.829 Thread 0x00000166bb62c3a0 DEOPT UNPACKING pc=0x00000166a5fc69a3 sp=0x00000045e08fb630 mode 2
Event: 19261.830 Thread 0x00000166bb62c3a0 Uncommon trap: trap_request=0xffffffbe fr.pc=0x00000166a70c4194 relative=0x00000000000033d4
Event: 19261.830 Thread 0x00000166bb62c3a0 Uncommon trap: reason=profile_predicate action=maybe_recompile pc=0x00000166a70c4194 method=org.gradle.api.internal.artifacts.ivyservice.resolveengine.graph.builder.NodeState.cacheDependencyStates(Ljava/util/List;)Ljava/util/List; @ 36 c2
Event: 19261.830 Thread 0x00000166bb62c3a0 DEOPT PACKING pc=0x00000166a70c4194 sp=0x00000045e08fb680
Event: 19261.830 Thread 0x00000166bb62c3a0 DEOPT UNPACKING pc=0x00000166a5fc69a3 sp=0x00000045e08fb630 mode 2
Event: 19261.830 Thread 0x00000166bb62c3a0 Uncommon trap: trap_request=0xffffffbe fr.pc=0x00000166a70c4194 relative=0x00000000000033d4
Event: 19261.830 Thread 0x00000166bb62c3a0 Uncommon trap: reason=profile_predicate action=maybe_recompile pc=0x00000166a70c4194 method=org.gradle.api.internal.artifacts.ivyservice.resolveengine.graph.builder.NodeState.cacheDependencyStates(Ljava/util/List;)Ljava/util/List; @ 36 c2
Event: 19261.830 Thread 0x00000166bb62c3a0 DEOPT PACKING pc=0x00000166a70c4194 sp=0x00000045e08fb680
Event: 19261.830 Thread 0x00000166bb62c3a0 DEOPT UNPACKING pc=0x00000166a5fc69a3 sp=0x00000045e08fb630 mode 2

Classes unloaded (20 events):
Event: 10832.980 Thread 0x00000166b23c0c30 Unloading class 0x00000001002b8800 'java/lang/invoke/LambdaForm$MH+0x00000001002b8800'
Event: 10832.980 Thread 0x00000166b23c0c30 Unloading class 0x00000001002b8400 'java/lang/invoke/LambdaForm$BMH+0x00000001002b8400'
Event: 10832.980 Thread 0x00000166b23c0c30 Unloading class 0x0000000100204800 'java/lang/invoke/LambdaForm$DMH+0x0000000100204800'
Event: 10832.980 Thread 0x00000166b23c0c30 Unloading class 0x0000000100204000 'java/lang/invoke/LambdaForm$DMH+0x0000000100204000'
Event: 10832.980 Thread 0x00000166b23c0c30 Unloading class 0x00000001001bd800 'java/lang/invoke/LambdaForm$MH+0x00000001001bd800'
Event: 10832.980 Thread 0x00000166b23c0c30 Unloading class 0x00000001001bd400 'java/lang/invoke/LambdaForm$MH+0x00000001001bd400'
Event: 10832.980 Thread 0x00000166b23c0c30 Unloading class 0x00000001001bd000 'java/lang/invoke/LambdaForm$MH+0x00000001001bd000'
Event: 10832.980 Thread 0x00000166b23c0c30 Unloading class 0x00000001001bcc00 'java/lang/invoke/LambdaForm$MH+0x00000001001bcc00'
Event: 10832.980 Thread 0x00000166b23c0c30 Unloading class 0x00000001001bc800 'java/lang/invoke/LambdaForm$MH+0x00000001001bc800'
Event: 10832.980 Thread 0x00000166b23c0c30 Unloading class 0x00000001001bc400 'java/lang/invoke/LambdaForm$MH+0x00000001001bc400'
Event: 10832.980 Thread 0x00000166b23c0c30 Unloading class 0x00000001001bc000 'java/lang/invoke/LambdaForm$MH+0x00000001001bc000'
Event: 10832.980 Thread 0x00000166b23c0c30 Unloading class 0x0000000100198800 'java/lang/invoke/LambdaForm$MH+0x0000000100198800'
Event: 10832.980 Thread 0x00000166b23c0c30 Unloading class 0x0000000100198000 'java/lang/invoke/LambdaForm$MH+0x0000000100198000'
Event: 10832.980 Thread 0x00000166b23c0c30 Unloading class 0x0000000100195c00 'java/lang/invoke/LambdaForm$MH+0x0000000100195c00'
Event: 10832.980 Thread 0x00000166b23c0c30 Unloading class 0x0000000100195800 'java/lang/invoke/LambdaForm$MH+0x0000000100195800'
Event: 10832.980 Thread 0x00000166b23c0c30 Unloading class 0x0000000100195400 'java/lang/invoke/LambdaForm$MH+0x0000000100195400'
Event: 10832.980 Thread 0x00000166b23c0c30 Unloading class 0x0000000100194c00 'java/lang/invoke/LambdaForm$MH+0x0000000100194c00'
Event: 10832.981 Thread 0x00000166b23c0c30 Unloading class 0x00000001000eac00 'java/lang/invoke/LambdaForm$MH+0x00000001000eac00'
Event: 10832.981 Thread 0x00000166b23c0c30 Unloading class 0x00000001000ea800 'java/lang/invoke/LambdaForm$MH+0x00000001000ea800'
Event: 10832.981 Thread 0x00000166b23c0c30 Unloading class 0x00000001000e8400 'java/lang/invoke/LambdaForm$MH+0x00000001000e8400'

Classes redefined (0 events):
No events

Internal exceptions (20 events):
Event: 19280.437 Thread 0x00000166ba74b8a0 Exception <a 'sun/nio/fs/WindowsException'{0x00000000eaf4f270}> (0x00000000eaf4f270) 
thrown [s\src\hotspot\share\prims\jni.cpp, line 517]
Event: 19280.438 Thread 0x00000166ba74b8a0 Exception <a 'sun/nio/fs/WindowsException'{0x00000000eaf50700}> (0x00000000eaf50700) 
thrown [s\src\hotspot\share\prims\jni.cpp, line 517]
Event: 19280.631 Thread 0x00000166ba74b8a0 Exception <a 'java/lang/NoClassDefFoundError'{0x00000000eab9dee0}: org/jetbrains/kotlin/gradle/plugin/KotlinPluginWrapper> (0x00000000eab9dee0) 
thrown [s\src\hotspot\share\oops\constantPool.cpp, line 835]
Event: 19280.631 Thread 0x00000166ba74b8a0 Exception <a 'java/lang/NoClassDefFoundError'{0x00000000eaba0528}: org/graalvm/buildtools/gradle/NativeImagePlugin> (0x00000000eaba0528) 
thrown [s\src\hotspot\share\oops\constantPool.cpp, line 835]
Event: 19280.682 Thread 0x00000166ba74b8a0 Exception <a 'java/lang/NoClassDefFoundError'{0x00000000eaa6ce58}: org/jetbrains/kotlin/gradle/plugin/KotlinPluginWrapper> (0x00000000eaa6ce58) 
thrown [s\src\hotspot\share\oops\constantPool.cpp, line 835]
Event: 19280.683 Thread 0x00000166ba74b8a0 Exception <a 'java/lang/NoClassDefFoundError'{0x00000000eaa6f4a0}: org/graalvm/buildtools/gradle/NativeImagePlugin> (0x00000000eaa6f4a0) 
thrown [s\src\hotspot\share\oops\constantPool.cpp, line 835]
Event: 19280.733 Thread 0x00000166ba74b8a0 Exception <a 'java/lang/NoClassDefFoundError'{0x00000000ea93d688}: org/jetbrains/kotlin/gradle/plugin/KotlinPluginWrapper> (0x00000000ea93d688) 
thrown [s\src\hotspot\share\oops\constantPool.cpp, line 835]
Event: 19280.733 Thread 0x00000166ba74b8a0 Exception <a 'java/lang/NoClassDefFoundError'{0x00000000ea93fcd0}: org/graalvm/buildtools/gradle/NativeImagePlugin> (0x00000000ea93fcd0) 
thrown [s\src\hotspot\share\oops\constantPool.cpp, line 835]
Event: 19280.755 Thread 0x00000166ba74b8a0 Exception <a 'java/lang/NoClassDefFoundError'{0x00000000ea811dd8}: org/jetbrains/kotlin/gradle/plugin/KotlinPluginWrapper> (0x00000000ea811dd8) 
thrown [s\src\hotspot\share\oops\constantPool.cpp, line 835]
Event: 19280.756 Thread 0x00000166ba74b8a0 Exception <a 'java/lang/NoClassDefFoundError'{0x00000000ea814420}: org/graalvm/buildtools/gradle/NativeImagePlugin> (0x00000000ea814420) 
thrown [s\src\hotspot\share\oops\constantPool.cpp, line 835]
Event: 19280.781 Thread 0x00000166ba74b8a0 Exception <a 'java/lang/NoClassDefFoundError'{0x00000000ea8e7240}: org/jetbrains/kotlin/gradle/plugin/KotlinPluginWrapper> (0x00000000ea8e7240) 
thrown [s\src\hotspot\share\oops\constantPool.cpp, line 835]
Event: 19280.781 Thread 0x00000166ba74b8a0 Exception <a 'java/lang/NoClassDefFoundError'{0x00000000ea8e9888}: org/graalvm/buildtools/gradle/NativeImagePlugin> (0x00000000ea8e9888) 
thrown [s\src\hotspot\share\oops\constantPool.cpp, line 835]
Event: 19280.816 Thread 0x00000166ba74b8a0 Exception <a 'java/lang/NoClassDefFoundError'{0x00000000ea7c3d70}: org/jetbrains/kotlin/gradle/plugin/KotlinPluginWrapper> (0x00000000ea7c3d70) 
thrown [s\src\hotspot\share\oops\constantPool.cpp, line 835]
Event: 19280.816 Thread 0x00000166ba74b8a0 Exception <a 'java/lang/NoClassDefFoundError'{0x00000000ea7c63b8}: org/graalvm/buildtools/gradle/NativeImagePlugin> (0x00000000ea7c63b8) 
thrown [s\src\hotspot\share\oops\constantPool.cpp, line 835]
Event: 19280.832 Thread 0x00000166ba74b8a0 Exception <a 'java/lang/NoClassDefFoundError'{0x00000000ea693e48}: org/jetbrains/kotlin/gradle/plugin/KotlinPluginWrapper> (0x00000000ea693e48) 
thrown [s\src\hotspot\share\oops\constantPool.cpp, line 835]
Event: 19280.833 Thread 0x00000166ba74b8a0 Exception <a 'java/lang/NoClassDefFoundError'{0x00000000ea696490}: org/graalvm/buildtools/gradle/NativeImagePlugin> (0x00000000ea696490) 
thrown [s\src\hotspot\share\oops\constantPool.cpp, line 835]
Event: 19280.864 Thread 0x00000166ba74b8a0 Exception <a 'java/lang/NoClassDefFoundError'{0x00000000ea56b9a8}: org/jetbrains/kotlin/gradle/plugin/KotlinPluginWrapper> (0x00000000ea56b9a8) 
thrown [s\src\hotspot\share\oops\constantPool.cpp, line 835]
Event: 19280.864 Thread 0x00000166ba74b8a0 Exception <a 'java/lang/NoClassDefFoundError'{0x00000000ea56dff0}: org/graalvm/buildtools/gradle/NativeImagePlugin> (0x00000000ea56dff0) 
thrown [s\src\hotspot\share\oops\constantPool.cpp, line 835]
Event: 19280.986 Thread 0x00000166ba74b8a0 Exception <a 'java/lang/NoClassDefFoundError'{0x00000000ea440c88}: org/jetbrains/kotlin/gradle/plugin/KotlinPluginWrapper> (0x00000000ea440c88) 
thrown [s\src\hotspot\share\oops\constantPool.cpp, line 835]
Event: 19280.986 Thread 0x00000166ba74b8a0 Exception <a 'java/lang/NoClassDefFoundError'{0x00000000ea4432d0}: org/graalvm/buildtools/gradle/NativeImagePlugin> (0x00000000ea4432d0) 
thrown [s\src\hotspot\share\oops\constantPool.cpp, line 835]

VM Operations (20 events):
Event: 19261.925 Executing VM operation: HandshakeAllThreads
Event: 19261.926 Executing VM operation: HandshakeAllThreads done
Event: 19262.196 Executing VM operation: HandshakeAllThreads
Event: 19262.196 Executing VM operation: HandshakeAllThreads done
Event: 19262.253 Executing VM operation: HandshakeAllThreads
Event: 19262.253 Executing VM operation: HandshakeAllThreads done
Event: 19262.346 Executing VM operation: G1CollectForAllocation
Event: 19262.375 Executing VM operation: G1CollectForAllocation done
Event: 19263.387 Executing VM operation: Cleanup
Event: 19263.387 Executing VM operation: Cleanup done
Event: 19280.523 Executing VM operation: Cleanup
Event: 19280.523 Executing VM operation: Cleanup done
Event: 19281.231 Executing VM operation: G1CollectForAllocation
Event: 19281.239 Executing VM operation: G1CollectForAllocation done
Event: 19282.248 Executing VM operation: Cleanup
Event: 19282.248 Executing VM operation: Cleanup done
Event: 19282.307 Executing VM operation: G1CollectForAllocation
Event: 19282.325 Executing VM operation: G1CollectForAllocation done
Event: 19283.330 Executing VM operation: Cleanup
Event: 19283.331 Executing VM operation: Cleanup done

Events (20 events):
Event: 19281.514 Thread 0x00000166ba65ee70 Thread added: 0x00000166ba65ee70
Event: 19281.517 Thread 0x00000166ba65f380 Thread added: 0x00000166ba65f380
Event: 19281.521 Thread 0x00000166ba65fda0 Thread added: 0x00000166ba65fda0
Event: 19281.525 Thread 0x00000166ba6616f0 Thread added: 0x00000166ba6616f0
Event: 19281.531 Thread 0x00000166ba65f890 Thread added: 0x00000166ba65f890
Event: 19281.535 Thread 0x00000166ba661c00 Thread added: 0x00000166ba661c00
Event: 19281.538 Thread 0x00000166ba6602b0 Thread added: 0x00000166ba6602b0
Event: 19281.543 Thread 0x00000166ba6607c0 Thread added: 0x00000166ba6607c0
Event: 19281.548 Thread 0x00000166ba662110 Thread added: 0x00000166ba662110
Event: 19281.553 Thread 0x00000166ba1e12f0 Thread added: 0x00000166ba1e12f0
Event: 19281.557 Thread 0x00000166ba1e3150 Thread added: 0x00000166ba1e3150
Event: 19281.563 Thread 0x00000166ba1e2220 Thread added: 0x00000166ba1e2220
Event: 19281.567 Thread 0x00000166ba1e2730 Thread added: 0x00000166ba1e2730
Event: 19281.571 Thread 0x00000166ba1e3660 Thread added: 0x00000166ba1e3660
Event: 19281.575 Thread 0x00000166ba1e3b70 Thread added: 0x00000166ba1e3b70
Event: 19281.762 Thread 0x00000166ba1e03c0 Thread added: 0x00000166ba1e03c0
Event: 19281.767 Thread 0x00000166bb8fa7d0 Thread added: 0x00000166bb8fa7d0
Event: 19281.801 Thread 0x00000166ba34cd70 Thread added: 0x00000166ba34cd70
Event: 19281.854 Thread 0x00000166ba34b420 Thread added: 0x00000166ba34b420
Event: 19282.555 Thread 0x00000166bc307f80 Thread added: 0x00000166bc307f80


Dynamic libraries:
0x00007ff779f60000 - 0x00007ff779f6a000 	C:\Users\mihai\.jdks\jbr-17.0.8\bin\java.exe
0x00007ff98e970000 - 0x00007ff98eb86000 	C:\Windows\SYSTEM32\ntdll.dll
0x00007ff98d300000 - 0x00007ff98d3c4000 	C:\Windows\System32\KERNEL32.DLL
0x00007ff98c230000 - 0x00007ff98c5d6000 	C:\Windows\System32\KERNELBASE.dll
0x00007ff98bf30000 - 0x00007ff98c041000 	C:\Windows\System32\ucrtbase.dll
0x00007ff949e70000 - 0x00007ff949e8b000 	C:\Users\mihai\.jdks\jbr-17.0.8\bin\VCRUNTIME140.dll
0x00007ff94bbc0000 - 0x00007ff94bbd7000 	C:\Users\mihai\.jdks\jbr-17.0.8\bin\jli.dll
0x00007ff98deb0000 - 0x00007ff98e05d000 	C:\Windows\System32\USER32.dll
0x00007ff9776b0000 - 0x00007ff977943000 	C:\Windows\WinSxS\amd64_microsoft.windows.common-controls_6595b64144ccf1df_6.0.22621.3235_none_270f74e173860f98\COMCTL32.dll
0x00007ff98c610000 - 0x00007ff98c636000 	C:\Windows\System32\win32u.dll
0x00007ff98e590000 - 0x00007ff98e637000 	C:\Windows\System32\msvcrt.dll
0x00007ff98e640000 - 0x00007ff98e669000 	C:\Windows\System32\GDI32.dll
0x00007ff98bd50000 - 0x00007ff98be68000 	C:\Windows\System32\gdi32full.dll
0x00007ff98bcb0000 - 0x00007ff98bd4a000 	C:\Windows\System32\msvcp_win.dll
0x00007ff98e790000 - 0x00007ff98e7c1000 	C:\Windows\System32\IMM32.DLL
0x00007ff96fd20000 - 0x00007ff96fd2c000 	C:\Users\mihai\.jdks\jbr-17.0.8\bin\vcruntime140_1.dll
0x00007ff94bf00000 - 0x00007ff94bf8d000 	C:\Users\mihai\.jdks\jbr-17.0.8\bin\msvcp140.dll
0x00007ff927d20000 - 0x00007ff9289a3000 	C:\Users\mihai\.jdks\jbr-17.0.8\bin\server\jvm.dll
0x00007ff98ddf0000 - 0x00007ff98dea2000 	C:\Windows\System32\ADVAPI32.dll
0x00007ff98c890000 - 0x00007ff98c938000 	C:\Windows\System32\sechost.dll
0x00007ff98c5e0000 - 0x00007ff98c608000 	C:\Windows\System32\bcrypt.dll
0x00007ff98d460000 - 0x00007ff98d575000 	C:\Windows\System32\RPCRT4.dll
0x00007ff96a9c0000 - 0x00007ff96a9c9000 	C:\Windows\SYSTEM32\WSOCK32.dll
0x00007ff98bb80000 - 0x00007ff98bbcd000 	C:\Windows\SYSTEM32\POWRPROF.dll
0x00007ff982e70000 - 0x00007ff982ea4000 	C:\Windows\SYSTEM32\WINMM.dll
0x00007ff98e8b0000 - 0x00007ff98e921000 	C:\Windows\System32\WS2_32.dll
0x00007ff983d30000 - 0x00007ff983d3a000 	C:\Windows\SYSTEM32\VERSION.dll
0x00007ff98bb60000 - 0x00007ff98bb73000 	C:\Windows\SYSTEM32\UMPDC.dll
0x00007ff98acc0000 - 0x00007ff98acd8000 	C:\Windows\SYSTEM32\kernel.appcore.dll
0x00007ff96f590000 - 0x00007ff96f59a000 	C:\Users\mihai\.jdks\jbr-17.0.8\bin\jimage.dll
0x00007ff988ee0000 - 0x00007ff989113000 	C:\Windows\SYSTEM32\DBGHELP.DLL
0x00007ff98cc80000 - 0x00007ff98d008000 	C:\Windows\System32\combase.dll
0x00007ff98e7d0000 - 0x00007ff98e8a7000 	C:\Windows\System32\OLEAUT32.dll
0x00007ff96cf40000 - 0x00007ff96cf72000 	C:\Windows\SYSTEM32\dbgcore.DLL
0x00007ff98c640000 - 0x00007ff98c6ba000 	C:\Windows\System32\bcryptPrimitives.dll
0x00007ff988470000 - 0x00007ff98847e000 	C:\Users\mihai\.jdks\jbr-17.0.8\bin\instrument.dll
0x00007ff94a310000 - 0x00007ff94a335000 	C:\Users\mihai\.jdks\jbr-17.0.8\bin\java.dll
0x00007ff94c200000 - 0x00007ff94c218000 	C:\Users\mihai\.jdks\jbr-17.0.8\bin\zip.dll
0x00007ff9466b0000 - 0x00007ff946787000 	C:\Users\mihai\.jdks\jbr-17.0.8\bin\jsvml.dll
0x00007ff98d580000 - 0x00007ff98dddd000 	C:\Windows\System32\SHELL32.dll
0x00007ff989bc0000 - 0x00007ff98a4b8000 	C:\Windows\SYSTEM32\windows.storage.dll
0x00007ff989a80000 - 0x00007ff989bbe000 	C:\Windows\SYSTEM32\wintypes.dll
0x00007ff98d030000 - 0x00007ff98d123000 	C:\Windows\System32\SHCORE.dll
0x00007ff98e680000 - 0x00007ff98e6de000 	C:\Windows\System32\shlwapi.dll
0x00007ff98bbe0000 - 0x00007ff98bc06000 	C:\Windows\SYSTEM32\profapi.dll
0x00007ff949e10000 - 0x00007ff949e29000 	C:\Users\mihai\.jdks\jbr-17.0.8\bin\net.dll
0x00007ff983b60000 - 0x00007ff983c97000 	C:\Windows\SYSTEM32\WINHTTP.dll
0x00007ff98b170000 - 0x00007ff98b1d9000 	C:\Windows\system32\mswsock.dll
0x00007ff9499d0000 - 0x00007ff9499e6000 	C:\Users\mihai\.jdks\jbr-17.0.8\bin\nio.dll
0x00007ff984210000 - 0x00007ff984220000 	C:\Users\mihai\.jdks\jbr-17.0.8\bin\verify.dll
0x00007ff9762f0000 - 0x00007ff976317000 	C:\Users\mihai\.gradle\native\68d5fa5c4cc2d200863cafc0d521ce42e7d3e7ee720ec0a83991735586a16f82\windows-amd64\native-platform.dll
0x00007ff95d6e0000 - 0x00007ff95d824000 	C:\Users\mihai\.gradle\native\e376f236ea51e6404a007f0833ffe2c6e607c4080706a723a18a27aeea778392\windows-amd64\native-platform-file-events.dll
0x00007ff97e980000 - 0x00007ff97e989000 	C:\Users\mihai\.jdks\jbr-17.0.8\bin\management.dll
0x00007ff97e750000 - 0x00007ff97e75b000 	C:\Users\mihai\.jdks\jbr-17.0.8\bin\management_ext.dll
0x00007ff98dde0000 - 0x00007ff98dde8000 	C:\Windows\System32\PSAPI.DLL
0x00007ff98b3c0000 - 0x00007ff98b3db000 	C:\Windows\SYSTEM32\CRYPTSP.dll
0x00007ff98ac20000 - 0x00007ff98ac55000 	C:\Windows\system32\rsaenh.dll
0x00007ff98b260000 - 0x00007ff98b28c000 	C:\Windows\SYSTEM32\USERENV.dll
0x00007ff98b3e0000 - 0x00007ff98b3ec000 	C:\Windows\SYSTEM32\CRYPTBASE.dll
0x00007ff98a710000 - 0x00007ff98a73d000 	C:\Windows\SYSTEM32\IPHLPAPI.DLL
0x00007ff98d2f0000 - 0x00007ff98d2f9000 	C:\Windows\System32\NSI.dll
0x00007ff984a70000 - 0x00007ff984a89000 	C:\Windows\SYSTEM32\dhcpcsvc6.DLL
0x00007ff983d60000 - 0x00007ff983d7f000 	C:\Windows\SYSTEM32\dhcpcsvc.DLL
0x00007ff98a780000 - 0x00007ff98a879000 	C:\Windows\SYSTEM32\DNSAPI.dll
0x00007ff978f50000 - 0x00007ff978f5e000 	C:\Users\mihai\.jdks\jbr-17.0.8\bin\sunmscapi.dll
0x00007ff98c0c0000 - 0x00007ff98c226000 	C:\Windows\System32\CRYPT32.dll
0x00007ff98b580000 - 0x00007ff98b5ae000 	C:\Windows\SYSTEM32\ncrypt.dll
0x00007ff98b540000 - 0x00007ff98b577000 	C:\Windows\SYSTEM32\NTASN1.dll
0x00007ff968830000 - 0x00007ff968838000 	C:\Windows\system32\wshunix.dll
0x00007ff984c60000 - 0x00007ff984c6a000 	C:\Windows\System32\rasadhlp.dll
0x00007ff981640000 - 0x00007ff9816c3000 	C:\Windows\System32\fwpuclnt.dll

dbghelp: loaded successfully - version: 4.0.5 - missing functions: none
symbol engine: initialized successfully - sym options: 0x614 - pdb path: .;C:\Users\mihai\.jdks\jbr-17.0.8\bin;C:\Windows\SYSTEM32;C:\Windows\WinSxS\amd64_microsoft.windows.common-controls_6595b64144ccf1df_6.0.22621.3235_none_270f74e173860f98;C:\Users\mihai\.jdks\jbr-17.0.8\bin\server;C:\Users\mihai\.gradle\native\68d5fa5c4cc2d200863cafc0d521ce42e7d3e7ee720ec0a83991735586a16f82\windows-amd64;C:\Users\mihai\.gradle\native\e376f236ea51e6404a007f0833ffe2c6e607c4080706a723a18a27aeea778392\windows-amd64

VM Arguments:
jvm_args: --add-opens=java.base/java.util=ALL-UNNAMED --add-opens=java.base/java.lang=ALL-UNNAMED --add-opens=java.base/java.lang.invoke=ALL-UNNAMED --add-opens=java.prefs/java.util.prefs=ALL-UNNAMED --add-opens=java.base/java.nio.charset=ALL-UNNAMED --add-opens=java.base/java.net=ALL-UNNAMED --add-opens=java.base/java.util.concurrent.atomic=ALL-UNNAMED -XX:MaxMetaspaceSize=384m -XX:+HeapDumpOnOutOfMemoryError -Xms256m -Xmx512m -Dfile.encoding=windows-1251 -Duser.country=RU -Duser.language=ru -Duser.variant -javaagent:C:\Users\mihai\.gradle\wrapper\dists\gradle-8.2-bin\bbg7u40eoinfdyxsxr3z4i7ta\gradle-8.2\lib\agents\gradle-instrumentation-agent-8.2.jar 
java_command: org.gradle.launcher.daemon.bootstrap.GradleDaemon 8.2
java_class_path (initial): C:\Users\mihai\.gradle\wrapper\dists\gradle-8.2-bin\bbg7u40eoinfdyxsxr3z4i7ta\gradle-8.2\lib\gradle-launcher-8.2.jar
Launcher Type: SUN_STANDARD

[Global flags]
     intx CICompilerCount                          = 4                                         {product} {ergonomic}
   size_t CompressedClassSpaceSize                 = 335544320                                 {product} {ergonomic}
     uint ConcGCThreads                            = 2                                         {product} {ergonomic}
     uint G1ConcRefinementThreads                  = 8                                         {product} {ergonomic}
   size_t G1HeapRegionSize                         = 1048576                                   {product} {ergonomic}
    uintx GCDrainStackTargetSize                   = 64                                        {product} {ergonomic}
     bool HeapDumpOnOutOfMemoryError               = true                                   {manageable} {command line}
   size_t InitialHeapSize                          = 268435456                                 {product} {command line}
   size_t MarkStackSize                            = 4194304                                   {product} {ergonomic}
   size_t MaxHeapSize                              = 536870912                                 {product} {command line}
   size_t MaxMetaspaceSize                         = 402653184                                 {product} {command line}
   size_t MaxNewSize                               = 321912832                                 {product} {ergonomic}
   size_t MinHeapDeltaBytes                        = 1048576                                   {product} {ergonomic}
   size_t MinHeapSize                              = 268435456                                 {product} {command line}
    uintx NonNMethodCodeHeapSize                   = 5839372                                {pd product} {ergonomic}
    uintx NonProfiledCodeHeapSize                  = 122909434                              {pd product} {ergonomic}
    uintx ProfiledCodeHeapSize                     = 122909434                              {pd product} {ergonomic}
    uintx ReservedCodeCacheSize                    = 251658240                              {pd product} {ergonomic}
     bool SegmentedCodeCache                       = true                                      {product} {ergonomic}
   size_t SoftMaxHeapSize                          = 536870912                              {manageable} {ergonomic}
     bool UseCompressedClassPointers               = true                           {product lp64_product} {ergonomic}
     bool UseCompressedOops                        = true                           {product lp64_product} {ergonomic}
     bool UseG1GC                                  = true                                      {product} {ergonomic}
     bool UseLargePagesIndividualAllocation        = false                                  {pd product} {ergonomic}

Logging:
Log output configuration:
 #0: stdout all=warning uptime,level,tags
 #1: stderr all=off uptime,level,tags

Environment Variables:
PATH=C:\ProgramData\Oracle\Java\javapath;C:\Program Files (x86)\Common Files\Oracle\Java\javapath;C:\Program Files (x86)\NVIDIA Corporation\PhysX\Common;C:\Program Files\Eclipse Adoptium\jdk-17.0.6.10-hotspot\bin;C:\Windows\system32;C:\Windows;C:\Windows\System32\Wbem;C:\Windows\System32\WindowsPowerShell\v1.0\;C:\Windows\System32\OpenSSH\;C:\ProgramData\chocolatey\bin;C:\Windows\System32;C:\Program Files\Git\cmd;D:\flutter\flutter\bin;C:\Program Files\Git\usr\bin;C:\Program Files\dotnet\;C:\tools\lxrunoffline;;C:\Program Files\PowerShell\7\;C:\Program Files\Docker\Docker\resources\bin;C:\Users\mihai\AppData\Local\Microsoft\WindowsApps;D:\Games\programmmist\Microsoft VS Code\bin;C:\tools\flutter\bin;";C:\Program Files\Git\bin\git.exe;C:\Program Files\Git\cmd";D:\flutter\flutter\bin;D:\atest\IntelliJ IDEA 2023.3.2\bin;;C:\Users\mihai\AppData\Local\Programs\Microsoft VS Code\bin;D:\tmp\PyCharm 2023.1.3\bin;;D:\flutter\andros
USERNAME=mihai
OS=Windows_NT
PROCESSOR_IDENTIFIER=AMD64 Family 23 Model 24 Stepping 1, AuthenticAMD
TMP=C:\Users\mihai\AppData\Local\Temp
TEMP=C:\Users\mihai\AppData\Local\Temp


JNI global refs:
JNI global refs: 30, weak refs: 3

JNI global refs memory usage: 843, weak refs: 841

OOME stack traces (most recent first):
Classloader memory used:
Loader org.gradle.internal.classloader.VisitableURLClassLoader                         : 3976K
Loader bootstrap                                                                       : 3308K
Loader org.gradle.initialization.MixInLegacyTypesClassLoader                           : 1577K
Loader org.gradle.internal.classloader.VisitableURLClassLoader$InstrumentingVisitableURLClassLoader: 389K
Loader jdk.internal.reflect.DelegatingClassLoader                                      : 127K
Loader jdk.internal.loader.ClassLoaders$PlatformClassLoader                            : 103K
Loader org.gradle.groovy.scripts.internal.DefaultScriptCompilationHandler$ScriptClassLoader: 93763B
Loader jdk.internal.loader.ClassLoaders$AppClassLoader                                 : 28451B
Loader org.codehaus.groovy.runtime.callsite.CallSiteClassLoader                        : 6036B
Loader sun.reflect.misc.MethodUtil                                                     : 519B

Classes loaded by more than one classloader:
Class org.gradle.internal.installation.GradleInstallation                             : loaded 2 times (x 73B)
Class org.gradle.internal.classpath.ClassPath                                         : loaded 2 times (x 68B)
Class org.gradle.api.internal.classpath.DefaultModuleRegistry                         : loaded 2 times (x 84B)
Class org.gradle.api.Action                                                           : loaded 2 times (x 68B)
Class org.gradle.api.internal.DefaultClassPathProvider                                : loaded 2 times (x 74B)
Class org.gradle.internal.installation.GradleInstallation$1                           : loaded 2 times (x 73B)
Class build_dtlypj1wtj8xmqe5hs8xktb3r                                                 : loaded 2 times (x 178B)
Class build_dtlypj1wtj8xmqe5hs8xktb3r$_run_closure1                                   : loaded 2 times (x 134B)
Class org.gradle.internal.classloader.FilteringClassLoader                            : loaded 2 times (x 103B)
Class org.gradle.internal.classpath.DefaultClassPath$ImmutableUniqueList$Builder      : loaded 2 times (x 73B)
Class build_du66gau8zsya5tbd1s5b3l5xd                                                 : loaded 2 times (x 178B)
Class org.gradle.internal.classloader.ClassLoaderVisitor                              : loaded 2 times (x 74B)
Class build_75todlfgslxhqiktse78ki4ae                                                 : loaded 2 times (x 178B)
Class org.gradle.internal.service.DefaultServiceLocator                               : loaded 2 times (x 81B)
Class build_96o6qhfsctw9i2ha6lbu7e2jo$_run_closure1                                   : loaded 2 times (x 134B)
Class org.gradle.internal.service.UnknownServiceException                             : loaded 2 times (x 81B)
Class org.gradle.internal.classloader.DefaultClassLoaderFactory                       : loaded 2 times (x 80B)
Class org.gradle.internal.classloader.VisitableURLClassLoader$Spec                    : loaded 2 times (x 72B)
Class org.gradle.api.GradleException                                                  : loaded 2 times (x 80B)
Class org.gradle.api.internal.classpath.ModuleRegistry                                : loaded 2 times (x 68B)
Class org.gradle.api.internal.ClassPathProvider                                       : loaded 2 times (x 68B)
Class org.gradle.internal.classloader.ClasspathUtil$1                                 : loaded 2 times (x 74B)
Class org.gradle.internal.classloader.ClassLoaderFactory                              : loaded 2 times (x 68B)
Class org.gradle.api.internal.classpath.ManifestUtil                                  : loaded 2 times (x 69B)
Class org.gradle.api.specs.Spec                                                       : loaded 2 times (x 68B)
Class build_b21iub7qjysqfk1usy0o3txe1$_run_closure1                                   : loaded 2 times (x 134B)
Class org.gradle.internal.IoActions                                                   : loaded 2 times (x 69B)
Class build_f159wxu8kg0o7e53kfjehriaq                                                 : loaded 2 times (x 178B)
Class org.gradle.api.internal.classpath.EffectiveClassPath                            : loaded 2 times (x 88B)
Class build_19ynpfbkqbofstmkyp8pheo23                                                 : loaded 2 times (x 178B)
Class org.gradle.internal.installation.CurrentGradleInstallation                      : loaded 2 times (x 71B)
Class org.gradle.internal.agents.InstrumentingClassLoader                             : loaded 2 times (x 68B)
Class org.gradle.internal.installation.CurrentGradleInstallationLocator               : loaded 2 times (x 69B)
Class org.gradle.api.internal.classpath.Module                                        : loaded 2 times (x 68B)
Class build_f159wxu8kg0o7e53kfjehriaq$_run_closure1                                   : loaded 2 times (x 134B)
Class org.gradle.internal.service.CachingServiceLocator                               : loaded 2 times (x 80B)
Class org.gradle.internal.classpath.DefaultClassPath                                  : loaded 2 times (x 88B)
Class build_ev2ez9wzoqqwh9bbma84aytkp$_run_closure1                                   : loaded 2 times (x 134B)
Class org.gradle.internal.classloader.SystemClassLoaderSpec                           : loaded 2 times (x 69B)
Class build_241ydgccgm75c2v836z0qtd8f$_run_closure1                                   : loaded 2 times (x 134B)
Class org.gradle.api.UncheckedIOException                                             : loaded 2 times (x 80B)
Class build_19ynpfbkqbofstmkyp8pheo23$_run_closure1                                   : loaded 2 times (x 134B)
Class build_b21iub7qjysqfk1usy0o3txe1                                                 : loaded 2 times (x 178B)
Class org.gradle.internal.classloader.ClasspathUtil                                   : loaded 2 times (x 69B)
Class org.gradle.api.internal.DefaultClassPathRegistry                                : loaded 2 times (x 74B)
Class org.gradle.api.internal.classpath.DefaultModuleRegistry$DefaultModule           : loaded 2 times (x 84B)
Class build_241ydgccgm75c2v836z0qtd8f                                                 : loaded 2 times (x 178B)
Class org.gradle.api.internal.classpath.UnknownModuleException                        : loaded 2 times (x 80B)
Class org.gradle.internal.service.ServiceLookupException                              : loaded 2 times (x 80B)
Class org.gradle.cache.GlobalCache                                                    : loaded 2 times (x 68B)
Class [Lorg.gradle.api.internal.ClassPathProvider;                                    : loaded 2 times (x 67B)
Class build_ev2ez9wzoqqwh9bbma84aytkp                                                 : loaded 2 times (x 178B)
Class org.gradle.util.internal.GUtil                                                  : loaded 2 times (x 69B)
Class org.gradle.internal.classloader.ClassLoaderSpec                                 : loaded 2 times (x 69B)
Class org.gradle.internal.classloader.VisitableURLClassLoader                         : loaded 2 times (x 115B)
Class org.gradle.internal.Cast                                                        : loaded 2 times (x 69B)
Class org.gradle.api.internal.ClassPathRegistry                                       : loaded 2 times (x 68B)
Class build_du66gau8zsya5tbd1s5b3l5xd$_run_closure1                                   : loaded 2 times (x 134B)
Class org.gradle.internal.classloader.VisitableURLClassLoader$InstrumentingVisitableURLClassLoader: loaded 2 times (x 121B)
Class org.gradle.internal.classloader.ClassLoaderHierarchy                            : loaded 2 times (x 68B)
Class build_96o6qhfsctw9i2ha6lbu7e2jo                                                 : loaded 2 times (x 178B)
Class org.gradle.internal.InternalTransformer                                         : loaded 2 times (x 68B)
Class org.gradle.internal.service.ServiceLocator                                      : loaded 2 times (x 68B)
Class org.gradle.internal.classpath.DefaultClassPath$ImmutableUniqueList              : loaded 2 times (x 159B)
Class org.gradle.internal.classpath.TransformedClassPath                              : loaded 2 times (x 94B)
Class build_75todlfgslxhqiktse78ki4ae$_run_closure1                                   : loaded 2 times (x 134B)


---------------  S Y S T E M  ---------------

OS:
 Windows 11 , 64 bit Build 22621 (10.0.22621.3235)
OS uptime: 4 days 2:03 hours
Hyper-V role detected

CPU: total 8 (initial active 8) (8 cores per cpu, 2 threads per core) family 23 model 24 stepping 1 microcode 0x0, cx8, cmov, fxsr, ht, mmx, 3dnowpref, sse, sse2, sse3, ssse3, sse4a, sse4.1, sse4.2, popcnt, lzcnt, tsc, tscinvbit, avx, avx2, aes, clmul, bmi1, bmi2, adx, sha, fma, vzeroupper, clflush, clflushopt, hv
Processor Information for all 8 processors :
  Max Mhz: 2300, Current Mhz: 2300, Mhz Limit: 2300

Memory: 4k page, system-wide physical 15295M (1326M free)
TotalPageFile size 30655M (AvailPageFile size 2M)
current process WorkingSet (physical memory assigned to process): 397M, peak: 488M
current process commit charge ("private bytes"): 552M, peak: 555M

vm_info: OpenJDK 64-Bit Server VM (17.0.8+7-b1000.8) for windows-amd64 JRE (17.0.8+7-b1000.8), built on 2023-08-04 by "builduser" with MS VC++ 16.10 / 16.11 (VS2019)

END.
