#
# There is insufficient memory for the Java Runtime Environment to continue.
# Native memory allocation (mmap) failed to map 65536 bytes for Failed to commit metaspace.
# Possible reasons:
#   The system is out of physical RAM or swap space
#   The process is running with CompressedOops enabled, and the Java Heap may be blocking the growth of the native heap
# Possible solutions:
#   Reduce memory load on the system
#   Increase physical memory or swap space
#   Check if swap backing store is full
#   Decrease Java heap size (-Xmx/-Xms)
#   Decrease number of Java threads
#   Decrease Java thread stack sizes (-Xss)
#   Set larger code cache with -XX:ReservedCodeCacheSize=
#   JVM is running with Unscaled Compressed Oops mode in which the Java heap is
#     placed in the first 4GB address space. The Java Heap base address is the
#     maximum limit for the native heap growth. Please use -XX:HeapBaseMinAddress
#     to set the Java Heap base and to place the Java Heap above 4GB virtual address.
# This output file may be truncated or incomplete.
#
#  Out of Memory Error (virtualSpaceNode.cpp:110), pid=18884, tid=5924
#
# JRE version: OpenJDK Runtime Environment JBR-17.0.8+7-1000.8-nomod (17.0.8+7) (build 17.0.8+7-b1000.8)
# Java VM: OpenJDK 64-Bit Server VM JBR-17.0.8+7-1000.8-nomod (17.0.8+7-b1000.8, mixed mode, tiered, compressed oops, compressed class ptrs, g1 gc, windows-amd64)
# No core dump will be written. Minidumps are not enabled by default on client versions of Windows
#

---------------  S U M M A R Y ------------

Command Line: --add-opens=java.base/java.util=ALL-UNNAMED --add-opens=java.base/java.lang=ALL-UNNAMED --add-opens=java.base/java.lang.invoke=ALL-UNNAMED --add-opens=java.prefs/java.util.prefs=ALL-UNNAMED --add-opens=java.base/java.nio.charset=ALL-UNNAMED --add-opens=java.base/java.net=ALL-UNNAMED --add-opens=java.base/java.util.concurrent.atomic=ALL-UNNAMED -XX:MaxMetaspaceSize=384m -XX:+HeapDumpOnOutOfMemoryError -Xms256m -Xmx512m -Dfile.encoding=windows-1251 -Duser.country=RU -Duser.language=ru -Duser.variant -javaagent:C:\Users\mihai\.gradle\wrapper\dists\gradle-8.2-bin\bbg7u40eoinfdyxsxr3z4i7ta\gradle-8.2\lib\agents\gradle-instrumentation-agent-8.2.jar org.gradle.launcher.daemon.bootstrap.GradleDaemon 8.2

Host: AMD Ryzen 7 3700U with Radeon Vega Mobile Gfx  , 8 cores, 14G,  Windows 11 , 64 bit Build 22621 (10.0.22621.3235)
Time: Thu Apr  4 16:57:25 2024 RTZ 2 (s 11 , 64 bit Build 22621 (10.0.22621.3235) elapsed time: 40.098547 seconds (0d 0h 0m 40s)

---------------  T H R E A D  ---------------

Current thread (0x0000012f3f85a820):  JavaThread "Daemon worker" [_thread_in_vm, id=5924, stack(0x0000000af2200000,0x0000000af2300000)]

Stack: [0x0000000af2200000,0x0000000af2300000]
Native frames: (J=compiled Java code, j=interpreted, Vv=VM code, C=native code)
V  [jvm.dll+0x6852da]
V  [jvm.dll+0x844c84]
V  [jvm.dll+0x84659e]
V  [jvm.dll+0x846c03]
V  [jvm.dll+0x24b7cf]
V  [jvm.dll+0x84003b]
V  [jvm.dll+0x6296c6]
V  [jvm.dll+0x1c2dee]
V  [jvm.dll+0x62c011]
V  [jvm.dll+0x62a066]
V  [jvm.dll+0x373192]
V  [jvm.dll+0x1e6b2b]
V  [jvm.dll+0x54b2a6]
V  [jvm.dll+0x7bede5]
V  [jvm.dll+0x7beefe]
V  [jvm.dll+0x4148ba]
V  [jvm.dll+0x41aa39]
C  [java.dll+0x17ec]

Java frames: (J=compiled Java code, j=interpreted, Vv=VM code)
J 863  java.lang.ClassLoader.defineClass1(Ljava/lang/ClassLoader;Ljava/lang/String;[BIILjava/security/ProtectionDomain;Ljava/lang/String;)Ljava/lang/Class; java.base@17.0.8 (0 bytes) @ 0x0000012f2db19f5b [0x0000012f2db19ea0+0x00000000000000bb]
J 1265 c1 java.lang.ClassLoader.defineClass(Ljava/lang/String;[BIILjava/security/ProtectionDomain;)Ljava/lang/Class; java.base@17.0.8 (43 bytes) @ 0x0000012f26270dc4 [0x0000012f26270a80+0x0000000000000344]
J 1242 c1 java.security.SecureClassLoader.defineClass(Ljava/lang/String;[BIILjava/security/CodeSource;)Ljava/lang/Class; java.base@17.0.8 (16 bytes) @ 0x0000012f2626388c [0x0000012f262637c0+0x00000000000000cc]
J 3890 c1 java.net.URLClassLoader.defineClass(Ljava/lang/String;Ljdk/internal/loader/Resource;)Ljava/lang/Class; java.base@17.0.8 (224 bytes) @ 0x0000012f2679d0c4 [0x0000012f2679baa0+0x0000000000001624]
J 3812 c1 java.net.URLClassLoader$1.run()Ljava/lang/Class; java.base@17.0.8 (81 bytes) @ 0x0000012f26769684 [0x0000012f26768a40+0x0000000000000c44]
J 3811 c1 java.net.URLClassLoader$1.run()Ljava/lang/Object; java.base@17.0.8 (5 bytes) @ 0x0000012f26768514 [0x0000012f267684a0+0x0000000000000074]
J 2380 c2 java.security.AccessController.doPrivileged(Ljava/security/PrivilegedExceptionAction;Ljava/security/AccessControlContext;)Ljava/lang/Object; java.base@17.0.8 (26 bytes) @ 0x0000012f2dbf5598 [0x0000012f2dbf5540+0x0000000000000058]
J 3143 c1 java.net.URLClassLoader.findClass(Ljava/lang/String;)Ljava/lang/Class; java.base@17.0.8 (47 bytes) @ 0x0000012f2664c534 [0x0000012f2664c3a0+0x0000000000000194]
J 3147 c1 java.lang.ClassLoader.loadClass(Ljava/lang/String;Z)Ljava/lang/Class; java.base@17.0.8 (121 bytes) @ 0x0000012f2664dd5c [0x0000012f2664d7c0+0x000000000000059c]
J 3434 c2 java.lang.ClassLoader.loadClass(Ljava/lang/String;)Ljava/lang/Class; java.base@17.0.8 (7 bytes) @ 0x0000012f2dc968c0 [0x0000012f2dc96880+0x0000000000000040]
v  ~StubRoutines::call_stub
j  org.gradle.initialization.NotifyingBuildLoader$2.description()Lorg/gradle/internal/operations/BuildOperationDescriptor$Builder;+10
j  org.gradle.internal.operations.DefaultBuildOperationRunner.execute(Lorg/gradle/internal/operations/BuildOperation;Lorg/gradle/internal/operations/BuildOperationWorker;Lorg/gradle/internal/operations/BuildOperationState;)V+2
j  org.gradle.internal.operations.DefaultBuildOperationRunner.call(Lorg/gradle/internal/operations/CallableBuildOperation;)Ljava/lang/Object;+16
j  org.gradle.internal.operations.DefaultBuildOperationExecutor.call(Lorg/gradle/internal/operations/CallableBuildOperation;)Ljava/lang/Object;+5
j  org.gradle.initialization.NotifyingBuildLoader.load(Lorg/gradle/api/internal/SettingsInternal;Lorg/gradle/api/internal/GradleInternal;)V+25
j  org.gradle.configuration.BuildTreePreparingProjectsPreparer.prepareProjects(Lorg/gradle/api/internal/GradleInternal;)V+84
j  org.gradle.configuration.BuildOperationFiringProjectsPreparer$ConfigureBuild.run(Lorg/gradle/internal/operations/BuildOperationContext;)V+11
j  org.gradle.internal.operations.DefaultBuildOperationRunner$1.execute(Lorg/gradle/internal/operations/RunnableBuildOperation;Lorg/gradle/internal/operations/BuildOperationContext;)V+2
j  org.gradle.internal.operations.DefaultBuildOperationRunner$1.execute(Lorg/gradle/internal/operations/BuildOperation;Lorg/gradle/internal/operations/BuildOperationContext;)V+6
j  org.gradle.internal.operations.DefaultBuildOperationRunner$2.execute(Lorg/gradle/internal/operations/BuildOperationDescriptor;Lorg/gradle/internal/operations/BuildOperationState;Lorg/gradle/internal/operations/BuildOperationState;Lorg/gradle/internal/operations/DefaultBuildOperationRunner$ReadableBuildOperationContext;Lorg/gradle/internal/operations/DefaultBuildOperationRunner$BuildOperationExecutionListener;)Lorg/gradle/internal/operations/BuildOperation;+22
j  org.gradle.internal.operations.DefaultBuildOperationRunner$2.execute(Lorg/gradle/internal/operations/BuildOperationDescriptor;Lorg/gradle/internal/operations/BuildOperationState;Lorg/gradle/internal/operations/BuildOperationState;Lorg/gradle/internal/operations/DefaultBuildOperationRunner$ReadableBuildOperationContext;Lorg/gradle/internal/operations/DefaultBuildOperationRunner$BuildOperationExecutionListener;)Ljava/lang/Object;+8
j  org.gradle.internal.operations.DefaultBuildOperationRunner.execute(Lorg/gradle/internal/operations/BuildOperationDescriptor$Builder;Lorg/gradle/internal/operations/BuildOperationState;Lorg/gradle/internal/operations/DefaultBuildOperationRunner$BuildOperationExecution;)Ljava/lang/Object;+141
j  org.gradle.internal.operations.DefaultBuildOperationRunner.execute(Lorg/gradle/internal/operations/BuildOperation;Lorg/gradle/internal/operations/BuildOperationWorker;Lorg/gradle/internal/operations/BuildOperationState;)V+18
j  org.gradle.internal.operations.DefaultBuildOperationRunner.run(Lorg/gradle/internal/operations/RunnableBuildOperation;)V+9
j  org.gradle.internal.operations.DefaultBuildOperationExecutor.run(Lorg/gradle/internal/operations/RunnableBuildOperation;)V+5
j  org.gradle.configuration.BuildOperationFiringProjectsPreparer.prepareProjects(Lorg/gradle/api/internal/GradleInternal;)V+13
j  org.gradle.initialization.VintageBuildModelController.lambda$prepareProjects$2()V+8
j  org.gradle.initialization.VintageBuildModelController$$Lambda$562+0x00000001005ce290.run()V+4
j  org.gradle.internal.model.StateTransitionController.lambda$doTransition$14(Ljava/lang/Runnable;)Lorg/gradle/internal/build/ExecutionResult;+1
j  org.gradle.internal.model.StateTransitionController$$Lambda$267+0x00000001003f4088.get()Ljava/lang/Object;+4
j  org.gradle.internal.model.StateTransitionController.doTransition(Lorg/gradle/internal/model/StateTransitionController$State;Lorg/gradle/internal/model/StateTransitionController$State;Ljava/util/function/Supplier;)Lorg/gradle/internal/build/ExecutionResult;+24
j  org.gradle.internal.model.StateTransitionController.doTransition(Lorg/gradle/internal/model/StateTransitionController$State;Lorg/gradle/internal/model/StateTransitionController$State;Ljava/lang/Runnable;)V+9
j  org.gradle.internal.model.StateTransitionController.lambda$transitionIfNotPreviously$11(Lorg/gradle/internal/model/StateTransitionController$State;Lorg/gradle/internal/model/StateTransitionController$State;Ljava/lang/Runnable;)V+16
j  org.gradle.internal.model.StateTransitionController$$Lambda$269+0x00000001003f4518.run()V+16
j  org.gradle.internal.work.DefaultSynchronizer.withLock(Ljava/lang/Runnable;)V+6
j  org.gradle.internal.model.StateTransitionController.transitionIfNotPreviously(Lorg/gradle/internal/model/StateTransitionController$State;Lorg/gradle/internal/model/StateTransitionController$State;Ljava/lang/Runnable;)V+13
j  org.gradle.initialization.VintageBuildModelController.prepareProjects()V+16
j  org.gradle.initialization.VintageBuildModelController.prepareToScheduleTasks()V+5
j  org.gradle.internal.build.DefaultBuildLifecycleController.lambda$prepareToScheduleTasks$6()V+9
j  org.gradle.internal.build.DefaultBuildLifecycleController$$Lambda$265+0x00000001003f3bf8.run()V+4
j  org.gradle.internal.model.StateTransitionController.lambda$doTransition$14(Ljava/lang/Runnable;)Lorg/gradle/internal/build/ExecutionResult;+1
j  org.gradle.internal.model.StateTransitionController$$Lambda$267+0x00000001003f4088.get()Ljava/lang/Object;+4
j  org.gradle.internal.model.StateTransitionController.doTransition(Lorg/gradle/internal/model/StateTransitionController$State;Lorg/gradle/internal/model/StateTransitionController$State;Ljava/util/function/Supplier;)Lorg/gradle/internal/build/ExecutionResult;+24
j  org.gradle.internal.model.StateTransitionController.doTransition(Lorg/gradle/internal/model/StateTransitionController$State;Lorg/gradle/internal/model/StateTransitionController$State;Ljava/lang/Runnable;)V+9
j  org.gradle.internal.model.StateTransitionController.lambda$maybeTransition$9(Lorg/gradle/internal/model/StateTransitionController$State;Lorg/gradle/internal/model/StateTransitionController$State;Ljava/lang/Runnable;)V+16
j  org.gradle.internal.model.StateTransitionController$$Lambda$266+0x00000001003f3e40.run()V+16
j  org.gradle.internal.work.DefaultSynchronizer.withLock(Ljava/lang/Runnable;)V+6
j  org.gradle.internal.model.StateTransitionController.maybeTransition(Lorg/gradle/internal/model/StateTransitionController$State;Lorg/gradle/internal/model/StateTransitionController$State;Ljava/lang/Runnable;)V+13
j  org.gradle.internal.build.DefaultBuildLifecycleController.prepareToScheduleTasks()V+16
j  org.gradle.internal.buildtree.DefaultBuildTreeWorkPreparer.scheduleRequestedTasks(Lorg/gradle/internal/buildtree/BuildTreeWorkGraph;Lorg/gradle/execution/EntryTaskSelector;)Lorg/gradle/internal/buildtree/BuildTreeWorkGraph$FinalizedGraph;+4
j  org.gradle.configurationcache.VintageBuildTreeWorkController$scheduleAndRunRequestedTasks$1.apply(Lorg/gradle/internal/buildtree/BuildTreeWorkGraph;)Lorg/gradle/internal/build/ExecutionResult;+18
j  org.gradle.configurationcache.VintageBuildTreeWorkController$scheduleAndRunRequestedTasks$1.apply(Ljava/lang/Object;)Ljava/lang/Object;+5
j  org.gradle.composite.internal.DefaultIncludedBuildTaskGraph.withNewWorkGraph(Ljava/util/function/Function;)Ljava/lang/Object;+30
j  org.gradle.configurationcache.VintageBuildTreeWorkController.scheduleAndRunRequestedTasks(Lorg/gradle/execution/EntryTaskSelector;)Lorg/gradle/internal/build/ExecutionResult;+16
j  org.gradle.internal.buildtree.DefaultBuildTreeLifecycleController.lambda$scheduleAndRunTasks$1(Lorg/gradle/execution/EntryTaskSelector;)Lorg/gradle/internal/build/ExecutionResult;+5
j  org.gradle.internal.buildtree.DefaultBuildTreeLifecycleController$$Lambda$260+0x00000001003f2c78.get()Ljava/lang/Object;+8
j  org.gradle.internal.buildtree.DefaultBuildTreeLifecycleController.lambda$runBuild$4(Ljava/util/function/Supplier;)Ljava/lang/Object;+1
j  org.gradle.internal.buildtree.DefaultBuildTreeLifecycleController$$Lambda$261+0x00000001003f2ec0.get()Ljava/lang/Object;+8
j  org.gradle.internal.model.StateTransitionController.lambda$transition$6(Ljava/util/function/Supplier;)Lorg/gradle/internal/build/ExecutionResult;+1
j  org.gradle.internal.model.StateTransitionController$$Lambda$263+0x00000001003f3350.get()Ljava/lang/Object;+4
j  org.gradle.internal.model.StateTransitionController.doTransition(Lorg/gradle/internal/model/StateTransitionController$State;Lorg/gradle/internal/model/StateTransitionController$State;Ljava/util/function/Supplier;)Lorg/gradle/internal/build/ExecutionResult;+24
j  org.gradle.internal.model.StateTransitionController.lambda$transition$7(Lorg/gradle/internal/model/StateTransitionController$State;Lorg/gradle/internal/model/StateTransitionController$State;Ljava/util/function/Supplier;)Ljava/lang/Object;+9
j  org.gradle.internal.model.StateTransitionController$$Lambda$262+0x00000001003f3108.create()Ljava/lang/Object;+16
j  org.gradle.internal.work.DefaultSynchronizer.withLock(Lorg/gradle/internal/Factory;)Ljava/lang/Object;+6
j  org.gradle.internal.model.StateTransitionController.transition(Lorg/gradle/internal/model/StateTransitionController$State;Lorg/gradle/internal/model/StateTransitionController$State;Ljava/util/function/Supplier;)Ljava/lang/Object;+13
j  org.gradle.internal.buildtree.DefaultBuildTreeLifecycleController.runBuild(Ljava/util/function/Supplier;)Ljava/lang/Object;+17
j  org.gradle.internal.buildtree.DefaultBuildTreeLifecycleController.scheduleAndRunTasks(Lorg/gradle/execution/EntryTaskSelector;)V+8
j  org.gradle.internal.buildtree.DefaultBuildTreeLifecycleController.scheduleAndRunTasks()V+2
j  org.gradle.tooling.internal.provider.runner.BuildModelActionRunner.run(Lorg/gradle/internal/invocation/BuildAction;Lorg/gradle/internal/buildtree/BuildTreeLifecycleController;)Lorg/gradle/internal/buildtree/BuildActionRunner$Result;+65
j  org.gradle.launcher.exec.ChainingBuildActionRunner.run(Lorg/gradle/internal/invocation/BuildAction;Lorg/gradle/internal/buildtree/BuildTreeLifecycleController;)Lorg/gradle/internal/buildtree/BuildActionRunner$Result;+34
j  org.gradle.internal.buildtree.ProblemReportingBuildActionRunner.run(Lorg/gradle/internal/invocation/BuildAction;Lorg/gradle/internal/buildtree/BuildTreeLifecycleController;)Lorg/gradle/internal/buildtree/BuildActionRunner$Result;+12
j  org.gradle.launcher.exec.BuildOutcomeReportingBuildActionRunner.run(Lorg/gradle/internal/invocation/BuildAction;Lorg/gradle/internal/buildtree/BuildTreeLifecycleController;)Lorg/gradle/internal/buildtree/BuildActionRunner$Result;+69
j  org.gradle.tooling.internal.provider.FileSystemWatchingBuildActionRunner.run(Lorg/gradle/internal/invocation/BuildAction;Lorg/gradle/internal/buildtree/BuildTreeLifecycleController;)Lorg/gradle/internal/buildtree/BuildActionRunner$Result;+335
j  org.gradle.launcher.exec.BuildCompletionNotifyingBuildActionRunner.run(Lorg/gradle/internal/invocation/BuildAction;Lorg/gradle/internal/buildtree/BuildTreeLifecycleController;)Lorg/gradle/internal/buildtree/BuildActionRunner$Result;+6
j  org.gradle.launcher.exec.RootBuildLifecycleBuildActionExecutor.lambda$execute$0(Lorg/gradle/internal/invocation/BuildAction;Lorg/gradle/internal/buildtree/BuildTreeLifecycleController;)Lorg/gradle/internal/buildtree/BuildActionRunner$Result;+6
j  org.gradle.launcher.exec.RootBuildLifecycleBuildActionExecutor$$Lambda$219+0x00000001003d5968.apply(Ljava/lang/Object;)Ljava/lang/Object;+12
j  org.gradle.composite.internal.DefaultRootBuildState.run(Ljava/util/function/Function;)Ljava/lang/Object;+87
j  org.gradle.launcher.exec.RootBuildLifecycleBuildActionExecutor.execute(Lorg/gradle/internal/invocation/BuildAction;Lorg/gradle/internal/buildtree/BuildTreeContext;)Lorg/gradle/internal/buildtree/BuildActionRunner$Result;+28
j  org.gradle.internal.buildtree.InitDeprecationLoggingActionExecutor.execute(Lorg/gradle/internal/invocation/BuildAction;Lorg/gradle/internal/buildtree/BuildTreeContext;)Lorg/gradle/internal/buildtree/BuildActionRunner$Result;+79
j  org.gradle.internal.buildtree.DefaultBuildTreeContext.execute(Lorg/gradle/internal/invocation/BuildAction;)Lorg/gradle/internal/buildtree/BuildActionRunner$Result;+64
j  org.gradle.launcher.exec.BuildTreeLifecycleBuildActionExecutor.lambda$execute$0(Lorg/gradle/internal/invocation/BuildAction;Lorg/gradle/internal/buildtree/BuildTreeContext;)Lorg/gradle/internal/buildtree/BuildActionRunner$Result;+2
j  org.gradle.launcher.exec.BuildTreeLifecycleBuildActionExecutor$$Lambda$176+0x000000010032d2a8.apply(Ljava/lang/Object;)Ljava/lang/Object;+8
j  org.gradle.internal.buildtree.BuildTreeState.run(Ljava/util/function/Function;)Ljava/lang/Object;+5
j  org.gradle.launcher.exec.BuildTreeLifecycleBuildActionExecutor.execute(Lorg/gradle/internal/invocation/BuildAction;Lorg/gradle/internal/session/BuildSessionContext;)Lorg/gradle/internal/buildtree/BuildActionRunner$Result;+181
j  org.gradle.launcher.exec.RunAsBuildOperationBuildActionExecutor$3.call(Lorg/gradle/internal/operations/BuildOperationContext;)Lorg/gradle/internal/buildtree/BuildActionRunner$Result;+25
j  org.gradle.launcher.exec.RunAsBuildOperationBuildActionExecutor$3.call(Lorg/gradle/internal/operations/BuildOperationContext;)Ljava/lang/Object;+2
j  org.gradle.internal.operations.DefaultBuildOperationRunner$CallableBuildOperationWorker.execute(Lorg/gradle/internal/operations/CallableBuildOperation;Lorg/gradle/internal/operations/BuildOperationContext;)V+3
j  org.gradle.internal.operations.DefaultBuildOperationRunner$CallableBuildOperationWorker.execute(Lorg/gradle/internal/operations/BuildOperation;Lorg/gradle/internal/operations/BuildOperationContext;)V+6
j  org.gradle.internal.operations.DefaultBuildOperationRunner$2.execute(Lorg/gradle/internal/operations/BuildOperationDescriptor;Lorg/gradle/internal/operations/BuildOperationState;Lorg/gradle/internal/operations/BuildOperationState;Lorg/gradle/internal/operations/DefaultBuildOperationRunner$ReadableBuildOperationContext;Lorg/gradle/internal/operations/DefaultBuildOperationRunner$BuildOperationExecutionListener;)Lorg/gradle/internal/operations/BuildOperation;+22
j  org.gradle.internal.operations.DefaultBuildOperationRunner$2.execute(Lorg/gradle/internal/operations/BuildOperationDescriptor;Lorg/gradle/internal/operations/BuildOperationState;Lorg/gradle/internal/operations/BuildOperationState;Lorg/gradle/internal/operations/DefaultBuildOperationRunner$ReadableBuildOperationContext;Lorg/gradle/internal/operations/DefaultBuildOperationRunner$BuildOperationExecutionListener;)Ljava/lang/Object;+8
j  org.gradle.internal.operations.DefaultBuildOperationRunner.execute(Lorg/gradle/internal/operations/BuildOperationDescriptor$Builder;Lorg/gradle/internal/operations/BuildOperationState;Lorg/gradle/internal/operations/DefaultBuildOperationRunner$BuildOperationExecution;)Ljava/lang/Object;+141
j  org.gradle.internal.operations.DefaultBuildOperationRunner.execute(Lorg/gradle/internal/operations/BuildOperation;Lorg/gradle/internal/operations/BuildOperationWorker;Lorg/gradle/internal/operations/BuildOperationState;)V+18
j  org.gradle.internal.operations.DefaultBuildOperationRunner.call(Lorg/gradle/internal/operations/CallableBuildOperation;)Ljava/lang/Object;+16
j  org.gradle.internal.operations.DefaultBuildOperationExecutor.call(Lorg/gradle/internal/operations/CallableBuildOperation;)Ljava/lang/Object;+5
j  org.gradle.launcher.exec.RunAsBuildOperationBuildActionExecutor.execute(Lorg/gradle/internal/invocation/BuildAction;Lorg/gradle/internal/session/BuildSessionContext;)Lorg/gradle/internal/buildtree/BuildActionRunner$Result;+23
j  org.gradle.launcher.exec.RunAsWorkerThreadBuildActionExecutor.lambda$execute$0(Lorg/gradle/internal/invocation/BuildAction;Lorg/gradle/internal/session/BuildSessionContext;)Lorg/gradle/internal/buildtree/BuildActionRunner$Result;+6
j  org.gradle.launcher.exec.RunAsWorkerThreadBuildActionExecutor$$Lambda$172+0x000000010030ad90.create()Ljava/lang/Object;+12
j  org.gradle.internal.work.DefaultWorkerLeaseService.withLocks(Ljava/util/Collection;Lorg/gradle/internal/Factory;)Ljava/lang/Object;+28
j  org.gradle.internal.work.DefaultWorkerLeaseService.runAsWorkerThread(Lorg/gradle/internal/Factory;)Ljava/lang/Object;+33
j  org.gradle.launcher.exec.RunAsWorkerThreadBuildActionExecutor.execute(Lorg/gradle/internal/invocation/BuildAction;Lorg/gradle/internal/session/BuildSessionContext;)Lorg/gradle/internal/buildtree/BuildActionRunner$Result;+12
j  org.gradle.tooling.internal.provider.continuous.ContinuousBuildActionExecutor.execute(Lorg/gradle/internal/invocation/BuildAction;Lorg/gradle/internal/session/BuildSessionContext;)Lorg/gradle/internal/buildtree/BuildActionRunner$Result;+58
j  org.gradle.tooling.internal.provider.SubscribableBuildActionExecutor.execute(Lorg/gradle/internal/invocation/BuildAction;Lorg/gradle/internal/session/BuildSessionContext;)Lorg/gradle/internal/buildtree/BuildActionRunner$Result;+30
j  org.gradle.internal.session.DefaultBuildSessionContext.execute(Lorg/gradle/internal/invocation/BuildAction;)Lorg/gradle/internal/buildtree/BuildActionRunner$Result;+64
j  org.gradle.tooling.internal.provider.BuildSessionLifecycleBuildActionExecuter$ActionImpl.apply(Lorg/gradle/internal/session/BuildSessionContext;)Lorg/gradle/launcher/exec/BuildActionResult;+6
j  org.gradle.tooling.internal.provider.BuildSessionLifecycleBuildActionExecuter$ActionImpl.apply(Ljava/lang/Object;)Ljava/lang/Object;+5
j  org.gradle.internal.session.BuildSessionState.run(Ljava/util/function/Function;)Ljava/lang/Object;+5
j  org.gradle.tooling.internal.provider.BuildSessionLifecycleBuildActionExecuter.execute(Lorg/gradle/internal/invocation/BuildAction;Lorg/gradle/launcher/exec/BuildActionParameters;Lorg/gradle/initialization/BuildRequestContext;)Lorg/gradle/launcher/exec/BuildActionResult;+95
j  org.gradle.tooling.internal.provider.BuildSessionLifecycleBuildActionExecuter.execute(Lorg/gradle/internal/invocation/BuildAction;Ljava/lang/Object;Ljava/lang/Object;)Lorg/gradle/launcher/exec/BuildActionResult;+10
j  org.gradle.tooling.internal.provider.StartParamsValidatingActionExecuter.execute(Lorg/gradle/internal/invocation/BuildAction;Lorg/gradle/launcher/exec/BuildActionParameters;Lorg/gradle/initialization/BuildRequestContext;)Lorg/gradle/launcher/exec/BuildActionResult;+203
j  org.gradle.tooling.internal.provider.StartParamsValidatingActionExecuter.execute(Lorg/gradle/internal/invocation/BuildAction;Ljava/lang/Object;Ljava/lang/Object;)Lorg/gradle/launcher/exec/BuildActionResult;+10
j  org.gradle.tooling.internal.provider.SessionFailureReportingActionExecuter.execute(Lorg/gradle/internal/invocation/BuildAction;Lorg/gradle/launcher/exec/BuildActionParameters;Lorg/gradle/initialization/BuildRequestContext;)Lorg/gradle/launcher/exec/BuildActionResult;+7
j  org.gradle.tooling.internal.provider.SessionFailureReportingActionExecuter.execute(Lorg/gradle/internal/invocation/BuildAction;Ljava/lang/Object;Ljava/lang/Object;)Lorg/gradle/launcher/exec/BuildActionResult;+10
j  org.gradle.tooling.internal.provider.SetupLoggingActionExecuter.execute(Lorg/gradle/internal/invocation/BuildAction;Lorg/gradle/launcher/exec/BuildActionParameters;Lorg/gradle/initialization/BuildRequestContext;)Lorg/gradle/launcher/exec/BuildActionResult;+50
j  org.gradle.tooling.internal.provider.SetupLoggingActionExecuter.execute(Lorg/gradle/internal/invocation/BuildAction;Ljava/lang/Object;Ljava/lang/Object;)Lorg/gradle/launcher/exec/BuildActionResult;+10
j  org.gradle.launcher.daemon.server.exec.ExecuteBuild.doBuild(Lorg/gradle/launcher/daemon/server/api/DaemonCommandExecution;Lorg/gradle/launcher/daemon/protocol/Build;)V+117
j  org.gradle.launcher.daemon.server.exec.BuildCommandOnly.execute(Lorg/gradle/launcher/daemon/server/api/DaemonCommandExecution;)V+49
j  org.gradle.launcher.daemon.server.api.DaemonCommandExecution.proceed()Z+23
j  org.gradle.launcher.daemon.server.exec.WatchForDisconnection.execute(Lorg/gradle/launcher/daemon/server/api/DaemonCommandExecution;)V+19
j  org.gradle.launcher.daemon.server.api.DaemonCommandExecution.proceed()Z+23
j  org.gradle.launcher.daemon.server.exec.ResetDeprecationLogger.execute(Lorg/gradle/launcher/daemon/server/api/DaemonCommandExecution;)V+7
j  org.gradle.launcher.daemon.server.api.DaemonCommandExecution.proceed()Z+23
j  org.gradle.launcher.daemon.server.exec.RequestStopIfSingleUsedDaemon.execute(Lorg/gradle/launcher/daemon/server/api/DaemonCommandExecution;)V+33
j  org.gradle.launcher.daemon.server.api.DaemonCommandExecution.proceed()Z+23
j  org.gradle.launcher.daemon.server.exec.ForwardClientInput$2.create()Ljava/lang/Void;+4
j  org.gradle.launcher.daemon.server.exec.ForwardClientInput$2.create()Ljava/lang/Object;+1
j  org.gradle.util.internal.Swapper.swap(Ljava/lang/Object;Lorg/gradle/internal/Factory;)Ljava/lang/Object;+21
j  org.gradle.launcher.daemon.server.exec.ForwardClientInput.execute(Lorg/gradle/launcher/daemon/server/api/DaemonCommandExecution;)V+63
j  org.gradle.launcher.daemon.server.api.DaemonCommandExecution.proceed()Z+23
j  org.gradle.launcher.daemon.server.exec.LogAndCheckHealth.execute(Lorg/gradle/launcher/daemon/server/api/DaemonCommandExecution;)V+51
j  org.gradle.launcher.daemon.server.api.DaemonCommandExecution.proceed()Z+23
j  org.gradle.launcher.daemon.server.exec.LogToClient.doBuild(Lorg/gradle/launcher/daemon/server/api/DaemonCommandExecution;Lorg/gradle/launcher/daemon/protocol/Build;)V+87
j  org.gradle.launcher.daemon.server.exec.BuildCommandOnly.execute(Lorg/gradle/launcher/daemon/server/api/DaemonCommandExecution;)V+49
j  org.gradle.launcher.daemon.server.api.DaemonCommandExecution.proceed()Z+23
j  org.gradle.launcher.daemon.server.exec.EstablishBuildEnvironment.doBuild(Lorg/gradle/launcher/daemon/server/api/DaemonCommandExecution;Lorg/gradle/launcher/daemon/protocol/Build;)V+356
j  org.gradle.launcher.daemon.server.exec.BuildCommandOnly.execute(Lorg/gradle/launcher/daemon/server/api/DaemonCommandExecution;)V+49
j  org.gradle.launcher.daemon.server.api.DaemonCommandExecution.proceed()Z+23
j  org.gradle.launcher.daemon.server.exec.StartBuildOrRespondWithBusy$1.run()V+44
j  org.gradle.launcher.daemon.server.DaemonStateCoordinator$1.run()V+4
j  org.gradle.internal.concurrent.ExecutorPolicy$CatchAndRecordFailures.onExecute(Ljava/lang/Runnable;)V+1
j  org.gradle.internal.concurrent.AbstractManagedExecutor$1.run()V+25
j  java.util.concurrent.ThreadPoolExecutor.runWorker(Ljava/util/concurrent/ThreadPoolExecutor$Worker;)V+92 java.base@17.0.8
j  java.util.concurrent.ThreadPoolExecutor$Worker.run()V+5 java.base@17.0.8
j  java.lang.Thread.run()V+11 java.base@17.0.8
v  ~StubRoutines::call_stub

---------------  P R O C E S S  ---------------

Threads class SMR info:
_java_thread_list=0x0000012f3f53ddb0, length=43, elements={
0x0000012f22832a50, 0x0000012f391f3020, 0x0000012f391f4eb0, 0x0000012f39097400,
0x0000012f3920dfe0, 0x0000012f3920e8b0, 0x0000012f3920f270, 0x0000012f39224020,
0x0000012f39224dd0, 0x0000012f39229e00, 0x0000012f39305580, 0x0000012f394ae470,
0x0000012f3f837020, 0x0000012f3ebd6920, 0x0000012f3f0a6e70, 0x0000012f3ed7b760,
0x0000012f3e88b1c0, 0x0000012f3f8598f0, 0x0000012f3f85a820, 0x0000012f3f857fa0,
0x0000012f3f85ad30, 0x0000012f3f85b240, 0x0000012f3f857a90, 0x0000012f3f8584b0,
0x0000012f3f859e00, 0x0000012f3f858ed0, 0x0000012f3f85a310, 0x0000012f3f8593e0,
0x0000012f398739c0, 0x0000012f39878fd0, 0x0000012f39874e00, 0x0000012f39877170,
0x0000012f398785b0, 0x0000012f398743e0, 0x0000012f39877680, 0x0000012f39872fa0,
0x0000012f39873ed0, 0x0000012f398799f0, 0x0000012f39875310, 0x0000012f39875820,
0x0000012f39876240, 0x0000012f398780a0, 0x0000012f39875d30
}

Java Threads: ( => current thread )
  0x0000012f22832a50 JavaThread "main" [_thread_blocked, id=10976, stack(0x0000000af0400000,0x0000000af0500000)]
  0x0000012f391f3020 JavaThread "Reference Handler" daemon [_thread_blocked, id=11784, stack(0x0000000af0b00000,0x0000000af0c00000)]
  0x0000012f391f4eb0 JavaThread "Finalizer" daemon [_thread_blocked, id=15624, stack(0x0000000af0c00000,0x0000000af0d00000)]
  0x0000012f39097400 JavaThread "Signal Dispatcher" daemon [_thread_blocked, id=23944, stack(0x0000000af0d00000,0x0000000af0e00000)]
  0x0000012f3920dfe0 JavaThread "Attach Listener" daemon [_thread_blocked, id=3016, stack(0x0000000af0e00000,0x0000000af0f00000)]
  0x0000012f3920e8b0 JavaThread "Service Thread" daemon [_thread_blocked, id=5916, stack(0x0000000af0f00000,0x0000000af1000000)]
  0x0000012f3920f270 JavaThread "Monitor Deflation Thread" daemon [_thread_blocked, id=24548, stack(0x0000000af1000000,0x0000000af1100000)]
  0x0000012f39224020 JavaThread "C2 CompilerThread0" daemon [_thread_blocked, id=16896, stack(0x0000000af1100000,0x0000000af1200000)]
  0x0000012f39224dd0 JavaThread "C1 CompilerThread0" daemon [_thread_blocked, id=29012, stack(0x0000000af1200000,0x0000000af1300000)]
  0x0000012f39229e00 JavaThread "Sweeper thread" daemon [_thread_blocked, id=16352, stack(0x0000000af1300000,0x0000000af1400000)]
  0x0000012f39305580 JavaThread "Common-Cleaner" daemon [_thread_blocked, id=10108, stack(0x0000000af1400000,0x0000000af1500000)]
  0x0000012f394ae470 JavaThread "Notification Thread" daemon [_thread_blocked, id=15968, stack(0x0000000af1500000,0x0000000af1600000)]
  0x0000012f3f837020 JavaThread "Daemon health stats" [_thread_blocked, id=27064, stack(0x0000000af1d00000,0x0000000af1e00000)]
  0x0000012f3ebd6920 JavaThread "Incoming local TCP Connector on port 49336" [_thread_in_native, id=22504, stack(0x0000000af1700000,0x0000000af1800000)]
  0x0000012f3f0a6e70 JavaThread "Daemon periodic checks" [_thread_blocked, id=20680, stack(0x0000000af1e00000,0x0000000af1f00000)]
  0x0000012f3ed7b760 JavaThread "Daemon" [_thread_blocked, id=26536, stack(0x0000000af1f00000,0x0000000af2000000)]
  0x0000012f3e88b1c0 JavaThread "Handler for socket connection from /127.0.0.1:49336 to /127.0.0.1:49337" [_thread_in_native, id=23760, stack(0x0000000af2000000,0x0000000af2100000)]
  0x0000012f3f8598f0 JavaThread "Cancel handler" [_thread_blocked, id=7532, stack(0x0000000af2100000,0x0000000af2200000)]
=>0x0000012f3f85a820 JavaThread "Daemon worker" [_thread_in_vm, id=5924, stack(0x0000000af2200000,0x0000000af2300000)]
  0x0000012f3f857fa0 JavaThread "Asynchronous log dispatcher for DefaultDaemonConnection: socket connection from /127.0.0.1:49336 to /127.0.0.1:49337" [_thread_blocked, id=2296, stack(0x0000000af2300000,0x0000000af2400000)]
  0x0000012f3f85ad30 JavaThread "Stdin handler" [_thread_blocked, id=19856, stack(0x0000000af2400000,0x0000000af2500000)]
  0x0000012f3f85b240 JavaThread "Daemon client event forwarder" [_thread_blocked, id=8864, stack(0x0000000af2500000,0x0000000af2600000)]
  0x0000012f3f857a90 JavaThread "Cache worker for journal cache (C:\Users\mihai\.gradle\caches\journal-1)" [_thread_blocked, id=29448, stack(0x0000000af2a00000,0x0000000af2b00000)]
  0x0000012f3f8584b0 JavaThread "File lock request listener" [_thread_in_native, id=22716, stack(0x0000000af2b00000,0x0000000af2c00000)]
  0x0000012f3f859e00 JavaThread "File lock release action executor" [_thread_blocked, id=23876, stack(0x0000000af2900000,0x0000000af2a00000)]
  0x0000012f3f858ed0 JavaThread "Cache worker for file hash cache (C:\Users\mihai\.gradle\caches\8.2\fileHashes)" [_thread_blocked, id=8436, stack(0x0000000af2c00000,0x0000000af2d00000)]
  0x0000012f3f85a310 JavaThread "File watcher server" daemon [_thread_in_native, id=6368, stack(0x0000000af2f00000,0x0000000af3000000)]
  0x0000012f3f8593e0 JavaThread "File watcher consumer" daemon [_thread_blocked, id=5824, stack(0x0000000af3000000,0x0000000af3100000)]
  0x0000012f398739c0 JavaThread "Cache worker for checksums cache (C:\Users\mihai\IdeaProjects\kursach2\.gradle\8.2\checksums)" [_thread_blocked, id=25536, stack(0x0000000af2d00000,0x0000000af2e00000)]
  0x0000012f39878fd0 JavaThread "Cache worker for cache directory md-rule (C:\Users\mihai\.gradle\caches\8.2\md-rule)" [_thread_blocked, id=11112, stack(0x0000000af2e00000,0x0000000af2f00000)]
  0x0000012f39874e00 JavaThread "Cache worker for file content cache (C:\Users\mihai\.gradle\caches\8.2\fileContent)" [_thread_blocked, id=27528, stack(0x0000000af3100000,0x0000000af3200000)]
  0x0000012f39877170 JavaThread "Cache worker for file hash cache (C:\Users\mihai\IdeaProjects\kursach2\.gradle\8.2\fileHashes)" [_thread_blocked, id=6068, stack(0x0000000af3500000,0x0000000af3600000)]
  0x0000012f398785b0 JavaThread "Cache worker for cache directory md-supplier (C:\Users\mihai\.gradle\caches\8.2\md-supplier)" [_thread_blocked, id=28420, stack(0x0000000af3600000,0x0000000af3700000)]
  0x0000012f398743e0 JavaThread "Cache worker for execution history cache (C:\Users\mihai\.gradle\caches\8.2\executionHistory)" [_thread_blocked, id=22512, stack(0x0000000af3700000,0x0000000af3800000)]
  0x0000012f39877680 JavaThread "jar transforms" [_thread_blocked, id=28208, stack(0x0000000af3800000,0x0000000af3900000)]
  0x0000012f39872fa0 JavaThread "jar transforms Thread 2" [_thread_blocked, id=19728, stack(0x0000000af3900000,0x0000000af3a00000)]
  0x0000012f39873ed0 JavaThread "jar transforms Thread 3" [_thread_blocked, id=20984, stack(0x0000000af3a00000,0x0000000af3b00000)]
  0x0000012f398799f0 JavaThread "jar transforms Thread 4" [_thread_blocked, id=22300, stack(0x0000000af3b00000,0x0000000af3c00000)]
  0x0000012f39875310 JavaThread "jar transforms Thread 5" [_thread_blocked, id=20312, stack(0x0000000af3e00000,0x0000000af3f00000)]
  0x0000012f39875820 JavaThread "jar transforms Thread 6" [_thread_blocked, id=28860, stack(0x0000000af3f00000,0x0000000af4000000)]
  0x0000012f39876240 JavaThread "jar transforms Thread 7" [_thread_blocked, id=21480, stack(0x0000000af4200000,0x0000000af4300000)]
  0x0000012f398780a0 JavaThread "jar transforms Thread 8" [_thread_blocked, id=7724, stack(0x0000000af4000000,0x0000000af4100000)]
  0x0000012f39875d30 JavaThread "Cache worker for dependencies-accessors (C:\Users\mihai\IdeaProjects\kursach2\.gradle\8.2\dependencies-accessors)" [_thread_blocked, id=22104, stack(0x0000000af4100000,0x0000000af4200000)]

Other Threads:
  0x0000012f391e0640 VMThread "VM Thread" [stack: 0x0000000af0a00000,0x0000000af0b00000] [id=26944]
  0x0000012f228337e0 WatcherThread [stack: 0x0000000af1600000,0x0000000af1700000] [id=15168]
  0x0000012f207bb240 GCTaskThread "GC Thread#0" [stack: 0x0000000af0500000,0x0000000af0600000] [id=1936]
  0x0000012f3e1f01e0 GCTaskThread "GC Thread#1" [stack: 0x0000000af1800000,0x0000000af1900000] [id=20628]
  0x0000012f3e51faa0 GCTaskThread "GC Thread#2" [stack: 0x0000000af1900000,0x0000000af1a00000] [id=25448]
  0x0000012f3e2769f0 GCTaskThread "GC Thread#3" [stack: 0x0000000af1a00000,0x0000000af1b00000] [id=9960]
  0x0000012f3e276cb0 GCTaskThread "GC Thread#4" [stack: 0x0000000af1b00000,0x0000000af1c00000] [id=25136]
  0x0000012f3e602440 GCTaskThread "GC Thread#5" [stack: 0x0000000af1c00000,0x0000000af1d00000] [id=24968]
  0x0000012f3f788cc0 GCTaskThread "GC Thread#6" [stack: 0x0000000af2600000,0x0000000af2700000] [id=1508]
  0x0000012f399c8440 GCTaskThread "GC Thread#7" [stack: 0x0000000af2700000,0x0000000af2800000] [id=10356]
  0x0000012f207be170 ConcurrentGCThread "G1 Main Marker" [stack: 0x0000000af0600000,0x0000000af0700000] [id=20072]
  0x0000012f207beb80 ConcurrentGCThread "G1 Conc#0" [stack: 0x0000000af0700000,0x0000000af0800000] [id=24376]
  0x0000012f3fcbb100 ConcurrentGCThread "G1 Conc#1" [stack: 0x0000000af2800000,0x0000000af2900000] [id=19428]
  0x0000012f228decc0 ConcurrentGCThread "G1 Refine#0" [stack: 0x0000000af0800000,0x0000000af0900000] [id=21516]
  0x0000012f3fb32020 ConcurrentGCThread "G1 Refine#1" [stack: 0x0000000af3200000,0x0000000af3300000] [id=6552]
  0x0000012f39a93030 ConcurrentGCThread "G1 Refine#2" [stack: 0x0000000af3300000,0x0000000af3400000] [id=17884]
  0x0000012f4004c850 ConcurrentGCThread "G1 Refine#3" [stack: 0x0000000af3400000,0x0000000af3500000] [id=28324]
  0x0000012f38f00c80 ConcurrentGCThread "G1 Service" [stack: 0x0000000af0900000,0x0000000af0a00000] [id=12544]

Threads with active compile tasks:

VM state: not at safepoint (normal execution)

VM Mutex/Monitor currently owned by a thread:  ([mutex/lock_event])
[0x0000012f2282ed20] Metaspace_lock - owner thread: 0x0000012f3f85a820

Heap address: 0x00000000e0000000, size: 512 MB, Compressed Oops mode: 32-bit

CDS archive(s) not mapped
Compressed class space mapped at: 0x0000000100000000-0x0000000114000000, reserved size: 335544320
Narrow klass base: 0x0000000000000000, Narrow klass shift: 3, Narrow klass range: 0x114000000

GC Precious Log:
 CPUs: 8 total, 8 available
 Memory: 15295M
 Large Page Support: Disabled
 NUMA Support: Disabled
 Compressed Oops: Enabled (32-bit)
 Heap Region Size: 1M
 Heap Min Capacity: 256M
 Heap Initial Capacity: 256M
 Heap Max Capacity: 512M
 Pre-touch: Disabled
 Parallel Workers: 8
 Concurrent Workers: 2
 Concurrent Refinement Workers: 8
 Periodic GC: Disabled

Heap:
 garbage-first heap   total 262144K, used 101455K [0x00000000e0000000, 0x0000000100000000)
  region size 1024K, 75 young (76800K), 2 survivors (2048K)
 Metaspace       used 44535K, committed 44864K, reserved 393216K
  class space    used 5841K, committed 5952K, reserved 327680K

Heap Regions: E=young(eden), S=young(survivor), O=old, HS=humongous(starts), HC=humongous(continues), CS=collection set, F=free, OA=open archive, CA=closed archive, TAMS=top-at-mark-start (previous, next)
|   0|0x00000000e0000000, 0x00000000e0100000, 0x00000000e0100000|100%|HS|  |TAMS 0x00000000e0100000, 0x00000000e0000000| Complete 
|   1|0x00000000e0100000, 0x00000000e0200000, 0x00000000e0200000|100%|HC|  |TAMS 0x00000000e0200000, 0x00000000e0100000| Complete 
|   2|0x00000000e0200000, 0x00000000e0300000, 0x00000000e0300000|100%|HC|  |TAMS 0x00000000e0300000, 0x00000000e0200000| Complete 
|   3|0x00000000e0300000, 0x00000000e0400000, 0x00000000e0400000|100%|HC|  |TAMS 0x00000000e0400000, 0x00000000e0300000| Complete 
|   4|0x00000000e0400000, 0x00000000e0500000, 0x00000000e0500000|100%| O|  |TAMS 0x00000000e0500000, 0x00000000e0400000| Untracked 
|   5|0x00000000e0500000, 0x00000000e0600000, 0x00000000e0600000|100%| O|  |TAMS 0x00000000e0600000, 0x00000000e0500000| Untracked 
|   6|0x00000000e0600000, 0x00000000e0700000, 0x00000000e0700000|100%| O|  |TAMS 0x00000000e0700000, 0x00000000e0600000| Untracked 
|   7|0x00000000e0700000, 0x00000000e0800000, 0x00000000e0800000|100%|HS|  |TAMS 0x00000000e0700000, 0x00000000e0700000| Complete 
|   8|0x00000000e0800000, 0x00000000e0900000, 0x00000000e0900000|100%| O|  |TAMS 0x00000000e0900000, 0x00000000e0800000| Complete 
|   9|0x00000000e0900000, 0x00000000e0a00000, 0x00000000e0a00000|100%| O|  |TAMS 0x00000000e0a00000, 0x00000000e0900000| Untracked 
|  10|0x00000000e0a00000, 0x00000000e0b00000, 0x00000000e0b00000|100%| O|  |TAMS 0x00000000e0b00000, 0x00000000e0a00000| Untracked 
|  11|0x00000000e0b00000, 0x00000000e0c00000, 0x00000000e0c00000|100%| O|  |TAMS 0x00000000e0c00000, 0x00000000e0b00000| Untracked 
|  12|0x00000000e0c00000, 0x00000000e0d00000, 0x00000000e0d00000|100%| O|  |TAMS 0x00000000e0d00000, 0x00000000e0c00000| Untracked 
|  13|0x00000000e0d00000, 0x00000000e0e00000, 0x00000000e0e00000|100%| O|  |TAMS 0x00000000e0e00000, 0x00000000e0d00000| Untracked 
|  14|0x00000000e0e00000, 0x00000000e0f00000, 0x00000000e0f00000|100%| O|  |TAMS 0x00000000e0f00000, 0x00000000e0e00000| Untracked 
|  15|0x00000000e0f00000, 0x00000000e1000000, 0x00000000e1000000|100%| O|  |TAMS 0x00000000e1000000, 0x00000000e0f00000| Untracked 
|  16|0x00000000e1000000, 0x00000000e1100000, 0x00000000e1100000|100%| O|  |TAMS 0x00000000e1100000, 0x00000000e1000000| Untracked 
|  17|0x00000000e1100000, 0x00000000e1200000, 0x00000000e1200000|100%| O|  |TAMS 0x00000000e1200000, 0x00000000e1100000| Untracked 
|  18|0x00000000e1200000, 0x00000000e1300000, 0x00000000e1300000|100%| O|  |TAMS 0x00000000e1300000, 0x00000000e1200000| Untracked 
|  19|0x00000000e1300000, 0x00000000e1400000, 0x00000000e1400000|100%| O|  |TAMS 0x00000000e1400000, 0x00000000e1300000| Untracked 
|  20|0x00000000e1400000, 0x00000000e1500000, 0x00000000e1500000|100%| O|  |TAMS 0x00000000e1500000, 0x00000000e1400000| Untracked 
|  21|0x00000000e1500000, 0x00000000e1600000, 0x00000000e1600000|100%| O|  |TAMS 0x00000000e1600000, 0x00000000e1500000| Untracked 
|  22|0x00000000e1600000, 0x00000000e16eae00, 0x00000000e1700000| 91%| O|  |TAMS 0x00000000e16eae00, 0x00000000e1600000| Untracked 
|  23|0x00000000e1700000, 0x00000000e1800000, 0x00000000e1800000|100%|HS|  |TAMS 0x00000000e1700000, 0x00000000e1700000| Complete 
|  24|0x00000000e1800000, 0x00000000e1900000, 0x00000000e1900000|100%|HC|  |TAMS 0x00000000e1800000, 0x00000000e1800000| Complete 
|  25|0x00000000e1900000, 0x00000000e1a00000, 0x00000000e1a00000|100%|HS|  |TAMS 0x00000000e1900000, 0x00000000e1900000| Complete 
|  26|0x00000000e1a00000, 0x00000000e1b00000, 0x00000000e1b00000|100%|HC|  |TAMS 0x00000000e1a00000, 0x00000000e1a00000| Complete 
|  27|0x00000000e1b00000, 0x00000000e1b00000, 0x00000000e1c00000|  0%| F|  |TAMS 0x00000000e1b00000, 0x00000000e1b00000| Untracked 
|  28|0x00000000e1c00000, 0x00000000e1c00000, 0x00000000e1d00000|  0%| F|  |TAMS 0x00000000e1c00000, 0x00000000e1c00000| Untracked 
|  29|0x00000000e1d00000, 0x00000000e1d00000, 0x00000000e1e00000|  0%| F|  |TAMS 0x00000000e1d00000, 0x00000000e1d00000| Untracked 
|  30|0x00000000e1e00000, 0x00000000e1e00000, 0x00000000e1f00000|  0%| F|  |TAMS 0x00000000e1e00000, 0x00000000e1e00000| Untracked 
|  31|0x00000000e1f00000, 0x00000000e1f00000, 0x00000000e2000000|  0%| F|  |TAMS 0x00000000e1f00000, 0x00000000e1f00000| Untracked 
|  32|0x00000000e2000000, 0x00000000e2000000, 0x00000000e2100000|  0%| F|  |TAMS 0x00000000e2000000, 0x00000000e2000000| Untracked 
|  33|0x00000000e2100000, 0x00000000e2100000, 0x00000000e2200000|  0%| F|  |TAMS 0x00000000e2100000, 0x00000000e2100000| Untracked 
|  34|0x00000000e2200000, 0x00000000e2200000, 0x00000000e2300000|  0%| F|  |TAMS 0x00000000e2200000, 0x00000000e2200000| Untracked 
|  35|0x00000000e2300000, 0x00000000e2300000, 0x00000000e2400000|  0%| F|  |TAMS 0x00000000e2300000, 0x00000000e2300000| Untracked 
|  36|0x00000000e2400000, 0x00000000e2400000, 0x00000000e2500000|  0%| F|  |TAMS 0x00000000e2400000, 0x00000000e2400000| Untracked 
|  37|0x00000000e2500000, 0x00000000e2500000, 0x00000000e2600000|  0%| F|  |TAMS 0x00000000e2500000, 0x00000000e2500000| Untracked 
|  38|0x00000000e2600000, 0x00000000e2600000, 0x00000000e2700000|  0%| F|  |TAMS 0x00000000e2600000, 0x00000000e2600000| Untracked 
|  39|0x00000000e2700000, 0x00000000e2700000, 0x00000000e2800000|  0%| F|  |TAMS 0x00000000e2700000, 0x00000000e2700000| Untracked 
|  40|0x00000000e2800000, 0x00000000e2800000, 0x00000000e2900000|  0%| F|  |TAMS 0x00000000e2800000, 0x00000000e2800000| Untracked 
|  41|0x00000000e2900000, 0x00000000e2900000, 0x00000000e2a00000|  0%| F|  |TAMS 0x00000000e2900000, 0x00000000e2900000| Untracked 
|  42|0x00000000e2a00000, 0x00000000e2a00000, 0x00000000e2b00000|  0%| F|  |TAMS 0x00000000e2a00000, 0x00000000e2a00000| Untracked 
|  43|0x00000000e2b00000, 0x00000000e2b00000, 0x00000000e2c00000|  0%| F|  |TAMS 0x00000000e2b00000, 0x00000000e2b00000| Untracked 
|  44|0x00000000e2c00000, 0x00000000e2c00000, 0x00000000e2d00000|  0%| F|  |TAMS 0x00000000e2c00000, 0x00000000e2c00000| Untracked 
|  45|0x00000000e2d00000, 0x00000000e2d00000, 0x00000000e2e00000|  0%| F|  |TAMS 0x00000000e2d00000, 0x00000000e2d00000| Untracked 
|  46|0x00000000e2e00000, 0x00000000e2e00000, 0x00000000e2f00000|  0%| F|  |TAMS 0x00000000e2e00000, 0x00000000e2e00000| Untracked 
|  47|0x00000000e2f00000, 0x00000000e2f00000, 0x00000000e3000000|  0%| F|  |TAMS 0x00000000e2f00000, 0x00000000e2f00000| Untracked 
|  48|0x00000000e3000000, 0x00000000e3000000, 0x00000000e3100000|  0%| F|  |TAMS 0x00000000e3000000, 0x00000000e3000000| Untracked 
|  49|0x00000000e3100000, 0x00000000e3100000, 0x00000000e3200000|  0%| F|  |TAMS 0x00000000e3100000, 0x00000000e3100000| Untracked 
|  50|0x00000000e3200000, 0x00000000e3200000, 0x00000000e3300000|  0%| F|  |TAMS 0x00000000e3200000, 0x00000000e3200000| Untracked 
|  51|0x00000000e3300000, 0x00000000e3300000, 0x00000000e3400000|  0%| F|  |TAMS 0x00000000e3300000, 0x00000000e3300000| Untracked 
|  52|0x00000000e3400000, 0x00000000e3400000, 0x00000000e3500000|  0%| F|  |TAMS 0x00000000e3400000, 0x00000000e3400000| Untracked 
|  53|0x00000000e3500000, 0x00000000e3500000, 0x00000000e3600000|  0%| F|  |TAMS 0x00000000e3500000, 0x00000000e3500000| Untracked 
|  54|0x00000000e3600000, 0x00000000e3600000, 0x00000000e3700000|  0%| F|  |TAMS 0x00000000e3600000, 0x00000000e3600000| Untracked 
|  55|0x00000000e3700000, 0x00000000e3700000, 0x00000000e3800000|  0%| F|  |TAMS 0x00000000e3700000, 0x00000000e3700000| Untracked 
|  56|0x00000000e3800000, 0x00000000e3800000, 0x00000000e3900000|  0%| F|  |TAMS 0x00000000e3800000, 0x00000000e3800000| Untracked 
|  57|0x00000000e3900000, 0x00000000e3900000, 0x00000000e3a00000|  0%| F|  |TAMS 0x00000000e3900000, 0x00000000e3900000| Untracked 
|  58|0x00000000e3a00000, 0x00000000e3a00000, 0x00000000e3b00000|  0%| F|  |TAMS 0x00000000e3a00000, 0x00000000e3a00000| Untracked 
|  59|0x00000000e3b00000, 0x00000000e3b00000, 0x00000000e3c00000|  0%| F|  |TAMS 0x00000000e3b00000, 0x00000000e3b00000| Untracked 
|  60|0x00000000e3c00000, 0x00000000e3c00000, 0x00000000e3d00000|  0%| F|  |TAMS 0x00000000e3c00000, 0x00000000e3c00000| Untracked 
|  61|0x00000000e3d00000, 0x00000000e3d00000, 0x00000000e3e00000|  0%| F|  |TAMS 0x00000000e3d00000, 0x00000000e3d00000| Untracked 
|  62|0x00000000e3e00000, 0x00000000e3e00000, 0x00000000e3f00000|  0%| F|  |TAMS 0x00000000e3e00000, 0x00000000e3e00000| Untracked 
|  63|0x00000000e3f00000, 0x00000000e3f00000, 0x00000000e4000000|  0%| F|  |TAMS 0x00000000e3f00000, 0x00000000e3f00000| Untracked 
|  64|0x00000000e4000000, 0x00000000e4000000, 0x00000000e4100000|  0%| F|  |TAMS 0x00000000e4000000, 0x00000000e4000000| Untracked 
|  65|0x00000000e4100000, 0x00000000e4100000, 0x00000000e4200000|  0%| F|  |TAMS 0x00000000e4100000, 0x00000000e4100000| Untracked 
|  66|0x00000000e4200000, 0x00000000e4200000, 0x00000000e4300000|  0%| F|  |TAMS 0x00000000e4200000, 0x00000000e4200000| Untracked 
|  67|0x00000000e4300000, 0x00000000e4300000, 0x00000000e4400000|  0%| F|  |TAMS 0x00000000e4300000, 0x00000000e4300000| Untracked 
|  68|0x00000000e4400000, 0x00000000e4400000, 0x00000000e4500000|  0%| F|  |TAMS 0x00000000e4400000, 0x00000000e4400000| Untracked 
|  69|0x00000000e4500000, 0x00000000e4500000, 0x00000000e4600000|  0%| F|  |TAMS 0x00000000e4500000, 0x00000000e4500000| Untracked 
|  70|0x00000000e4600000, 0x00000000e4600000, 0x00000000e4700000|  0%| F|  |TAMS 0x00000000e4600000, 0x00000000e4600000| Untracked 
|  71|0x00000000e4700000, 0x00000000e4700000, 0x00000000e4800000|  0%| F|  |TAMS 0x00000000e4700000, 0x00000000e4700000| Untracked 
|  72|0x00000000e4800000, 0x00000000e4800000, 0x00000000e4900000|  0%| F|  |TAMS 0x00000000e4800000, 0x00000000e4800000| Untracked 
|  73|0x00000000e4900000, 0x00000000e4900000, 0x00000000e4a00000|  0%| F|  |TAMS 0x00000000e4900000, 0x00000000e4900000| Untracked 
|  74|0x00000000e4a00000, 0x00000000e4a00000, 0x00000000e4b00000|  0%| F|  |TAMS 0x00000000e4a00000, 0x00000000e4a00000| Untracked 
|  75|0x00000000e4b00000, 0x00000000e4b00000, 0x00000000e4c00000|  0%| F|  |TAMS 0x00000000e4b00000, 0x00000000e4b00000| Untracked 
|  76|0x00000000e4c00000, 0x00000000e4c00000, 0x00000000e4d00000|  0%| F|  |TAMS 0x00000000e4c00000, 0x00000000e4c00000| Untracked 
|  77|0x00000000e4d00000, 0x00000000e4d00000, 0x00000000e4e00000|  0%| F|  |TAMS 0x00000000e4d00000, 0x00000000e4d00000| Untracked 
|  78|0x00000000e4e00000, 0x00000000e4e00000, 0x00000000e4f00000|  0%| F|  |TAMS 0x00000000e4e00000, 0x00000000e4e00000| Untracked 
|  79|0x00000000e4f00000, 0x00000000e4f00000, 0x00000000e5000000|  0%| F|  |TAMS 0x00000000e4f00000, 0x00000000e4f00000| Untracked 
|  80|0x00000000e5000000, 0x00000000e5000000, 0x00000000e5100000|  0%| F|  |TAMS 0x00000000e5000000, 0x00000000e5000000| Untracked 
|  81|0x00000000e5100000, 0x00000000e5100000, 0x00000000e5200000|  0%| F|  |TAMS 0x00000000e5100000, 0x00000000e5100000| Untracked 
|  82|0x00000000e5200000, 0x00000000e5200000, 0x00000000e5300000|  0%| F|  |TAMS 0x00000000e5200000, 0x00000000e5200000| Untracked 
|  83|0x00000000e5300000, 0x00000000e5300000, 0x00000000e5400000|  0%| F|  |TAMS 0x00000000e5300000, 0x00000000e5300000| Untracked 
|  84|0x00000000e5400000, 0x00000000e5400000, 0x00000000e5500000|  0%| F|  |TAMS 0x00000000e5400000, 0x00000000e5400000| Untracked 
|  85|0x00000000e5500000, 0x00000000e5500000, 0x00000000e5600000|  0%| F|  |TAMS 0x00000000e5500000, 0x00000000e5500000| Untracked 
|  86|0x00000000e5600000, 0x00000000e5600000, 0x00000000e5700000|  0%| F|  |TAMS 0x00000000e5600000, 0x00000000e5600000| Untracked 
|  87|0x00000000e5700000, 0x00000000e5700000, 0x00000000e5800000|  0%| F|  |TAMS 0x00000000e5700000, 0x00000000e5700000| Untracked 
|  88|0x00000000e5800000, 0x00000000e5800000, 0x00000000e5900000|  0%| F|  |TAMS 0x00000000e5800000, 0x00000000e5800000| Untracked 
|  89|0x00000000e5900000, 0x00000000e5900000, 0x00000000e5a00000|  0%| F|  |TAMS 0x00000000e5900000, 0x00000000e5900000| Untracked 
|  90|0x00000000e5a00000, 0x00000000e5a00000, 0x00000000e5b00000|  0%| F|  |TAMS 0x00000000e5a00000, 0x00000000e5a00000| Untracked 
|  91|0x00000000e5b00000, 0x00000000e5b00000, 0x00000000e5c00000|  0%| F|  |TAMS 0x00000000e5b00000, 0x00000000e5b00000| Untracked 
|  92|0x00000000e5c00000, 0x00000000e5c00000, 0x00000000e5d00000|  0%| F|  |TAMS 0x00000000e5c00000, 0x00000000e5c00000| Untracked 
|  93|0x00000000e5d00000, 0x00000000e5d00000, 0x00000000e5e00000|  0%| F|  |TAMS 0x00000000e5d00000, 0x00000000e5d00000| Untracked 
|  94|0x00000000e5e00000, 0x00000000e5e00000, 0x00000000e5f00000|  0%| F|  |TAMS 0x00000000e5e00000, 0x00000000e5e00000| Untracked 
|  95|0x00000000e5f00000, 0x00000000e5f00000, 0x00000000e6000000|  0%| F|  |TAMS 0x00000000e5f00000, 0x00000000e5f00000| Untracked 
|  96|0x00000000e6000000, 0x00000000e6000000, 0x00000000e6100000|  0%| F|  |TAMS 0x00000000e6000000, 0x00000000e6000000| Untracked 
|  97|0x00000000e6100000, 0x00000000e6100000, 0x00000000e6200000|  0%| F|  |TAMS 0x00000000e6100000, 0x00000000e6100000| Untracked 
|  98|0x00000000e6200000, 0x00000000e6200000, 0x00000000e6300000|  0%| F|  |TAMS 0x00000000e6200000, 0x00000000e6200000| Untracked 
|  99|0x00000000e6300000, 0x00000000e6300000, 0x00000000e6400000|  0%| F|  |TAMS 0x00000000e6300000, 0x00000000e6300000| Untracked 
| 100|0x00000000e6400000, 0x00000000e6400000, 0x00000000e6500000|  0%| F|  |TAMS 0x00000000e6400000, 0x00000000e6400000| Untracked 
| 101|0x00000000e6500000, 0x00000000e6500000, 0x00000000e6600000|  0%| F|  |TAMS 0x00000000e6500000, 0x00000000e6500000| Untracked 
| 102|0x00000000e6600000, 0x00000000e6600000, 0x00000000e6700000|  0%| F|  |TAMS 0x00000000e6600000, 0x00000000e6600000| Untracked 
| 103|0x00000000e6700000, 0x00000000e6700000, 0x00000000e6800000|  0%| F|  |TAMS 0x00000000e6700000, 0x00000000e6700000| Untracked 
| 104|0x00000000e6800000, 0x00000000e6800000, 0x00000000e6900000|  0%| F|  |TAMS 0x00000000e6800000, 0x00000000e6800000| Untracked 
| 105|0x00000000e6900000, 0x00000000e6900000, 0x00000000e6a00000|  0%| F|  |TAMS 0x00000000e6900000, 0x00000000e6900000| Untracked 
| 106|0x00000000e6a00000, 0x00000000e6a00000, 0x00000000e6b00000|  0%| F|  |TAMS 0x00000000e6a00000, 0x00000000e6a00000| Untracked 
| 107|0x00000000e6b00000, 0x00000000e6b00000, 0x00000000e6c00000|  0%| F|  |TAMS 0x00000000e6b00000, 0x00000000e6b00000| Untracked 
| 108|0x00000000e6c00000, 0x00000000e6c00000, 0x00000000e6d00000|  0%| F|  |TAMS 0x00000000e6c00000, 0x00000000e6c00000| Untracked 
| 109|0x00000000e6d00000, 0x00000000e6d00000, 0x00000000e6e00000|  0%| F|  |TAMS 0x00000000e6d00000, 0x00000000e6d00000| Untracked 
| 110|0x00000000e6e00000, 0x00000000e6e00000, 0x00000000e6f00000|  0%| F|  |TAMS 0x00000000e6e00000, 0x00000000e6e00000| Untracked 
| 111|0x00000000e6f00000, 0x00000000e6f00000, 0x00000000e7000000|  0%| F|  |TAMS 0x00000000e6f00000, 0x00000000e6f00000| Untracked 
| 112|0x00000000e7000000, 0x00000000e7000000, 0x00000000e7100000|  0%| F|  |TAMS 0x00000000e7000000, 0x00000000e7000000| Untracked 
| 113|0x00000000e7100000, 0x00000000e7100000, 0x00000000e7200000|  0%| F|  |TAMS 0x00000000e7100000, 0x00000000e7100000| Untracked 
| 114|0x00000000e7200000, 0x00000000e7200000, 0x00000000e7300000|  0%| F|  |TAMS 0x00000000e7200000, 0x00000000e7200000| Untracked 
| 115|0x00000000e7300000, 0x00000000e7300000, 0x00000000e7400000|  0%| F|  |TAMS 0x00000000e7300000, 0x00000000e7300000| Untracked 
| 116|0x00000000e7400000, 0x00000000e7400000, 0x00000000e7500000|  0%| F|  |TAMS 0x00000000e7400000, 0x00000000e7400000| Untracked 
| 117|0x00000000e7500000, 0x00000000e7500000, 0x00000000e7600000|  0%| F|  |TAMS 0x00000000e7500000, 0x00000000e7500000| Untracked 
| 118|0x00000000e7600000, 0x00000000e7600000, 0x00000000e7700000|  0%| F|  |TAMS 0x00000000e7600000, 0x00000000e7600000| Untracked 
| 119|0x00000000e7700000, 0x00000000e7700000, 0x00000000e7800000|  0%| F|  |TAMS 0x00000000e7700000, 0x00000000e7700000| Untracked 
| 120|0x00000000e7800000, 0x00000000e7800000, 0x00000000e7900000|  0%| F|  |TAMS 0x00000000e7800000, 0x00000000e7800000| Untracked 
| 121|0x00000000e7900000, 0x00000000e7900000, 0x00000000e7a00000|  0%| F|  |TAMS 0x00000000e7900000, 0x00000000e7900000| Untracked 
| 122|0x00000000e7a00000, 0x00000000e7a00000, 0x00000000e7b00000|  0%| F|  |TAMS 0x00000000e7a00000, 0x00000000e7a00000| Untracked 
| 123|0x00000000e7b00000, 0x00000000e7b00000, 0x00000000e7c00000|  0%| F|  |TAMS 0x00000000e7b00000, 0x00000000e7b00000| Untracked 
| 124|0x00000000e7c00000, 0x00000000e7c00000, 0x00000000e7d00000|  0%| F|  |TAMS 0x00000000e7c00000, 0x00000000e7c00000| Untracked 
| 125|0x00000000e7d00000, 0x00000000e7d00000, 0x00000000e7e00000|  0%| F|  |TAMS 0x00000000e7d00000, 0x00000000e7d00000| Untracked 
| 126|0x00000000e7e00000, 0x00000000e7e00000, 0x00000000e7f00000|  0%| F|  |TAMS 0x00000000e7e00000, 0x00000000e7e00000| Untracked 
| 127|0x00000000e7f00000, 0x00000000e7f00000, 0x00000000e8000000|  0%| F|  |TAMS 0x00000000e7f00000, 0x00000000e7f00000| Untracked 
| 128|0x00000000e8000000, 0x00000000e8000000, 0x00000000e8100000|  0%| F|  |TAMS 0x00000000e8000000, 0x00000000e8000000| Untracked 
| 129|0x00000000e8100000, 0x00000000e8100000, 0x00000000e8200000|  0%| F|  |TAMS 0x00000000e8100000, 0x00000000e8100000| Untracked 
| 130|0x00000000e8200000, 0x00000000e8200000, 0x00000000e8300000|  0%| F|  |TAMS 0x00000000e8200000, 0x00000000e8200000| Untracked 
| 131|0x00000000e8300000, 0x00000000e8300000, 0x00000000e8400000|  0%| F|  |TAMS 0x00000000e8300000, 0x00000000e8300000| Untracked 
| 132|0x00000000e8400000, 0x00000000e8400000, 0x00000000e8500000|  0%| F|  |TAMS 0x00000000e8400000, 0x00000000e8400000| Untracked 
| 133|0x00000000e8500000, 0x00000000e8500000, 0x00000000e8600000|  0%| F|  |TAMS 0x00000000e8500000, 0x00000000e8500000| Untracked 
| 134|0x00000000e8600000, 0x00000000e8600000, 0x00000000e8700000|  0%| F|  |TAMS 0x00000000e8600000, 0x00000000e8600000| Untracked 
| 135|0x00000000e8700000, 0x00000000e8700000, 0x00000000e8800000|  0%| F|  |TAMS 0x00000000e8700000, 0x00000000e8700000| Untracked 
| 136|0x00000000e8800000, 0x00000000e8800000, 0x00000000e8900000|  0%| F|  |TAMS 0x00000000e8800000, 0x00000000e8800000| Untracked 
| 137|0x00000000e8900000, 0x00000000e8900000, 0x00000000e8a00000|  0%| F|  |TAMS 0x00000000e8900000, 0x00000000e8900000| Untracked 
| 138|0x00000000e8a00000, 0x00000000e8a00000, 0x00000000e8b00000|  0%| F|  |TAMS 0x00000000e8a00000, 0x00000000e8a00000| Untracked 
| 139|0x00000000e8b00000, 0x00000000e8b00000, 0x00000000e8c00000|  0%| F|  |TAMS 0x00000000e8b00000, 0x00000000e8b00000| Untracked 
| 140|0x00000000e8c00000, 0x00000000e8c00000, 0x00000000e8d00000|  0%| F|  |TAMS 0x00000000e8c00000, 0x00000000e8c00000| Untracked 
| 141|0x00000000e8d00000, 0x00000000e8d00000, 0x00000000e8e00000|  0%| F|  |TAMS 0x00000000e8d00000, 0x00000000e8d00000| Untracked 
| 142|0x00000000e8e00000, 0x00000000e8e00000, 0x00000000e8f00000|  0%| F|  |TAMS 0x00000000e8e00000, 0x00000000e8e00000| Untracked 
| 143|0x00000000e8f00000, 0x00000000e8f00000, 0x00000000e9000000|  0%| F|  |TAMS 0x00000000e8f00000, 0x00000000e8f00000| Untracked 
| 144|0x00000000e9000000, 0x00000000e9000000, 0x00000000e9100000|  0%| F|  |TAMS 0x00000000e9000000, 0x00000000e9000000| Untracked 
| 145|0x00000000e9100000, 0x00000000e9100000, 0x00000000e9200000|  0%| F|  |TAMS 0x00000000e9100000, 0x00000000e9100000| Untracked 
| 146|0x00000000e9200000, 0x00000000e9200000, 0x00000000e9300000|  0%| F|  |TAMS 0x00000000e9200000, 0x00000000e9200000| Untracked 
| 147|0x00000000e9300000, 0x00000000e9300000, 0x00000000e9400000|  0%| F|  |TAMS 0x00000000e9300000, 0x00000000e9300000| Untracked 
| 148|0x00000000e9400000, 0x00000000e9400000, 0x00000000e9500000|  0%| F|  |TAMS 0x00000000e9400000, 0x00000000e9400000| Untracked 
| 149|0x00000000e9500000, 0x00000000e9500000, 0x00000000e9600000|  0%| F|  |TAMS 0x00000000e9500000, 0x00000000e9500000| Untracked 
| 150|0x00000000e9600000, 0x00000000e9600000, 0x00000000e9700000|  0%| F|  |TAMS 0x00000000e9600000, 0x00000000e9600000| Untracked 
| 151|0x00000000e9700000, 0x00000000e9700000, 0x00000000e9800000|  0%| F|  |TAMS 0x00000000e9700000, 0x00000000e9700000| Untracked 
| 152|0x00000000e9800000, 0x00000000e9800000, 0x00000000e9900000|  0%| F|  |TAMS 0x00000000e9800000, 0x00000000e9800000| Untracked 
| 153|0x00000000e9900000, 0x00000000e9900000, 0x00000000e9a00000|  0%| F|  |TAMS 0x00000000e9900000, 0x00000000e9900000| Untracked 
| 154|0x00000000e9a00000, 0x00000000e9a00000, 0x00000000e9b00000|  0%| F|  |TAMS 0x00000000e9a00000, 0x00000000e9a00000| Untracked 
| 155|0x00000000e9b00000, 0x00000000e9b00000, 0x00000000e9c00000|  0%| F|  |TAMS 0x00000000e9b00000, 0x00000000e9b00000| Untracked 
| 156|0x00000000e9c00000, 0x00000000e9c00000, 0x00000000e9d00000|  0%| F|  |TAMS 0x00000000e9c00000, 0x00000000e9c00000| Untracked 
| 157|0x00000000e9d00000, 0x00000000e9d00000, 0x00000000e9e00000|  0%| F|  |TAMS 0x00000000e9d00000, 0x00000000e9d00000| Untracked 
| 158|0x00000000e9e00000, 0x00000000e9e00000, 0x00000000e9f00000|  0%| F|  |TAMS 0x00000000e9e00000, 0x00000000e9e00000| Untracked 
| 159|0x00000000e9f00000, 0x00000000e9f00000, 0x00000000ea000000|  0%| F|  |TAMS 0x00000000e9f00000, 0x00000000e9f00000| Untracked 
| 160|0x00000000ea000000, 0x00000000ea000000, 0x00000000ea100000|  0%| F|  |TAMS 0x00000000ea000000, 0x00000000ea000000| Untracked 
| 161|0x00000000ea100000, 0x00000000ea100000, 0x00000000ea200000|  0%| F|  |TAMS 0x00000000ea100000, 0x00000000ea100000| Untracked 
| 162|0x00000000ea200000, 0x00000000ea200000, 0x00000000ea300000|  0%| F|  |TAMS 0x00000000ea200000, 0x00000000ea200000| Untracked 
| 163|0x00000000ea300000, 0x00000000ea300000, 0x00000000ea400000|  0%| F|  |TAMS 0x00000000ea300000, 0x00000000ea300000| Untracked 
| 164|0x00000000ea400000, 0x00000000ea400000, 0x00000000ea500000|  0%| F|  |TAMS 0x00000000ea400000, 0x00000000ea400000| Untracked 
| 165|0x00000000ea500000, 0x00000000ea500000, 0x00000000ea600000|  0%| F|  |TAMS 0x00000000ea500000, 0x00000000ea500000| Untracked 
| 166|0x00000000ea600000, 0x00000000ea600000, 0x00000000ea700000|  0%| F|  |TAMS 0x00000000ea600000, 0x00000000ea600000| Untracked 
| 167|0x00000000ea700000, 0x00000000ea700000, 0x00000000ea800000|  0%| F|  |TAMS 0x00000000ea700000, 0x00000000ea700000| Untracked 
| 168|0x00000000ea800000, 0x00000000ea800000, 0x00000000ea900000|  0%| F|  |TAMS 0x00000000ea800000, 0x00000000ea800000| Untracked 
| 169|0x00000000ea900000, 0x00000000ea900000, 0x00000000eaa00000|  0%| F|  |TAMS 0x00000000ea900000, 0x00000000ea900000| Untracked 
| 170|0x00000000eaa00000, 0x00000000eaa00000, 0x00000000eab00000|  0%| F|  |TAMS 0x00000000eaa00000, 0x00000000eaa00000| Untracked 
| 171|0x00000000eab00000, 0x00000000eab00000, 0x00000000eac00000|  0%| F|  |TAMS 0x00000000eab00000, 0x00000000eab00000| Untracked 
| 172|0x00000000eac00000, 0x00000000eac00000, 0x00000000ead00000|  0%| F|  |TAMS 0x00000000eac00000, 0x00000000eac00000| Untracked 
| 173|0x00000000ead00000, 0x00000000ead00000, 0x00000000eae00000|  0%| F|  |TAMS 0x00000000ead00000, 0x00000000ead00000| Untracked 
| 174|0x00000000eae00000, 0x00000000eae00000, 0x00000000eaf00000|  0%| F|  |TAMS 0x00000000eae00000, 0x00000000eae00000| Untracked 
| 175|0x00000000eaf00000, 0x00000000eaf00000, 0x00000000eb000000|  0%| F|  |TAMS 0x00000000eaf00000, 0x00000000eaf00000| Untracked 
| 176|0x00000000eb000000, 0x00000000eb000000, 0x00000000eb100000|  0%| F|  |TAMS 0x00000000eb000000, 0x00000000eb000000| Untracked 
| 177|0x00000000eb100000, 0x00000000eb100000, 0x00000000eb200000|  0%| F|  |TAMS 0x00000000eb100000, 0x00000000eb100000| Untracked 
| 178|0x00000000eb200000, 0x00000000eb200000, 0x00000000eb300000|  0%| F|  |TAMS 0x00000000eb200000, 0x00000000eb200000| Untracked 
| 179|0x00000000eb300000, 0x00000000eb300000, 0x00000000eb400000|  0%| F|  |TAMS 0x00000000eb300000, 0x00000000eb300000| Untracked 
| 180|0x00000000eb400000, 0x00000000eb400000, 0x00000000eb500000|  0%| F|  |TAMS 0x00000000eb400000, 0x00000000eb400000| Untracked 
| 181|0x00000000eb500000, 0x00000000eb500800, 0x00000000eb600000|  0%| E|  |TAMS 0x00000000eb500000, 0x00000000eb500000| Complete 
| 182|0x00000000eb600000, 0x00000000eb700000, 0x00000000eb700000|100%| E|CS|TAMS 0x00000000eb600000, 0x00000000eb600000| Complete 
| 183|0x00000000eb700000, 0x00000000eb800000, 0x00000000eb800000|100%| E|CS|TAMS 0x00000000eb700000, 0x00000000eb700000| Complete 
| 184|0x00000000eb800000, 0x00000000eb900000, 0x00000000eb900000|100%| E|CS|TAMS 0x00000000eb800000, 0x00000000eb800000| Complete 
| 185|0x00000000eb900000, 0x00000000eba00000, 0x00000000eba00000|100%| E|CS|TAMS 0x00000000eb900000, 0x00000000eb900000| Complete 
| 186|0x00000000eba00000, 0x00000000ebb00000, 0x00000000ebb00000|100%| E|CS|TAMS 0x00000000eba00000, 0x00000000eba00000| Complete 
| 187|0x00000000ebb00000, 0x00000000ebc00000, 0x00000000ebc00000|100%| E|CS|TAMS 0x00000000ebb00000, 0x00000000ebb00000| Complete 
| 188|0x00000000ebc00000, 0x00000000ebd00000, 0x00000000ebd00000|100%| E|CS|TAMS 0x00000000ebc00000, 0x00000000ebc00000| Complete 
| 189|0x00000000ebd00000, 0x00000000ebe00000, 0x00000000ebe00000|100%| E|CS|TAMS 0x00000000ebd00000, 0x00000000ebd00000| Complete 
| 190|0x00000000ebe00000, 0x00000000ebf00000, 0x00000000ebf00000|100%| E|CS|TAMS 0x00000000ebe00000, 0x00000000ebe00000| Complete 
| 191|0x00000000ebf00000, 0x00000000ec000000, 0x00000000ec000000|100%| E|CS|TAMS 0x00000000ebf00000, 0x00000000ebf00000| Complete 
| 192|0x00000000ec000000, 0x00000000ec100000, 0x00000000ec100000|100%| E|CS|TAMS 0x00000000ec000000, 0x00000000ec000000| Complete 
| 193|0x00000000ec100000, 0x00000000ec200000, 0x00000000ec200000|100%| E|CS|TAMS 0x00000000ec100000, 0x00000000ec100000| Complete 
| 194|0x00000000ec200000, 0x00000000ec300000, 0x00000000ec300000|100%| E|CS|TAMS 0x00000000ec200000, 0x00000000ec200000| Complete 
| 195|0x00000000ec300000, 0x00000000ec400000, 0x00000000ec400000|100%| E|CS|TAMS 0x00000000ec300000, 0x00000000ec300000| Complete 
| 196|0x00000000ec400000, 0x00000000ec500000, 0x00000000ec500000|100%| E|CS|TAMS 0x00000000ec400000, 0x00000000ec400000| Complete 
| 197|0x00000000ec500000, 0x00000000ec600000, 0x00000000ec600000|100%| E|CS|TAMS 0x00000000ec500000, 0x00000000ec500000| Complete 
| 198|0x00000000ec600000, 0x00000000ec700000, 0x00000000ec700000|100%| E|CS|TAMS 0x00000000ec600000, 0x00000000ec600000| Complete 
| 199|0x00000000ec700000, 0x00000000ec800000, 0x00000000ec800000|100%| E|CS|TAMS 0x00000000ec700000, 0x00000000ec700000| Complete 
| 200|0x00000000ec800000, 0x00000000ec900000, 0x00000000ec900000|100%| E|CS|TAMS 0x00000000ec800000, 0x00000000ec800000| Complete 
| 201|0x00000000ec900000, 0x00000000eca00000, 0x00000000eca00000|100%| E|CS|TAMS 0x00000000ec900000, 0x00000000ec900000| Complete 
| 202|0x00000000eca00000, 0x00000000ecb00000, 0x00000000ecb00000|100%| E|CS|TAMS 0x00000000eca00000, 0x00000000eca00000| Complete 
| 203|0x00000000ecb00000, 0x00000000ecc00000, 0x00000000ecc00000|100%| E|CS|TAMS 0x00000000ecb00000, 0x00000000ecb00000| Complete 
| 204|0x00000000ecc00000, 0x00000000ecd00000, 0x00000000ecd00000|100%| E|CS|TAMS 0x00000000ecc00000, 0x00000000ecc00000| Complete 
| 205|0x00000000ecd00000, 0x00000000ece00000, 0x00000000ece00000|100%| E|CS|TAMS 0x00000000ecd00000, 0x00000000ecd00000| Complete 
| 206|0x00000000ece00000, 0x00000000ecf00000, 0x00000000ecf00000|100%| E|CS|TAMS 0x00000000ece00000, 0x00000000ece00000| Complete 
| 207|0x00000000ecf00000, 0x00000000ed000000, 0x00000000ed000000|100%| E|CS|TAMS 0x00000000ecf00000, 0x00000000ecf00000| Complete 
| 208|0x00000000ed000000, 0x00000000ed100000, 0x00000000ed100000|100%| E|CS|TAMS 0x00000000ed000000, 0x00000000ed000000| Complete 
| 209|0x00000000ed100000, 0x00000000ed200000, 0x00000000ed200000|100%| E|CS|TAMS 0x00000000ed100000, 0x00000000ed100000| Complete 
| 210|0x00000000ed200000, 0x00000000ed300000, 0x00000000ed300000|100%| E|CS|TAMS 0x00000000ed200000, 0x00000000ed200000| Complete 
| 211|0x00000000ed300000, 0x00000000ed400000, 0x00000000ed400000|100%| E|CS|TAMS 0x00000000ed300000, 0x00000000ed300000| Complete 
| 212|0x00000000ed400000, 0x00000000ed500000, 0x00000000ed500000|100%| E|CS|TAMS 0x00000000ed400000, 0x00000000ed400000| Complete 
| 213|0x00000000ed500000, 0x00000000ed600000, 0x00000000ed600000|100%| E|CS|TAMS 0x00000000ed500000, 0x00000000ed500000| Complete 
| 214|0x00000000ed600000, 0x00000000ed700000, 0x00000000ed700000|100%| E|CS|TAMS 0x00000000ed600000, 0x00000000ed600000| Complete 
| 215|0x00000000ed700000, 0x00000000ed800000, 0x00000000ed800000|100%| E|CS|TAMS 0x00000000ed700000, 0x00000000ed700000| Complete 
| 216|0x00000000ed800000, 0x00000000ed900000, 0x00000000ed900000|100%| E|CS|TAMS 0x00000000ed800000, 0x00000000ed800000| Complete 
| 217|0x00000000ed900000, 0x00000000eda00000, 0x00000000eda00000|100%| E|CS|TAMS 0x00000000ed900000, 0x00000000ed900000| Complete 
| 218|0x00000000eda00000, 0x00000000edb00000, 0x00000000edb00000|100%| E|CS|TAMS 0x00000000eda00000, 0x00000000eda00000| Complete 
| 219|0x00000000edb00000, 0x00000000edc00000, 0x00000000edc00000|100%| E|CS|TAMS 0x00000000edb00000, 0x00000000edb00000| Complete 
| 220|0x00000000edc00000, 0x00000000edd00000, 0x00000000edd00000|100%| E|CS|TAMS 0x00000000edc00000, 0x00000000edc00000| Complete 
| 221|0x00000000edd00000, 0x00000000ede00000, 0x00000000ede00000|100%| E|CS|TAMS 0x00000000edd00000, 0x00000000edd00000| Complete 
| 222|0x00000000ede00000, 0x00000000edf00000, 0x00000000edf00000|100%| E|CS|TAMS 0x00000000ede00000, 0x00000000ede00000| Complete 
| 223|0x00000000edf00000, 0x00000000ee000000, 0x00000000ee000000|100%| E|CS|TAMS 0x00000000edf00000, 0x00000000edf00000| Complete 
| 224|0x00000000ee000000, 0x00000000ee100000, 0x00000000ee100000|100%| E|CS|TAMS 0x00000000ee000000, 0x00000000ee000000| Complete 
| 225|0x00000000ee100000, 0x00000000ee200000, 0x00000000ee200000|100%| E|CS|TAMS 0x00000000ee100000, 0x00000000ee100000| Complete 
| 226|0x00000000ee200000, 0x00000000ee300000, 0x00000000ee300000|100%| E|CS|TAMS 0x00000000ee200000, 0x00000000ee200000| Complete 
| 227|0x00000000ee300000, 0x00000000ee400000, 0x00000000ee400000|100%| E|CS|TAMS 0x00000000ee300000, 0x00000000ee300000| Complete 
| 228|0x00000000ee400000, 0x00000000ee500000, 0x00000000ee500000|100%| E|CS|TAMS 0x00000000ee400000, 0x00000000ee400000| Complete 
| 229|0x00000000ee500000, 0x00000000ee600000, 0x00000000ee600000|100%| E|CS|TAMS 0x00000000ee500000, 0x00000000ee500000| Complete 
| 230|0x00000000ee600000, 0x00000000ee700000, 0x00000000ee700000|100%| E|CS|TAMS 0x00000000ee600000, 0x00000000ee600000| Complete 
| 231|0x00000000ee700000, 0x00000000ee729168, 0x00000000ee800000| 16%| S|CS|TAMS 0x00000000ee700000, 0x00000000ee700000| Complete 
| 232|0x00000000ee800000, 0x00000000ee900000, 0x00000000ee900000|100%| S|CS|TAMS 0x00000000ee800000, 0x00000000ee800000| Complete 
| 233|0x00000000ee900000, 0x00000000eea00000, 0x00000000eea00000|100%| E|CS|TAMS 0x00000000ee900000, 0x00000000ee900000| Complete 
| 234|0x00000000eea00000, 0x00000000eeb00000, 0x00000000eeb00000|100%| E|CS|TAMS 0x00000000eea00000, 0x00000000eea00000| Complete 
| 235|0x00000000eeb00000, 0x00000000eec00000, 0x00000000eec00000|100%| E|  |TAMS 0x00000000eeb00000, 0x00000000eeb00000| Complete 
| 236|0x00000000eec00000, 0x00000000eed00000, 0x00000000eed00000|100%| E|CS|TAMS 0x00000000eec00000, 0x00000000eec00000| Complete 
| 237|0x00000000eed00000, 0x00000000eee00000, 0x00000000eee00000|100%| E|CS|TAMS 0x00000000eed00000, 0x00000000eed00000| Complete 
| 238|0x00000000eee00000, 0x00000000eef00000, 0x00000000eef00000|100%| E|CS|TAMS 0x00000000eee00000, 0x00000000eee00000| Complete 
| 239|0x00000000eef00000, 0x00000000ef000000, 0x00000000ef000000|100%| E|CS|TAMS 0x00000000eef00000, 0x00000000eef00000| Complete 
| 240|0x00000000ef000000, 0x00000000ef100000, 0x00000000ef100000|100%| E|CS|TAMS 0x00000000ef000000, 0x00000000ef000000| Complete 
| 241|0x00000000ef100000, 0x00000000ef200000, 0x00000000ef200000|100%| E|CS|TAMS 0x00000000ef100000, 0x00000000ef100000| Complete 
| 242|0x00000000ef200000, 0x00000000ef300000, 0x00000000ef300000|100%| E|CS|TAMS 0x00000000ef200000, 0x00000000ef200000| Complete 
| 243|0x00000000ef300000, 0x00000000ef400000, 0x00000000ef400000|100%| E|CS|TAMS 0x00000000ef300000, 0x00000000ef300000| Complete 
| 244|0x00000000ef400000, 0x00000000ef500000, 0x00000000ef500000|100%| E|CS|TAMS 0x00000000ef400000, 0x00000000ef400000| Complete 
| 245|0x00000000ef500000, 0x00000000ef600000, 0x00000000ef600000|100%| E|CS|TAMS 0x00000000ef500000, 0x00000000ef500000| Complete 
| 246|0x00000000ef600000, 0x00000000ef700000, 0x00000000ef700000|100%| E|CS|TAMS 0x00000000ef600000, 0x00000000ef600000| Complete 
| 247|0x00000000ef700000, 0x00000000ef800000, 0x00000000ef800000|100%| E|CS|TAMS 0x00000000ef700000, 0x00000000ef700000| Complete 
| 248|0x00000000ef800000, 0x00000000ef900000, 0x00000000ef900000|100%| E|CS|TAMS 0x00000000ef800000, 0x00000000ef800000| Complete 
| 249|0x00000000ef900000, 0x00000000efa00000, 0x00000000efa00000|100%| E|CS|TAMS 0x00000000ef900000, 0x00000000ef900000| Complete 
| 250|0x00000000efa00000, 0x00000000efb00000, 0x00000000efb00000|100%| E|CS|TAMS 0x00000000efa00000, 0x00000000efa00000| Complete 
| 251|0x00000000efb00000, 0x00000000efc00000, 0x00000000efc00000|100%| E|CS|TAMS 0x00000000efb00000, 0x00000000efb00000| Complete 
| 252|0x00000000efc00000, 0x00000000efd00000, 0x00000000efd00000|100%| E|CS|TAMS 0x00000000efc00000, 0x00000000efc00000| Complete 
| 253|0x00000000efd00000, 0x00000000efe00000, 0x00000000efe00000|100%| E|CS|TAMS 0x00000000efd00000, 0x00000000efd00000| Complete 
| 254|0x00000000efe00000, 0x00000000eff00000, 0x00000000eff00000|100%| E|CS|TAMS 0x00000000efe00000, 0x00000000efe00000| Complete 
| 255|0x00000000eff00000, 0x00000000f0000000, 0x00000000f0000000|100%| E|CS|TAMS 0x00000000eff00000, 0x00000000eff00000| Complete 

Card table byte_map: [0x0000012f35420000,0x0000012f35520000] _byte_map_base: 0x0000012f34d20000

Marking Bits (Prev, Next): (CMBitMap*) 0x0000012f207bb860, (CMBitMap*) 0x0000012f207bb8a0
 Prev Bits: [0x0000012f35620000, 0x0000012f35e20000)
 Next Bits: [0x0000012f35e20000, 0x0000012f36620000)

Polling page: 0x0000012f21fe0000

Metaspace:

Usage:
  Non-class:     37.79 MB used.
      Class:      5.70 MB used.
       Both:     43.49 MB used.

Virtual space:
  Non-class space:       64.00 MB reserved,      38.00 MB ( 59%) committed,  1 nodes.
      Class space:      320.00 MB reserved,       5.81 MB (  2%) committed,  1 nodes.
             Both:      384.00 MB reserved,      43.81 MB ( 11%) committed. 

Chunk freelists:
   Non-Class:  9.59 MB
       Class:  10.17 MB
        Both:  19.77 MB

MaxMetaspaceSize: 384.00 MB
CompressedClassSpaceSize: 320.00 MB
Initial GC threshold: 21.00 MB
Current GC threshold: 58.69 MB
CDS: off
MetaspaceReclaimPolicy: balanced
 - commit_granule_bytes: 65536.
 - commit_granule_words: 8192.
 - virtual_space_node_default_size: 8388608.
 - enlarge_chunks_in_place: 1.
 - new_chunks_are_fully_committed: 0.
 - uncommit_free_chunks: 1.
 - use_allocation_guard: 0.
 - handle_deallocations: 1.


Internal statistics:

num_allocs_failed_limit: 6.
num_arena_births: 366.
num_arena_deaths: 0.
num_vsnodes_births: 2.
num_vsnodes_deaths: 0.
num_space_committed: 701.
num_space_uncommitted: 0.
num_chunks_returned_to_freelist: 6.
num_chunks_taken_from_freelist: 1635.
num_chunk_merges: 6.
num_chunk_splits: 1102.
num_chunks_enlarged: 786.
num_inconsistent_stats: 0.

CodeHeap 'non-profiled nmethods': size=120000Kb used=2585Kb max_used=2585Kb free=117414Kb
 bounds [0x0000012f2dac0000, 0x0000012f2dd50000, 0x0000012f34ff0000]
CodeHeap 'profiled nmethods': size=120000Kb used=8724Kb max_used=8724Kb free=111275Kb
 bounds [0x0000012f25ff0000, 0x0000012f26880000, 0x0000012f2d520000]
CodeHeap 'non-nmethods': size=5760Kb used=2287Kb max_used=2331Kb free=3472Kb
 bounds [0x0000012f2d520000, 0x0000012f2d790000, 0x0000012f2dac0000]
 total_blobs=5086 nmethods=4289 adapters=709
 compilation: enabled
              stopped_count=0, restarted_count=0
 full_count=0

Compilation events (20 events):
Event: 39.300 Thread 0x0000012f39224dd0 4304       1       org.gradle.internal.operations.BuildOperationDescriptor::getDetails (5 bytes)
Event: 39.300 Thread 0x0000012f39224dd0 nmethod 4304 0x0000012f2dd42f90 code [0x0000012f2dd43120, 0x0000012f2dd431f8]
Event: 39.305 Thread 0x0000012f39224dd0 4305       1       org.gradle.internal.operations.BuildOperationDescriptor::getId (5 bytes)
Event: 39.305 Thread 0x0000012f39224dd0 nmethod 4305 0x0000012f2dd43290 code [0x0000012f2dd43420, 0x0000012f2dd434f8]
Event: 39.333 Thread 0x0000012f39224dd0 4306       3       com.google.common.cache.LocalCache::refreshes (15 bytes)
Event: 39.333 Thread 0x0000012f39224dd0 nmethod 4306 0x0000012f26872590 code [0x0000012f26872720, 0x0000012f26872898]
Event: 39.335 Thread 0x0000012f39224020 4307       4       jdk.internal.loader.URLClassPath$JarLoader$2::getBytes (48 bytes)
Event: 39.344 Thread 0x0000012f39224dd0 4309       3       java.util.regex.Pattern$BmpCharPropertyGreedy::match (89 bytes)
Event: 39.345 Thread 0x0000012f39224dd0 nmethod 4309 0x0000012f26872910 code [0x0000012f26872b00, 0x0000012f26873148]
Event: 39.357 Thread 0x0000012f39224dd0 4310       3       com.google.common.cache.LocalCache$Segment::drainRecencyQueue (45 bytes)
Event: 39.357 Thread 0x0000012f39224dd0 nmethod 4310 0x0000012f26873390 code [0x0000012f26873580, 0x0000012f26873b48]
Event: 39.357 Thread 0x0000012f39224dd0 4311       3       java.lang.Long::equals (30 bytes)
Event: 39.357 Thread 0x0000012f39224dd0 nmethod 4311 0x0000012f26873d10 code [0x0000012f26873ec0, 0x0000012f26874298]
Event: 39.382 Thread 0x0000012f39224020 nmethod 4307 0x0000012f2dd43590 code [0x0000012f2dd437e0, 0x0000012f2dd44e20]
Event: 39.382 Thread 0x0000012f39224020 4308       4       jdk.internal.loader.URLClassPath$JarLoader$2::getCodeSigners (8 bytes)
Event: 39.385 Thread 0x0000012f39224020 nmethod 4308 0x0000012f2dd45b10 code [0x0000012f2dd45ca0, 0x0000012f2dd45e68]
Event: 39.957 Thread 0x0000012f39224dd0 4312       3       java.io.File::getName (42 bytes)
Event: 39.958 Thread 0x0000012f39224dd0 nmethod 4312 0x0000012f26874390 code [0x0000012f268745e0, 0x0000012f26874e18]
Event: 40.013 Thread 0x0000012f39224020 4313       4       java.util.Collection::stream (11 bytes)
Event: 40.017 Thread 0x0000012f39224020 nmethod 4313 0x0000012f2dd46090 code [0x0000012f2dd46220, 0x0000012f2dd46538]

GC Heap History (12 events):
Event: 2.436 GC heap before
{Heap before GC invocations=0 (full 0):
 garbage-first heap   total 262144K, used 27648K [0x00000000e0000000, 0x0000000100000000)
  region size 1024K, 23 young (23552K), 0 survivors (0K)
 Metaspace       used 10516K, committed 10624K, reserved 393216K
  class space    used 1091K, committed 1152K, reserved 327680K
}
Event: 2.443 GC heap after
{Heap after GC invocations=1 (full 0):
 garbage-first heap   total 262144K, used 10400K [0x00000000e0000000, 0x0000000100000000)
  region size 1024K, 3 young (3072K), 3 survivors (3072K)
 Metaspace       used 10516K, committed 10624K, reserved 393216K
  class space    used 1091K, committed 1152K, reserved 327680K
}
Event: 3.607 GC heap before
{Heap before GC invocations=1 (full 0):
 garbage-first heap   total 262144K, used 39072K [0x00000000e0000000, 0x0000000100000000)
  region size 1024K, 30 young (30720K), 3 survivors (3072K)
 Metaspace       used 11478K, committed 11648K, reserved 393216K
  class space    used 1198K, committed 1280K, reserved 327680K
}
Event: 3.610 GC heap after
{Heap after GC invocations=2 (full 0):
 garbage-first heap   total 262144K, used 12665K [0x00000000e0000000, 0x0000000100000000)
  region size 1024K, 3 young (3072K), 3 survivors (3072K)
 Metaspace       used 11478K, committed 11648K, reserved 393216K
  class space    used 1198K, committed 1280K, reserved 327680K
}
Event: 11.047 GC heap before
{Heap before GC invocations=2 (full 0):
 garbage-first heap   total 262144K, used 55673K [0x00000000e0000000, 0x0000000100000000)
  region size 1024K, 46 young (47104K), 3 survivors (3072K)
 Metaspace       used 21295K, committed 21504K, reserved 393216K
  class space    used 2509K, committed 2624K, reserved 327680K
}
Event: 11.062 GC heap after
{Heap after GC invocations=3 (full 0):
 garbage-first heap   total 262144K, used 18584K [0x00000000e0000000, 0x0000000100000000)
  region size 1024K, 8 young (8192K), 8 survivors (8192K)
 Metaspace       used 21295K, committed 21504K, reserved 393216K
  class space    used 2509K, committed 2624K, reserved 327680K
}
Event: 19.088 GC heap before
{Heap before GC invocations=4 (full 0):
 garbage-first heap   total 262144K, used 92312K [0x00000000e0000000, 0x0000000100000000)
  region size 1024K, 80 young (81920K), 8 survivors (8192K)
 Metaspace       used 31627K, committed 31936K, reserved 393216K
  class space    used 4253K, committed 4416K, reserved 327680K
}
Event: 19.115 GC heap after
{Heap after GC invocations=5 (full 0):
 garbage-first heap   total 262144K, used 22828K [0x00000000e0000000, 0x0000000100000000)
  region size 1024K, 5 young (5120K), 5 survivors (5120K)
 Metaspace       used 31627K, committed 31936K, reserved 393216K
  class space    used 4253K, committed 4416K, reserved 327680K
}
Event: 19.931 GC heap before
{Heap before GC invocations=5 (full 0):
 garbage-first heap   total 262144K, used 28972K [0x00000000e0000000, 0x0000000100000000)
  region size 1024K, 12 young (12288K), 5 survivors (5120K)
 Metaspace       used 32456K, committed 32832K, reserved 393216K
  class space    used 4387K, committed 4544K, reserved 327680K
}
Event: 19.945 GC heap after
{Heap after GC invocations=6 (full 0):
 garbage-first heap   total 262144K, used 23202K [0x00000000e0000000, 0x0000000100000000)
  region size 1024K, 1 young (1024K), 1 survivors (1024K)
 Metaspace       used 32456K, committed 32832K, reserved 393216K
  class space    used 4387K, committed 4544K, reserved 327680K
}
Event: 26.565 GC heap before
{Heap before GC invocations=6 (full 0):
 garbage-first heap   total 262144K, used 44706K [0x00000000e0000000, 0x0000000100000000)
  region size 1024K, 23 young (23552K), 1 survivors (1024K)
 Metaspace       used 35670K, committed 35968K, reserved 393216K
  class space    used 4888K, committed 5056K, reserved 327680K
}
Event: 26.574 GC heap after
{Heap after GC invocations=7 (full 0):
 garbage-first heap   total 262144K, used 23631K [0x00000000e0000000, 0x0000000100000000)
  region size 1024K, 2 young (2048K), 2 survivors (2048K)
 Metaspace       used 35670K, committed 35968K, reserved 393216K
  class space    used 4888K, committed 5056K, reserved 327680K
}

Dll operation events (4 events):
Event: 0.028 Loaded shared library C:\Users\mihai\.jdks\jbr-17.0.8\bin\java.dll
Event: 0.243 Loaded shared library C:\Users\mihai\.jdks\jbr-17.0.8\bin\jsvml.dll
Event: 0.686 Loaded shared library C:\Users\mihai\.jdks\jbr-17.0.8\bin\zip.dll
Event: 1.732 Loaded shared library C:\Users\mihai\.jdks\jbr-17.0.8\bin\verify.dll

Deoptimization events (20 events):
Event: 37.419 Thread 0x0000012f3f85a820 Uncommon trap: trap_request=0xffffffde fr.pc=0x0000012f2dcdad80 relative=0x0000000000000060
Event: 37.419 Thread 0x0000012f3f85a820 Uncommon trap: reason=class_check action=maybe_recompile pc=0x0000012f2dcdad80 method=java.util.stream.StreamOpFlag.fromCharacteristics(Ljava/util/Spliterator;)I @ 14 c2
Event: 37.419 Thread 0x0000012f3f85a820 DEOPT PACKING pc=0x0000012f2dcdad80 sp=0x0000000af22f9f40
Event: 37.419 Thread 0x0000012f3f85a820 DEOPT UNPACKING pc=0x0000012f2d5769a3 sp=0x0000000af22f9ed8 mode 2
Event: 39.227 Thread 0x0000012f3f85a820 Uncommon trap: trap_request=0xffffff45 fr.pc=0x0000012f2dcc7d54 relative=0x0000000000005354
Event: 39.227 Thread 0x0000012f3f85a820 Uncommon trap: reason=unstable_if action=reinterpret pc=0x0000012f2dcc7d54 method=java.lang.String.split(Ljava/lang/String;I)[Ljava/lang/String; @ 209 c2
Event: 39.227 Thread 0x0000012f3f85a820 DEOPT PACKING pc=0x0000012f2dcc7d54 sp=0x0000000af22f92d0
Event: 39.227 Thread 0x0000012f3f85a820 DEOPT UNPACKING pc=0x0000012f2d5769a3 sp=0x0000000af22f92e0 mode 2
Event: 39.228 Thread 0x0000012f3f85a820 Uncommon trap: trap_request=0xffffff45 fr.pc=0x0000012f2dc63e2c relative=0x000000000000010c
Event: 39.228 Thread 0x0000012f3f85a820 Uncommon trap: reason=unstable_if action=reinterpret pc=0x0000012f2dc63e2c method=java.util.Arrays.hashCode([Ljava/lang/Object;)I @ 34 c2
Event: 39.228 Thread 0x0000012f3f85a820 DEOPT PACKING pc=0x0000012f2dc63e2c sp=0x0000000af22f8f90
Event: 39.228 Thread 0x0000012f3f85a820 DEOPT UNPACKING pc=0x0000012f2d5769a3 sp=0x0000000af22f8f08 mode 2
Event: 39.302 Thread 0x0000012f3f85a820 Uncommon trap: trap_request=0xffffffde fr.pc=0x0000012f2dbe8250 relative=0x0000000000000af0
Event: 39.302 Thread 0x0000012f3f85a820 Uncommon trap: reason=class_check action=maybe_recompile pc=0x0000012f2dbe8250 method=java.util.Collections$SetFromMap.remove(Ljava/lang/Object;)Z @ 5 c2
Event: 39.302 Thread 0x0000012f3f85a820 DEOPT PACKING pc=0x0000012f2dbe8250 sp=0x0000000af22faeb0
Event: 39.302 Thread 0x0000012f3f85a820 DEOPT UNPACKING pc=0x0000012f2d5769a3 sp=0x0000000af22faea8 mode 2
Event: 39.562 Thread 0x0000012f3f85a820 Uncommon trap: trap_request=0xffffffde fr.pc=0x0000012f2dcb6c0c relative=0x0000000000002fac
Event: 39.562 Thread 0x0000012f3f85a820 Uncommon trap: reason=class_check action=maybe_recompile pc=0x0000012f2dcb6c0c method=java.util.regex.Pattern$CharProperty.study(Ljava/util/regex/Pattern$TreeInfo;)Z @ 25 c2
Event: 39.562 Thread 0x0000012f3f85a820 DEOPT PACKING pc=0x0000012f2dcb6c0c sp=0x0000000af22fa240
Event: 39.562 Thread 0x0000012f3f85a820 DEOPT UNPACKING pc=0x0000012f2d5769a3 sp=0x0000000af22fa138 mode 2

Classes unloaded (0 events):
No events

Classes redefined (0 events):
No events

Internal exceptions (20 events):
Event: 37.352 Thread 0x0000012f3f85a820 Exception <a 'java/lang/ClassNotFoundException'{0x00000000ebd1d718}: org/gradle/api/internal/provider/DefaultPropertyCustomizer> (0x00000000ebd1d718) 
thrown [s\src\hotspot\share\classfile\systemDictionary.cpp, line 256]
Event: 37.729 Thread 0x0000012f3f85a820 Exception <a 'sun/nio/fs/WindowsException'{0x00000000ebcd4750}> (0x00000000ebcd4750) 
thrown [s\src\hotspot\share\prims\jni.cpp, line 517]
Event: 37.731 Thread 0x0000012f3f85a820 Exception <a 'sun/nio/fs/WindowsException'{0x00000000ebcd5d20}> (0x00000000ebcd5d20) 
thrown [s\src\hotspot\share\prims\jni.cpp, line 517]
Event: 37.732 Thread 0x0000012f3f85a820 Exception <a 'sun/nio/fs/WindowsException'{0x00000000ebcd72a8}> (0x00000000ebcd72a8) 
thrown [s\src\hotspot\share\prims\jni.cpp, line 517]
Event: 37.733 Thread 0x0000012f3f85a820 Exception <a 'sun/nio/fs/WindowsException'{0x00000000ebcd8840}> (0x00000000ebcd8840) 
thrown [s\src\hotspot\share\prims\jni.cpp, line 517]
Event: 38.166 Thread 0x0000012f3f85a820 Exception <a 'java/lang/IncompatibleClassChangeError'{0x00000000ebcfa4d0}: Found class java.lang.Object, but interface was expected> (0x00000000ebcfa4d0) 
thrown [s\src\hotspot\share\interpreter\linkResolver.cpp, line 838]
Event: 39.166 Thread 0x0000012f3f85a820 Exception <a 'java/lang/ClassNotFoundException'{0x00000000eba6ba80}: settings_bwi3zbhia7xy48uu5ojx66mq4BeanInfo> (0x00000000eba6ba80) 
thrown [s\src\hotspot\share\classfile\systemDictionary.cpp, line 256]
Event: 39.167 Thread 0x0000012f3f85a820 Exception <a 'java/lang/ClassNotFoundException'{0x00000000eba763b0}: org/gradle/initialization/SettingsScriptBeanInfo> (0x00000000eba763b0) 
thrown [s\src\hotspot\share\classfile\systemDictionary.cpp, line 256]
Event: 39.168 Thread 0x0000012f3f85a820 Exception <a 'java/lang/ClassNotFoundException'{0x00000000eba80e60}: org/gradle/plugin/use/internal/PluginsAwareScriptBeanInfo> (0x00000000eba80e60) 
thrown [s\src\hotspot\share\classfile\systemDictionary.cpp, line 256]
Event: 39.171 Thread 0x0000012f3f85a820 Exception <a 'java/lang/ClassNotFoundException'{0x00000000eba8b908}: org/gradle/plugin/use/internal/PluginsAwareScriptCustomizer> (0x00000000eba8b908) 
thrown [s\src\hotspot\share\classfile\systemDictionary.cpp, line 256]
Event: 39.175 Thread 0x0000012f3f85a820 Exception <a 'java/lang/ClassNotFoundException'{0x00000000eba9e308}: org/gradle/initialization/SettingsScriptCustomizer> (0x00000000eba9e308) 
thrown [s\src\hotspot\share\classfile\systemDictionary.cpp, line 256]
Event: 39.176 Thread 0x0000012f3f85a820 Exception <a 'java/lang/ClassNotFoundException'{0x00000000ebaac368}: settings_bwi3zbhia7xy48uu5ojx66mq4Customizer> (0x00000000ebaac368) 
thrown [s\src\hotspot\share\classfile\systemDictionary.cpp, line 256]
Event: 39.188 Thread 0x0000012f3f85a820 Exception <a 'java/lang/ClassNotFoundException'{0x00000000eb937c20}: org/gradle/initialization/DefaultSettings_DecoratedBeanInfo> (0x00000000eb937c20) 
thrown [s\src\hotspot\share\classfile\systemDictionary.cpp, line 256]
Event: 39.190 Thread 0x0000012f3f85a820 Exception <a 'java/lang/ClassNotFoundException'{0x00000000eb947c80}: org/gradle/initialization/DefaultSettingsBeanInfo> (0x00000000eb947c80) 
thrown [s\src\hotspot\share\classfile\systemDictionary.cpp, line 256]
Event: 39.205 Thread 0x0000012f3f85a820 Exception <a 'java/lang/ClassNotFoundException'{0x00000000eb9574d0}: org/gradle/initialization/DefaultSettingsCustomizer> (0x00000000eb9574d0) 
thrown [s\src\hotspot\share\classfile\systemDictionary.cpp, line 256]
Event: 39.210 Thread 0x0000012f3f85a820 Exception <a 'java/lang/ClassNotFoundException'{0x00000000eb99c158}: org/gradle/initialization/DefaultSettings_DecoratedCustomizer> (0x00000000eb99c158) 
thrown [s\src\hotspot\share\classfile\systemDictionary.cpp, line 256]
Event: 39.219 Thread 0x0000012f3f85a820 Exception <a 'java/lang/ClassNotFoundException'{0x00000000eb8103a8}: org/gradle/initialization/DefaultProjectDescriptorBeanInfo> (0x00000000eb8103a8) 
thrown [s\src\hotspot\share\classfile\systemDictionary.cpp, line 256]
Event: 39.221 Thread 0x0000012f3f85a820 Exception <a 'java/lang/ClassNotFoundException'{0x00000000eb81ed98}: org/gradle/initialization/DefaultProjectDescriptorCustomizer> (0x00000000eb81ed98) 
thrown [s\src\hotspot\share\classfile\systemDictionary.cpp, line 256]
Event: 39.228 Thread 0x0000012f3f85a820 Implicit null exception at 0x0000012f2dc63d6c to 0x0000012f2dc63e10
Event: 39.236 Thread 0x0000012f3f85a820 Exception <a 'java/lang/NoSuchMethodError'{0x00000000eb872518}: 'void java.lang.invoke.DirectMethodHandle$Holder.invokeInterface(java.lang.Object, java.lang.Object)'> (0x00000000eb872518) 
thrown [s\src\hotspot\share\interpreter\linkResolver.cpp, line 771]

VM Operations (20 events):
Event: 30.245 Executing VM operation: HandshakeAllThreads
Event: 30.245 Executing VM operation: HandshakeAllThreads done
Event: 30.972 Executing VM operation: HandshakeAllThreads
Event: 30.972 Executing VM operation: HandshakeAllThreads done
Event: 31.980 Executing VM operation: Cleanup
Event: 32.046 Executing VM operation: Cleanup done
Event: 33.048 Executing VM operation: Cleanup
Event: 33.049 Executing VM operation: Cleanup done
Event: 34.062 Executing VM operation: Cleanup
Event: 34.180 Executing VM operation: Cleanup done
Event: 35.195 Executing VM operation: Cleanup
Event: 35.198 Executing VM operation: Cleanup done
Event: 36.201 Executing VM operation: Cleanup
Event: 36.201 Executing VM operation: Cleanup done
Event: 37.182 Executing VM operation: HandshakeAllThreads
Event: 37.182 Executing VM operation: HandshakeAllThreads done
Event: 38.191 Executing VM operation: Cleanup
Event: 38.191 Executing VM operation: Cleanup done
Event: 39.201 Executing VM operation: Cleanup
Event: 39.206 Executing VM operation: Cleanup done

Events (20 events):
Event: 37.057 loading class java/io/FileCustomizer done
Event: 37.200 Thread 0x0000012f3fe45e90 Thread added: 0x0000012f3fe45e90
Event: 37.280 loading class jdk/internal/reflect/UnsafeStaticIntegerFieldAccessorImpl
Event: 37.281 loading class jdk/internal/reflect/UnsafeStaticIntegerFieldAccessorImpl done
Event: 37.418 loading class java/util/BitSet$1BitSetSpliterator
Event: 37.418 loading class java/util/BitSet$1BitSetSpliterator done
Event: 37.420 Thread 0x0000012f3fa21550 Thread added: 0x0000012f3fa21550
Event: 37.729 loading class sun/nio/fs/WindowsException
Event: 37.729 loading class sun/nio/fs/WindowsException done
Event: 37.909 Thread 0x0000012f39876240 Thread added: 0x0000012f39876240
Event: 38.378 Thread 0x0000012f3fa21550 Thread exited: 0x0000012f3fa21550
Event: 38.378 Thread 0x0000012f3fe45e90 Thread exited: 0x0000012f3fe45e90
Event: 38.387 Thread 0x0000012f398780a0 Thread added: 0x0000012f398780a0
Event: 39.229 loading class jdk/internal/math/FDBigInteger
Event: 39.230 loading class jdk/internal/math/FDBigInteger done
Event: 39.260 loading class java/util/zip/GZIPOutputStream
Event: 39.260 loading class java/util/zip/GZIPOutputStream done
Event: 39.260 loading class java/util/zip/GZIPInputStream
Event: 39.260 loading class java/util/zip/GZIPInputStream done
Event: 39.352 Thread 0x0000012f39875d30 Thread added: 0x0000012f39875d30


Dynamic libraries:
0x00007ff7cff40000 - 0x00007ff7cff4a000 	C:\Users\mihai\.jdks\jbr-17.0.8\bin\java.exe
0x00007fff7ec90000 - 0x00007fff7eea6000 	C:\Windows\SYSTEM32\ntdll.dll
0x00007fff7d960000 - 0x00007fff7da24000 	C:\Windows\System32\KERNEL32.DLL
0x00007fff7c350000 - 0x00007fff7c6f6000 	C:\Windows\System32\KERNELBASE.dll
0x00007fff7c820000 - 0x00007fff7c931000 	C:\Windows\System32\ucrtbase.dll
0x00007fff757b0000 - 0x00007fff757cb000 	C:\Users\mihai\.jdks\jbr-17.0.8\bin\VCRUNTIME140.dll
0x00007fff74f00000 - 0x00007fff74f17000 	C:\Users\mihai\.jdks\jbr-17.0.8\bin\jli.dll
0x00007fff7cc30000 - 0x00007fff7cddd000 	C:\Windows\System32\USER32.dll
0x00007fff66840000 - 0x00007fff66ad3000 	C:\Windows\WinSxS\amd64_microsoft.windows.common-controls_6595b64144ccf1df_6.0.22621.3235_none_270f74e173860f98\COMCTL32.dll
0x00007fff7c320000 - 0x00007fff7c346000 	C:\Windows\System32\win32u.dll
0x00007fff7de70000 - 0x00007fff7df17000 	C:\Windows\System32\msvcrt.dll
0x00007fff7ebc0000 - 0x00007fff7ebe9000 	C:\Windows\System32\GDI32.dll
0x00007fff7c700000 - 0x00007fff7c818000 	C:\Windows\System32\gdi32full.dll
0x00007fff7c280000 - 0x00007fff7c31a000 	C:\Windows\System32\msvcp_win.dll
0x00007fff7e080000 - 0x00007fff7e0b1000 	C:\Windows\System32\IMM32.DLL
0x00007fff76790000 - 0x00007fff7679c000 	C:\Users\mihai\.jdks\jbr-17.0.8\bin\vcruntime140_1.dll
0x00007fff63d20000 - 0x00007fff63dad000 	C:\Users\mihai\.jdks\jbr-17.0.8\bin\msvcp140.dll
0x00007fff3bff0000 - 0x00007fff3cc73000 	C:\Users\mihai\.jdks\jbr-17.0.8\bin\server\jvm.dll
0x00007fff7d7f0000 - 0x00007fff7d8a2000 	C:\Windows\System32\ADVAPI32.dll
0x00007fff7d740000 - 0x00007fff7d7e8000 	C:\Windows\System32\sechost.dll
0x00007fff7c940000 - 0x00007fff7c968000 	C:\Windows\System32\bcrypt.dll
0x00007fff7d0b0000 - 0x00007fff7d1c5000 	C:\Windows\System32\RPCRT4.dll
0x00007fff78430000 - 0x00007fff78439000 	C:\Windows\SYSTEM32\WSOCK32.dll
0x00007fff73710000 - 0x00007fff73744000 	C:\Windows\SYSTEM32\WINMM.dll
0x00007fff7bea0000 - 0x00007fff7beed000 	C:\Windows\SYSTEM32\POWRPROF.dll
0x00007fff7d030000 - 0x00007fff7d0a1000 	C:\Windows\System32\WS2_32.dll
0x00007fff72fc0000 - 0x00007fff72fca000 	C:\Windows\SYSTEM32\VERSION.dll
0x00007fff7be80000 - 0x00007fff7be93000 	C:\Windows\SYSTEM32\UMPDC.dll
0x00007fff7afe0000 - 0x00007fff7aff8000 	C:\Windows\SYSTEM32\kernel.appcore.dll
0x00007fff74df0000 - 0x00007fff74dfa000 	C:\Users\mihai\.jdks\jbr-17.0.8\bin\jimage.dll
0x00007fff791b0000 - 0x00007fff793e3000 	C:\Windows\SYSTEM32\DBGHELP.DLL
0x00007fff7da30000 - 0x00007fff7ddb8000 	C:\Windows\System32\combase.dll
0x00007fff7d650000 - 0x00007fff7d727000 	C:\Windows\System32\OLEAUT32.dll
0x00007fff5d7c0000 - 0x00007fff5d7f2000 	C:\Windows\SYSTEM32\dbgcore.DLL
0x00007fff7c200000 - 0x00007fff7c27a000 	C:\Windows\System32\bcryptPrimitives.dll
0x00007fff6a220000 - 0x00007fff6a22e000 	C:\Users\mihai\.jdks\jbr-17.0.8\bin\instrument.dll
0x00007fff6a4c0000 - 0x00007fff6a4e5000 	C:\Users\mihai\.jdks\jbr-17.0.8\bin\java.dll
0x00007fff74dd0000 - 0x00007fff74de8000 	C:\Users\mihai\.jdks\jbr-17.0.8\bin\zip.dll
0x00007fff496d0000 - 0x00007fff497a7000 	C:\Users\mihai\.jdks\jbr-17.0.8\bin\jsvml.dll
0x00007fff7e250000 - 0x00007fff7eaad000 	C:\Windows\System32\SHELL32.dll
0x00007fff79ee0000 - 0x00007fff7a7d8000 	C:\Windows\SYSTEM32\windows.storage.dll
0x00007fff79da0000 - 0x00007fff79ede000 	C:\Windows\SYSTEM32\wintypes.dll
0x00007fff7eab0000 - 0x00007fff7eba3000 	C:\Windows\System32\SHCORE.dll
0x00007fff7ebf0000 - 0x00007fff7ec4e000 	C:\Windows\System32\shlwapi.dll
0x00007fff7bf00000 - 0x00007fff7bf26000 	C:\Windows\SYSTEM32\profapi.dll
0x00007fff6a530000 - 0x00007fff6a549000 	C:\Users\mihai\.jdks\jbr-17.0.8\bin\net.dll
0x00007fff735c0000 - 0x00007fff736f7000 	C:\Windows\SYSTEM32\WINHTTP.dll
0x00007fff7b490000 - 0x00007fff7b4f9000 	C:\Windows\system32\mswsock.dll
0x00007fff6a3f0000 - 0x00007fff6a406000 	C:\Users\mihai\.jdks\jbr-17.0.8\bin\nio.dll
0x00007fff6a240000 - 0x00007fff6a250000 	C:\Users\mihai\.jdks\jbr-17.0.8\bin\verify.dll
0x00007fff606f0000 - 0x00007fff60717000 	C:\Users\mihai\.gradle\native\68d5fa5c4cc2d200863cafc0d521ce42e7d3e7ee720ec0a83991735586a16f82\windows-amd64\native-platform.dll
0x00007fff48b70000 - 0x00007fff48cb4000 	C:\Users\mihai\.gradle\native\e376f236ea51e6404a007f0833ffe2c6e607c4080706a723a18a27aeea778392\windows-amd64\native-platform-file-events.dll
0x00007fff6a030000 - 0x00007fff6a039000 	C:\Users\mihai\.jdks\jbr-17.0.8\bin\management.dll
0x00007fff69f50000 - 0x00007fff69f5b000 	C:\Users\mihai\.jdks\jbr-17.0.8\bin\management_ext.dll
0x00007fff7e0c0000 - 0x00007fff7e0c8000 	C:\Windows\System32\PSAPI.DLL
0x00007fff7b6e0000 - 0x00007fff7b6fb000 	C:\Windows\SYSTEM32\CRYPTSP.dll
0x00007fff7af40000 - 0x00007fff7af75000 	C:\Windows\system32\rsaenh.dll
0x00007fff7b580000 - 0x00007fff7b5ac000 	C:\Windows\SYSTEM32\USERENV.dll
0x00007fff7b700000 - 0x00007fff7b70c000 	C:\Windows\SYSTEM32\CRYPTBASE.dll
0x00007fff7aa70000 - 0x00007fff7aa9d000 	C:\Windows\SYSTEM32\IPHLPAPI.DLL
0x00007fff7d730000 - 0x00007fff7d739000 	C:\Windows\System32\NSI.dll
0x00007fff73770000 - 0x00007fff73789000 	C:\Windows\SYSTEM32\dhcpcsvc6.DLL
0x00007fff731f0000 - 0x00007fff7320f000 	C:\Windows\SYSTEM32\dhcpcsvc.DLL
0x00007fff7aaa0000 - 0x00007fff7ab99000 	C:\Windows\SYSTEM32\DNSAPI.dll
0x00007fff606e0000 - 0x00007fff606ee000 	C:\Users\mihai\.jdks\jbr-17.0.8\bin\sunmscapi.dll
0x00007fff7c090000 - 0x00007fff7c1f6000 	C:\Windows\System32\CRYPT32.dll
0x00007fff7b8a0000 - 0x00007fff7b8ce000 	C:\Windows\SYSTEM32\ncrypt.dll
0x00007fff7b860000 - 0x00007fff7b897000 	C:\Windows\SYSTEM32\NTASN1.dll
0x00007ffef1f30000 - 0x00007ffef1f38000 	C:\Windows\system32\wshunix.dll

dbghelp: loaded successfully - version: 4.0.5 - missing functions: none
symbol engine: initialized successfully - sym options: 0x614 - pdb path: .;C:\Users\mihai\.jdks\jbr-17.0.8\bin;C:\Windows\SYSTEM32;C:\Windows\WinSxS\amd64_microsoft.windows.common-controls_6595b64144ccf1df_6.0.22621.3235_none_270f74e173860f98;C:\Users\mihai\.jdks\jbr-17.0.8\bin\server;C:\Users\mihai\.gradle\native\68d5fa5c4cc2d200863cafc0d521ce42e7d3e7ee720ec0a83991735586a16f82\windows-amd64;C:\Users\mihai\.gradle\native\e376f236ea51e6404a007f0833ffe2c6e607c4080706a723a18a27aeea778392\windows-amd64

VM Arguments:
jvm_args: --add-opens=java.base/java.util=ALL-UNNAMED --add-opens=java.base/java.lang=ALL-UNNAMED --add-opens=java.base/java.lang.invoke=ALL-UNNAMED --add-opens=java.prefs/java.util.prefs=ALL-UNNAMED --add-opens=java.base/java.nio.charset=ALL-UNNAMED --add-opens=java.base/java.net=ALL-UNNAMED --add-opens=java.base/java.util.concurrent.atomic=ALL-UNNAMED -XX:MaxMetaspaceSize=384m -XX:+HeapDumpOnOutOfMemoryError -Xms256m -Xmx512m -Dfile.encoding=windows-1251 -Duser.country=RU -Duser.language=ru -Duser.variant -javaagent:C:\Users\mihai\.gradle\wrapper\dists\gradle-8.2-bin\bbg7u40eoinfdyxsxr3z4i7ta\gradle-8.2\lib\agents\gradle-instrumentation-agent-8.2.jar 
java_command: org.gradle.launcher.daemon.bootstrap.GradleDaemon 8.2
java_class_path (initial): C:\Users\mihai\.gradle\wrapper\dists\gradle-8.2-bin\bbg7u40eoinfdyxsxr3z4i7ta\gradle-8.2\lib\gradle-launcher-8.2.jar
Launcher Type: SUN_STANDARD

[Global flags]
     intx CICompilerCount                          = 4                                         {product} {ergonomic}
   size_t CompressedClassSpaceSize                 = 335544320                                 {product} {ergonomic}
     uint ConcGCThreads                            = 2                                         {product} {ergonomic}
     uint G1ConcRefinementThreads                  = 8                                         {product} {ergonomic}
   size_t G1HeapRegionSize                         = 1048576                                   {product} {ergonomic}
    uintx GCDrainStackTargetSize                   = 64                                        {product} {ergonomic}
     bool HeapDumpOnOutOfMemoryError               = true                                   {manageable} {command line}
   size_t InitialHeapSize                          = 268435456                                 {product} {command line}
   size_t MarkStackSize                            = 4194304                                   {product} {ergonomic}
   size_t MaxHeapSize                              = 536870912                                 {product} {command line}
   size_t MaxMetaspaceSize                         = 402653184                                 {product} {command line}
   size_t MaxNewSize                               = 321912832                                 {product} {ergonomic}
   size_t MinHeapDeltaBytes                        = 1048576                                   {product} {ergonomic}
   size_t MinHeapSize                              = 268435456                                 {product} {command line}
    uintx NonNMethodCodeHeapSize                   = 5839372                                {pd product} {ergonomic}
    uintx NonProfiledCodeHeapSize                  = 122909434                              {pd product} {ergonomic}
    uintx ProfiledCodeHeapSize                     = 122909434                              {pd product} {ergonomic}
    uintx ReservedCodeCacheSize                    = 251658240                              {pd product} {ergonomic}
     bool SegmentedCodeCache                       = true                                      {product} {ergonomic}
   size_t SoftMaxHeapSize                          = 536870912                              {manageable} {ergonomic}
     bool UseCompressedClassPointers               = true                           {product lp64_product} {ergonomic}
     bool UseCompressedOops                        = true                           {product lp64_product} {ergonomic}
     bool UseG1GC                                  = true                                      {product} {ergonomic}
     bool UseLargePagesIndividualAllocation        = false                                  {pd product} {ergonomic}

Logging:
Log output configuration:
 #0: stdout all=warning uptime,level,tags
 #1: stderr all=off uptime,level,tags

Environment Variables:
PATH=C:\ProgramData\Oracle\Java\javapath;C:\Program Files (x86)\Common Files\Oracle\Java\javapath;C:\Program Files (x86)\NVIDIA Corporation\PhysX\Common;C:\Program Files\Eclipse Adoptium\jdk-17.0.6.10-hotspot\bin;C:\Windows\system32;C:\Windows;C:\Windows\System32\Wbem;C:\Windows\System32\WindowsPowerShell\v1.0\;C:\Windows\System32\OpenSSH\;C:\ProgramData\chocolatey\bin;C:\Windows\System32;C:\Program Files\Git\cmd;D:\flutter\flutter\bin;C:\Program Files\Git\usr\bin;C:\Program Files\dotnet\;C:\tools\lxrunoffline;;C:\Program Files\PowerShell\7\;C:\Program Files\Docker\Docker\resources\bin;C:\Program Files\Go\bin;C:\Users\mihai\AppData\Local\Microsoft\WindowsApps;D:\Games\programmmist\Microsoft VS Code\bin;C:\tools\flutter\bin;";C:\Program Files\Git\bin\git.exe;C:\Program Files\Git\cmd";D:\flutter\flutter\bin;D:\atest\IntelliJ IDEA 2023.3.2\bin;;C:\Users\mihai\AppData\Local\Programs\Microsoft VS Code\bin;D:\tmp\PyCharm 2023.1.3\bin;;D:\flutter\andros;C:\Users\mihai\go\bin
USERNAME=mihai
OS=Windows_NT
PROCESSOR_IDENTIFIER=AMD64 Family 23 Model 24 Stepping 1, AuthenticAMD
TMP=C:\Users\mihai\AppData\Local\Temp
TEMP=C:\Users\mihai\AppData\Local\Temp


JNI global refs:
JNI global refs: 25, weak refs: 0

JNI global refs memory usage: 843, weak refs: 841

OOME stack traces (most recent first):
Classloader memory used:
Loader org.gradle.internal.classloader.VisitableURLClassLoader                         : 2698K
Loader bootstrap                                                                       : 2319K
Loader org.gradle.initialization.MixInLegacyTypesClassLoader                           : 434K
Loader jdk.internal.loader.ClassLoaders$PlatformClassLoader                            : 70683B
Loader jdk.internal.loader.ClassLoaders$AppClassLoader                                 : 28451B
Loader org.gradle.groovy.scripts.internal.DefaultScriptCompilationHandler$ScriptClassLoader: 10579B
Loader jdk.internal.reflect.DelegatingClassLoader                                      : 5675B
Loader org.codehaus.groovy.runtime.callsite.CallSiteClassLoader                        : 2065B

Classes loaded by more than one classloader:
Class org.gradle.internal.installation.GradleInstallation                             : loaded 2 times (x 73B)
Class org.gradle.internal.classpath.ClassPath                                         : loaded 2 times (x 68B)
Class org.gradle.api.internal.classpath.DefaultModuleRegistry                         : loaded 2 times (x 84B)
Class org.gradle.api.Action                                                           : loaded 2 times (x 68B)
Class org.gradle.api.internal.DefaultClassPathProvider                                : loaded 2 times (x 74B)
Class org.gradle.internal.installation.GradleInstallation$1                           : loaded 2 times (x 73B)
Class org.gradle.internal.classloader.FilteringClassLoader                            : loaded 2 times (x 103B)
Class org.gradle.internal.classpath.DefaultClassPath$ImmutableUniqueList$Builder      : loaded 2 times (x 73B)
Class org.gradle.internal.classloader.ClassLoaderVisitor                              : loaded 2 times (x 74B)
Class org.gradle.internal.service.DefaultServiceLocator                               : loaded 2 times (x 81B)
Class org.gradle.internal.service.UnknownServiceException                             : loaded 2 times (x 81B)
Class org.gradle.internal.classloader.DefaultClassLoaderFactory                       : loaded 2 times (x 80B)
Class org.gradle.internal.classloader.VisitableURLClassLoader$Spec                    : loaded 2 times (x 72B)
Class org.gradle.api.GradleException                                                  : loaded 2 times (x 80B)
Class org.gradle.api.internal.classpath.ModuleRegistry                                : loaded 2 times (x 68B)
Class org.gradle.api.internal.ClassPathProvider                                       : loaded 2 times (x 68B)
Class org.gradle.internal.classloader.ClasspathUtil$1                                 : loaded 2 times (x 74B)
Class org.gradle.internal.classloader.ClassLoaderFactory                              : loaded 2 times (x 68B)
Class org.gradle.api.internal.classpath.ManifestUtil                                  : loaded 2 times (x 69B)
Class org.gradle.api.specs.Spec                                                       : loaded 2 times (x 68B)
Class org.gradle.internal.IoActions                                                   : loaded 2 times (x 69B)
Class org.gradle.api.internal.classpath.EffectiveClassPath                            : loaded 2 times (x 88B)
Class org.gradle.internal.installation.CurrentGradleInstallation                      : loaded 2 times (x 71B)
Class org.gradle.internal.agents.InstrumentingClassLoader                             : loaded 2 times (x 68B)
Class org.gradle.internal.installation.CurrentGradleInstallationLocator               : loaded 2 times (x 69B)
Class org.gradle.api.internal.classpath.Module                                        : loaded 2 times (x 68B)
Class org.gradle.internal.service.CachingServiceLocator                               : loaded 2 times (x 80B)
Class org.gradle.internal.classpath.DefaultClassPath                                  : loaded 2 times (x 88B)
Class org.gradle.internal.classloader.SystemClassLoaderSpec                           : loaded 2 times (x 69B)
Class org.gradle.api.UncheckedIOException                                             : loaded 2 times (x 80B)
Class org.gradle.internal.classloader.ClasspathUtil                                   : loaded 2 times (x 69B)
Class org.gradle.api.internal.DefaultClassPathRegistry                                : loaded 2 times (x 74B)
Class org.gradle.api.internal.classpath.DefaultModuleRegistry$DefaultModule           : loaded 2 times (x 84B)
Class org.gradle.api.internal.classpath.UnknownModuleException                        : loaded 2 times (x 80B)
Class org.gradle.internal.service.ServiceLookupException                              : loaded 2 times (x 80B)
Class org.gradle.cache.GlobalCache                                                    : loaded 2 times (x 68B)
Class [Lorg.gradle.api.internal.ClassPathProvider;                                    : loaded 2 times (x 67B)
Class org.gradle.util.internal.GUtil                                                  : loaded 2 times (x 69B)
Class org.gradle.internal.classloader.ClassLoaderSpec                                 : loaded 2 times (x 69B)
Class org.gradle.internal.classloader.VisitableURLClassLoader                         : loaded 2 times (x 115B)
Class org.gradle.internal.Cast                                                        : loaded 2 times (x 69B)
Class org.gradle.api.internal.ClassPathRegistry                                       : loaded 2 times (x 68B)
Class org.gradle.internal.classloader.VisitableURLClassLoader$InstrumentingVisitableURLClassLoader: loaded 2 times (x 121B)
Class org.gradle.internal.classloader.ClassLoaderHierarchy                            : loaded 2 times (x 68B)
Class org.gradle.internal.InternalTransformer                                         : loaded 2 times (x 68B)
Class org.gradle.internal.service.ServiceLocator                                      : loaded 2 times (x 68B)
Class org.gradle.internal.classpath.DefaultClassPath$ImmutableUniqueList              : loaded 2 times (x 159B)
Class org.gradle.internal.classpath.TransformedClassPath                              : loaded 2 times (x 94B)


---------------  S Y S T E M  ---------------

OS:
 Windows 11 , 64 bit Build 22621 (10.0.22621.3235)
OS uptime: 0 days 18:37 hours
Hyper-V role detected

CPU: total 8 (initial active 8) (8 cores per cpu, 2 threads per core) family 23 model 24 stepping 1 microcode 0x0, cx8, cmov, fxsr, ht, mmx, 3dnowpref, sse, sse2, sse3, ssse3, sse4a, sse4.1, sse4.2, popcnt, lzcnt, tsc, tscinvbit, avx, avx2, aes, clmul, bmi1, bmi2, adx, sha, fma, vzeroupper, clflush, clflushopt, hv
Processor Information for all 8 processors :
  Max Mhz: 2300, Current Mhz: 2300, Mhz Limit: 2300

Memory: 4k page, system-wide physical 15295M (739M free)
TotalPageFile size 30655M (AvailPageFile size 758M)
current process WorkingSet (physical memory assigned to process): 260M, peak: 265M
current process commit charge ("private bytes"): 441M, peak: 449M

vm_info: OpenJDK 64-Bit Server VM (17.0.8+7-b1000.8) for windows-amd64 JRE (17.0.8+7-b1000.8), built on 2023-08-04 by "builduser" with MS VC++ 16.10 / 16.11 (VS2019)

END.
